recency,frequency,monetary,total_transactions,total_spent,total_refund,avg_transaction,std_transaction,unique_categories,refund_ratio,CustomerId,is_high_risk
83.0,1.0,0.0,1.0,0.0,10000.0,-10000.0,0.0,1.0,10000000000.0,CustomerId_1,1
83.0,1.0,0.0,1.0,0.0,10000.0,-10000.0,0.0,1.0,10000000000.0,CustomerId_10,1
89.0,5.0,25200.0,5.0,25200.0,5200.0,4000.0,6558.963332722634,2.0,0.2063492063410179,CustomerId_1001,1
25.0,11.0,4500.0,11.0,4500.0,275.0,384.09090909090907,560.4989660196449,2.0,0.06111111109753086,CustomerId_1002,0
11.0,6.0,26000.0,6.0,26000.0,6000.0,3333.3333333333335,6030.478145774734,2.0,0.23076923076035502,CustomerId_1003,0
52.0,1.0,2000.0,1.0,2000.0,-0.0,2000.0,0.0,1.0,-0.0,CustomerId_1004,1
46.0,9.0,55000.0,9.0,55000.0,6200.0,5422.222222222223,5983.6815126178335,2.0,0.11272727272522313,CustomerId_1005,1
64.0,1.0,1000.0,1.0,1000.0,-0.0,1000.0,0.0,1.0,-0.0,CustomerId_1006,1
81.0,1.0,28000.0,1.0,28000.0,-0.0,28000.0,0.0,1.0,-0.0,CustomerId_1007,1
65.0,2.0,20000.0,2.0,20000.0,-0.0,10000.0,0.0,1.0,-0.0,CustomerId_1008,1
27.0,1.0,500.0,1.0,500.0,-0.0,500.0,0.0,1.0,-0.0,CustomerId_1009,0
41.0,7.0,28000.0,7.0,28000.0,1665.0,3762.1428571428573,4971.798816946486,3.0,0.05946428571216199,CustomerId_1010,1
4.0,74.0,128900.0,74.0,128900.0,3994.0,1687.918918918919,3441.4863138083697,2.0,0.03098525989114829,CustomerId_1012,0
49.0,8.0,763880.0,8.0,763880.0,-0.0,95485.0,119332.84340149493,1.0,-0.0,CustomerId_1014,1
4.0,5.0,26000.0,5.0,26000.0,6000.0,4000.0,6745.368781616021,2.0,0.23076923076035502,CustomerId_1016,0
26.0,203.0,295400.0,203.0,295400.0,3205.0,1439.384236453202,2500.4482251946347,3.0,0.010849695328331585,CustomerId_1020,0
77.0,1.0,5000.0,1.0,5000.0,-0.0,5000.0,0.0,1.0,-0.0,CustomerId_1021,1
34.0,1.0,7000.0,1.0,7000.0,-0.0,7000.0,0.0,1.0,-0.0,CustomerId_1022,0
11.0,16.0,18500.0,16.0,18500.0,1300.0,1075.0,1803.6536992079898,2.0,0.07027027026647188,CustomerId_1025,0
0.0,14.0,27000.0,14.0,27000.0,230.0,1912.142857142857,3484.2705418482087,3.0,0.008518518518203018,CustomerId_1027,0
25.0,1.0,500.0,1.0,500.0,-0.0,500.0,0.0,1.0,-0.0,CustomerId_1028,0
7.0,9.0,57000.0,9.0,57000.0,6000.0,5666.666666666667,8692.669325356856,3.0,0.10526315789289012,CustomerId_1029,0
30.0,8.0,3500.0,8.0,3500.0,1150.0,293.75,713.8614811612364,2.0,0.32857142847755105,CustomerId_1030,0
14.0,50.0,123500.0,50.0,123500.0,16661.2,2136.776,4615.395748241059,4.0,0.13490850202319912,CustomerId_1031,0
33.0,2.0,2000.0,2.0,2000.0,-0.0,1000.0,0.0,2.0,-0.0,CustomerId_1032,0
66.0,2.0,1000.0,2.0,1000.0,50.0,475.0,742.4621202458749,2.0,0.04999999995,CustomerId_1033,1
8.0,16.0,50900.0,16.0,50900.0,10392.0,2531.75,7896.613345816885,4.0,0.20416502946553702,CustomerId_1034,0
90.0,3.0,1000.0,3.0,1000.0,1050.0,-16.666666666666668,1000.4165798972613,2.0,1.04999999895,CustomerId_1036,1
11.0,5.0,25000.0,5.0,25000.0,6000.0,3800.0,6685.805860178712,2.0,0.2399999999904,CustomerId_1038,0
11.0,30.0,260000.0,30.0,260000.0,11105.0,8296.5,10395.940284387541,3.0,0.04271153846137418,CustomerId_1039,0
37.0,1.0,50000.0,1.0,50000.0,-0.0,50000.0,0.0,1.0,-0.0,CustomerId_1040,1
46.0,6.0,25000.0,6.0,25000.0,11000.0,2333.3333333333335,6976.14984548545,2.0,0.43999999998239997,CustomerId_1043,1
47.0,16.0,22683.0,16.0,22683.0,834.5,1365.53125,2064.1874064527988,3.0,0.03678966626827185,CustomerId_1044,1
42.0,1.0,1000.0,1.0,1000.0,-0.0,1000.0,0.0,1.0,-0.0,CustomerId_1048,1
53.0,1.0,5000.0,1.0,5000.0,-0.0,5000.0,0.0,1.0,-0.0,CustomerId_1050,1
23.0,7.0,58000.0,7.0,58000.0,1100.0,8128.571428571428,18504.47822246589,2.0,0.018965517241052318,CustomerId_1052,0
89.0,7.0,13800.0,7.0,13800.0,12.0,1969.7142857142858,1911.4446294435452,2.0,0.0008695652173282924,CustomerId_1053,1
4.0,52.0,161850.0,52.0,161850.0,2850.0,3057.6923076923076,6112.9647232247835,2.0,0.017608897126860618,CustomerId_1054,0
81.0,5.0,6000.0,5.0,6000.0,150.0,1170.0,1338.6560424545207,2.0,0.02499999999583333,CustomerId_1055,1
55.0,4.0,5500.0,4.0,5500.0,-0.0,1375.0,1108.6778913041726,2.0,-0.0,CustomerId_1056,1
90.0,2.0,5000.0,2.0,5000.0,496.0,2252.0,3886.258869401265,2.0,0.09919999998015999,CustomerId_1057,1
4.0,29.0,14500.0,29.0,14500.0,685.0,476.37931034482756,597.271917841752,3.0,0.0472413793070868,CustomerId_1058,0
11.0,9.0,51000.0,9.0,51000.0,11000.0,4444.444444444444,6463.573143221772,2.0,0.2156862745055748,CustomerId_1059,0
1.0,12.0,14500.0,12.0,14500.0,1175.0,1110.4166666666667,1608.6590383033788,2.0,0.0810344827530321,CustomerId_1063,0
5.0,42.0,223115.0,42.0,223115.0,31465.0,4563.0952380952385,6424.71627468643,4.0,0.1410259283322904,CustomerId_1064,0
52.0,1.0,500.0,1.0,500.0,-0.0,500.0,0.0,1.0,-0.0,CustomerId_1068,1
25.0,1.0,5000.0,1.0,5000.0,-0.0,5000.0,0.0,1.0,-0.0,CustomerId_1070,0
2.0,7.0,239000.0,7.0,239000.0,2710.0,33755.71428571428,57242.85162275515,3.0,0.01133891213384377,CustomerId_1071,0
71.0,1.0,1000.0,1.0,1000.0,-0.0,1000.0,0.0,1.0,-0.0,CustomerId_1073,1
4.0,46.0,218100.0,46.0,218100.0,50600.0,3641.304347826087,5656.405458001928,2.0,0.23200366804111872,CustomerId_1074,0
46.0,6.0,30000.0,6.0,30000.0,11000.0,3166.6666666666665,7626.707459098367,2.0,0.3666666666544444,CustomerId_1078,1
44.0,1.0,20000.0,1.0,20000.0,-0.0,20000.0,0.0,1.0,-0.0,CustomerId_1079,1
30.0,1.0,5000.0,1.0,5000.0,-0.0,5000.0,0.0,1.0,-0.0,CustomerId_1080,0
13.0,2.0,1500.0,2.0,1500.0,-0.0,750.0,353.5533905932738,1.0,-0.0,CustomerId_1081,0
46.0,5.0,25000.0,5.0,25000.0,6000.0,3800.0,6685.805860178712,2.0,0.2399999999904,CustomerId_1082,1
31.0,1.0,500.0,1.0,500.0,-0.0,500.0,0.0,1.0,-0.0,CustomerId_1083,0
70.0,1.0,10000.0,1.0,10000.0,-0.0,10000.0,0.0,1.0,-0.0,CustomerId_1084,1
57.0,4.0,4000.0,4.0,4000.0,1100.0,725.0,1517.3990905493517,2.0,0.27499999993125,CustomerId_1085,1
4.0,32.0,78300.0,32.0,78300.0,724.0,2424.25,4114.986567610265,3.0,0.009246487867059432,CustomerId_1086,0
32.0,9.0,51000.0,9.0,51000.0,11000.0,4444.444444444444,6463.573143221772,2.0,0.2156862745055748,CustomerId_1087,0
36.0,152.0,172690.0,152.0,172690.0,3038.5,1116.1282894736842,1695.0127365720368,2.0,0.017595112629465545,CustomerId_1089,0
24.0,2.0,3000.0,2.0,3000.0,-0.0,1500.0,707.1067811865476,2.0,-0.0,CustomerId_1091,0
18.0,16.0,81000.0,16.0,81000.0,16000.0,4062.5,5801.9393309478855,2.0,0.19753086419509222,CustomerId_1092,0
32.0,55.0,61980.0,55.0,61980.0,19360.0,774.9090909090909,1912.920128366163,2.0,0.3123588254225176,CustomerId_1093,0
24.0,7.0,38500.0,7.0,38500.0,6040.0,4637.142857142857,9189.939633979675,3.0,0.156883116879042,CustomerId_1094,0
11.0,11.0,6000.0,11.0,6000.0,1125.0,443.1818181818182,764.5334287239268,2.0,0.18749999996875,CustomerId_1095,0
6.0,784.0,1993300.0,784.0,1993300.0,44074.0,2486.2576530612246,17819.372756509856,4.0,0.022111072091495453,CustomerId_1096,0
2.0,1.0,20000.0,1.0,20000.0,-0.0,20000.0,0.0,1.0,-0.0,CustomerId_1098,0
24.0,9.0,7200.0,9.0,7200.0,1020.0,686.6666666666666,843.8601779915912,2.0,0.14166666664699074,CustomerId_1099,0
83.0,1.0,0.0,1.0,0.0,10000.0,-10000.0,0.0,1.0,10000000000.0,CustomerId_11,1
52.0,9.0,60000.0,9.0,60000.0,-0.0,6666.666666666667,5873.670062235366,1.0,-0.0,CustomerId_1101,1
5.0,14.0,76000.0,14.0,76000.0,16000.0,4285.714285714285,6169.759644097497,2.0,0.2105263157867036,CustomerId_1102,0
47.0,1.0,30000.0,1.0,30000.0,-0.0,30000.0,0.0,1.0,-0.0,CustomerId_1103,1
4.0,10.0,61000.0,10.0,61000.0,21000.0,4000.0,9321.420969406376,3.0,0.34426229507632355,CustomerId_1104,0
26.0,1.0,500.0,1.0,500.0,-0.0,500.0,0.0,1.0,-0.0,CustomerId_1105,0
87.0,1.0,10000.0,1.0,10000.0,-0.0,10000.0,0.0,1.0,-0.0,CustomerId_1106,1
1.0,14.0,81000.0,14.0,81000.0,31000.0,3571.4285714285716,8741.715073003834,2.0,0.3827160493779912,CustomerId_1108,0
46.0,8.0,46000.0,8.0,46000.0,6200.0,4975.0,6193.718015630262,2.0,0.13478260869272213,CustomerId_1109,1
68.0,3.0,1000.0,3.0,1000.0,1020.0,-6.666666666666667,1000.0666644445926,2.0,1.01999999898,CustomerId_1111,1
11.0,6.0,26000.0,6.0,26000.0,6000.0,3333.3333333333335,6088.2400303098,2.0,0.23076923076035502,CustomerId_1112,0
64.0,23.0,36000.0,23.0,36000.0,6300.0,1291.304347826087,3184.930860313962,2.0,0.17499999999513888,CustomerId_1113,1
0.0,57.0,56000.0,57.0,56000.0,3075.0,928.5087719298245,963.8325492311376,3.0,0.054910714284733736,CustomerId_1114,0
4.0,8.0,7000.0,8.0,7000.0,1040.0,745.0,1039.2717230280607,2.0,0.14857142855020408,CustomerId_1116,0
73.0,1.0,4000.0,1.0,4000.0,-0.0,4000.0,0.0,1.0,-0.0,CustomerId_1117,1
0.0,24.0,106000.0,24.0,106000.0,36000.0,2916.6666666666665,6412.736421045005,2.0,0.33962264150623,CustomerId_1118,0
26.0,7.0,5500.0,7.0,5500.0,50.0,778.5714285714286,410.13934914158835,2.0,0.009090909089256197,CustomerId_1119,0
62.0,2.0,2000.0,2.0,2000.0,40.0,980.0,1442.497833620557,2.0,0.01999999999,CustomerId_1120,1
15.0,7.0,13439.0,7.0,13439.0,1341.98,1728.1457142857143,2428.372158867315,2.0,0.09985713221966983,CustomerId_1121,0
64.0,1.0,1850000.0,1.0,1850000.0,-0.0,1850000.0,0.0,1.0,-0.0,CustomerId_1122,1
46.0,1.0,1000.0,1.0,1000.0,-0.0,1000.0,0.0,1.0,-0.0,CustomerId_1123,1
32.0,6.0,30000.0,6.0,30000.0,11000.0,3166.6666666666665,7626.707459098367,2.0,0.3666666666544444,CustomerId_1124,0
31.0,1.0,5000.0,1.0,5000.0,-0.0,5000.0,0.0,1.0,-0.0,CustomerId_1125,0
4.0,37.0,93800.0,37.0,93800.0,1665.0,2490.135135135135,2946.553053637062,3.0,0.017750533048851276,CustomerId_1127,0
74.0,2.0,1000.0,2.0,1000.0,-0.0,500.0,0.0,2.0,-0.0,CustomerId_1129,1
77.0,4.0,5000.0,4.0,5000.0,1040.0,990.0,1833.1393836803572,2.0,0.2079999999584,CustomerId_1130,1
1.0,11.0,18000.0,11.0,18000.0,1450.0,1504.5454545454545,2194.9321795279398,3.0,0.08055555555108025,CustomerId_1131,0
0.0,9.0,3500.0,9.0,3500.0,120.0,375.55555555555554,430.80915470516385,2.0,0.034285714275918366,CustomerId_1134,0
23.0,14.0,73000.0,14.0,73000.0,2000.0,5071.428571428572,10547.561043011032,2.0,0.0273972602735973,CustomerId_1135,0
53.0,20.0,120700.0,20.0,120700.0,40700.0,4000.0,8911.199340392432,2.0,0.3371996685970406,CustomerId_1137,1
44.0,3.0,5000.0,3.0,5000.0,1250.0,1250.0,3269.174207655505,2.0,0.24999999995,CustomerId_1140,1
8.0,49.0,186400.0,49.0,186400.0,40935.0,2968.673469387755,5077.606347925152,2.0,0.21960836909753428,CustomerId_1141,0
38.0,4.0,9500.0,4.0,9500.0,-0.0,2375.0,1887.4586088176875,1.0,-0.0,CustomerId_1145,1
46.0,6.0,30000.0,6.0,30000.0,11000.0,3166.6666666666665,7626.707459098367,2.0,0.3666666666544444,CustomerId_1146,1
11.0,18.0,96000.0,18.0,96000.0,16000.0,4444.444444444444,5843.268849682788,2.0,0.16666666666493057,CustomerId_1147,0
73.0,2.0,2000.0,2.0,2000.0,-0.0,1000.0,0.0,1.0,-0.0,CustomerId_1150,1
57.0,1.0,3000.0,1.0,3000.0,-0.0,3000.0,0.0,1.0,-0.0,CustomerId_1153,1
0.0,9.0,5600.0,9.0,5600.0,125.0,608.3333333333334,846.869234297716,3.0,0.0223214285674426,CustomerId_1154,0
1.0,368.0,1577997.0,368.0,1577997.0,89773.0,4044.086956521739,8121.07295048366,4.0,0.05689047571062753,CustomerId_1156,0
88.0,8.0,40700.0,8.0,40700.0,10700.0,3750.0,7094.061903149301,2.0,0.26289926289280346,CustomerId_1158,1
4.0,5.0,26000.0,5.0,26000.0,6000.0,4000.0,6745.368781616021,2.0,0.23076923076035502,CustomerId_1159,0
0.0,15.0,74890.0,15.0,74890.0,26000.0,3259.3333333333335,6929.972651632974,3.0,0.34717585792032085,CustomerId_1160,0
24.0,1.0,2500.0,1.0,2500.0,-0.0,2500.0,0.0,1.0,-0.0,CustomerId_1161,0
5.0,7.0,5600.0,7.0,5600.0,1135.0,637.8571428571429,1176.4277040503353,2.0,0.20267857139237883,CustomerId_1162,0
0.0,14.0,76000.0,14.0,76000.0,26000.0,3571.4285714285716,7303.4689936125105,2.0,0.3421052631533934,CustomerId_1163,0
67.0,6.0,30000.0,6.0,30000.0,11000.0,3166.6666666666665,7626.707459098367,2.0,0.3666666666544444,CustomerId_1164,1
35.0,5.0,60000.0,5.0,60000.0,6000.0,10800.0,14515.508947329405,2.0,0.09999999999833334,CustomerId_1165,0
4.0,3.0,1000.0,3.0,1000.0,1050.0,-16.666666666666668,1000.4165798972613,2.0,1.04999999895,CustomerId_1169,0
9.0,18.0,126000.0,18.0,126000.0,18926.0,5948.555555555556,14101.364348768951,3.0,0.1502063492051571,CustomerId_1170,0
44.0,6.0,5500.0,6.0,5500.0,1575.0,654.1666666666666,1373.9010760119036,3.0,0.28636363631157025,CustomerId_1171,1
13.0,84.0,240400.0,84.0,240400.0,4640.3,2806.6630952380956,4417.996239581807,5.0,0.01930241264551039,CustomerId_1172,0
89.0,1.0,1000.0,1.0,1000.0,-0.0,1000.0,0.0,1.0,-0.0,CustomerId_1174,1
0.0,241.0,9003995.0,241.0,9003995.0,61292.5,37106.64937759336,359409.4007452866,5.0,0.006807256112424895,CustomerId_1175,0
3.0,4.0,28878.0,4.0,28878.0,-0.0,7219.5,12439.0,1.0,-0.0,CustomerId_1177,0
20.0,3.0,2000.0,3.0,2000.0,1100.0,300.0,1539.4804318340653,2.0,0.549999999725,CustomerId_1179,0
11.0,67.0,148980.0,67.0,148980.0,5574.0,2140.3880597014927,3254.1012488914794,4.0,0.037414418042439154,CustomerId_1180,0
5.0,4.0,16000.0,4.0,16000.0,6000.0,2500.0,6757.711644237764,2.0,0.37499999997656247,CustomerId_1182,0
19.0,18.0,55420.0,18.0,55420.0,10345.0,2504.1666666666665,5054.265016096918,4.0,0.18666546372813667,CustomerId_1183,0
74.0,1.0,1000.0,1.0,1000.0,-0.0,1000.0,0.0,1.0,-0.0,CustomerId_1184,1
76.0,4.0,7000.0,4.0,7000.0,1100.0,1475.0,2665.0515942472857,2.0,0.15714285712040815,CustomerId_1186,1
54.0,7.0,50000.0,7.0,50000.0,11000.0,5571.428571428572,9431.456989902512,2.0,0.2199999999956,CustomerId_1187,1
37.0,2.0,3000.0,2.0,3000.0,-0.0,1500.0,707.1067811865476,1.0,-0.0,CustomerId_1189,1
11.0,15.0,96000.0,15.0,96000.0,16000.0,5333.333333333333,6183.695920571712,2.0,0.16666666666493057,CustomerId_1190,0
4.0,6.0,26500.0,6.0,26500.0,6000.0,3416.6666666666665,6200.134407145273,2.0,0.22641509433107868,CustomerId_1191,0
4.0,22.0,42600.0,22.0,42600.0,1035.0,1889.3181818181818,3086.743659222275,3.0,0.024295774647317,CustomerId_1192,0
53.0,4.0,15000.0,4.0,15000.0,6000.0,2250.0,6601.767440112787,2.0,0.3999999999733333,CustomerId_1193,1
54.0,4.0,15000.0,4.0,15000.0,6000.0,2250.0,6601.767440112787,2.0,0.3999999999733333,CustomerId_1194,1
53.0,6.0,25000.0,6.0,25000.0,6000.0,3166.6666666666665,6047.037842337905,2.0,0.2399999999904,CustomerId_1195,1
47.0,6.0,25500.0,6.0,25500.0,6500.0,3166.6666666666665,6266.31204670392,2.0,0.2549019607743176,CustomerId_1196,1
54.0,4.0,15000.0,4.0,15000.0,6000.0,2250.0,6601.767440112787,2.0,0.3999999999733333,CustomerId_1197,1
54.0,4.0,15000.0,4.0,15000.0,6000.0,2250.0,6601.767440112787,2.0,0.3999999999733333,CustomerId_1198,1
83.0,1.0,0.0,1.0,0.0,10000.0,-10000.0,0.0,1.0,10000000000.0,CustomerId_12,1
47.0,4.0,15000.0,4.0,15000.0,6000.0,2250.0,6601.767440112787,2.0,0.3999999999733333,CustomerId_1200,1
1.0,173.0,616202.0,173.0,616202.0,73684.5,3135.9393063583816,8880.120804886395,4.0,0.11957848238058368,CustomerId_1201,0
0.0,29.0,166000.0,29.0,166000.0,36000.0,4482.758620689655,6598.813148996527,2.0,0.21686746987821162,CustomerId_1202,0
0.0,45.0,44400.0,45.0,44400.0,5870.0,856.2222222222222,1996.2786844172297,2.0,0.13220720720422957,CustomerId_1203,0
46.0,4.0,15000.0,4.0,15000.0,6000.0,2250.0,6601.767440112787,2.0,0.3999999999733333,CustomerId_1204,1
84.0,9.0,20000.0,9.0,20000.0,230.0,2196.6666666666665,3365.0334322261942,3.0,0.011499999999425,CustomerId_1208,1
19.0,6.0,36000.0,6.0,36000.0,6000.0,5000.0,6511.528238439882,2.0,0.16666666666203703,CustomerId_1209,0
76.0,3.0,37000.0,3.0,37000.0,12000.0,8333.333333333334,25181.01136438593,2.0,0.3243243243155588,CustomerId_1210,1
84.0,2.0,200000.0,2.0,200000.0,-0.0,100000.0,0.0,1.0,-0.0,CustomerId_1211,1
50.0,17.0,41000.0,17.0,41000.0,2000.0,2294.1176470588234,4928.992111506582,2.0,0.04878048780368828,CustomerId_1212,1
6.0,44.0,106500.0,44.0,106500.0,1675.0,2382.3863636363635,5690.768175619785,2.0,0.015727699530368754,CustomerId_1214,0
73.0,1.0,1000.0,1.0,1000.0,-0.0,1000.0,0.0,1.0,-0.0,CustomerId_1215,1
47.0,9.0,40500.0,9.0,40500.0,11500.0,3222.222222222222,6255.553088612104,2.0,0.2839506172769395,CustomerId_1217,1
0.0,72.0,140500.0,72.0,140500.0,1445.0,1931.3194444444443,1964.8128235863244,2.0,0.010284697508823597,CustomerId_1218,0
25.0,6.0,4000.0,6.0,4000.0,150.0,641.6666666666666,841.080654079421,2.0,0.037499999990625,CustomerId_1219,0
18.0,13.0,51000.0,13.0,51000.0,11000.0,3076.923076923077,5488.040610599537,2.0,0.2156862745055748,CustomerId_1220,0
5.0,5.0,26000.0,5.0,26000.0,6000.0,4000.0,6745.368781616021,2.0,0.23076923076035502,CustomerId_1221,0
9.0,45.0,85055.0,45.0,85055.0,2075.0,1844.0,7714.81533685792,4.0,0.024395979072078116,CustomerId_1222,0
3.0,3.0,21500.0,3.0,21500.0,-0.0,7166.666666666667,11116.804097101529,1.0,-0.0,CustomerId_1223,0
5.0,1.0,10000.0,1.0,10000.0,-0.0,10000.0,0.0,1.0,-0.0,CustomerId_1224,0
8.0,1.0,1000.0,1.0,1000.0,-0.0,1000.0,0.0,1.0,-0.0,CustomerId_1225,0
43.0,8.0,12000.0,8.0,12000.0,1300.0,1337.5,2290.4693842092715,2.0,0.10833333332430556,CustomerId_1226,1
13.0,26.0,79830.0,26.0,79830.0,6596.4,2816.6769230769232,3686.5900224796023,2.0,0.08263059000272291,CustomerId_1227,0
11.0,5.0,26000.0,5.0,26000.0,6000.0,4000.0,6745.368781616021,2.0,0.23076923076035502,CustomerId_1228,0
15.0,3.0,1000.0,3.0,1000.0,1050.0,-16.666666666666668,1000.4165798972613,2.0,1.04999999895,CustomerId_1229,0
36.0,1.0,2000.0,1.0,2000.0,-0.0,2000.0,0.0,1.0,-0.0,CustomerId_1231,1
15.0,1.0,5000.0,1.0,5000.0,-0.0,5000.0,0.0,1.0,-0.0,CustomerId_1232,0
27.0,1.0,1000.0,1.0,1000.0,-0.0,1000.0,0.0,1.0,-0.0,CustomerId_1233,0
53.0,12.0,60700.0,12.0,60700.0,20700.0,3333.3333333333335,7270.404932243312,2.0,0.3410214167983357,CustomerId_1234,1
46.0,6.0,25000.0,6.0,25000.0,6000.0,3166.6666666666665,6104.643041707408,2.0,0.2399999999904,CustomerId_1235,1
44.0,8.0,10000.0,8.0,10000.0,1235.0,1095.625,2169.185886620666,2.0,0.12349999998765,CustomerId_1236,1
28.0,1.0,1000.0,1.0,1000.0,-0.0,1000.0,0.0,1.0,-0.0,CustomerId_1237,0
4.0,5.0,26000.0,5.0,26000.0,6000.0,4000.0,6745.368781616021,2.0,0.23076923076035502,CustomerId_1238,0
44.0,6.0,40000.0,6.0,40000.0,6000.0,5666.666666666667,7527.72652709081,2.0,0.14999999999625,CustomerId_1240,1
25.0,7.0,36000.0,7.0,36000.0,6000.0,4285.714285714285,6102.302453836194,2.0,0.16666666666203703,CustomerId_1241,0
5.0,152.0,1017100.0,152.0,1017100.0,174596.0,5542.789473684211,9263.462969135824,4.0,0.17166060367695246,CustomerId_1242,0
87.0,1.0,5000.0,1.0,5000.0,-0.0,5000.0,0.0,1.0,-0.0,CustomerId_1244,1
4.0,29.0,166000.0,29.0,166000.0,31000.0,4655.172413793103,6136.98310054335,3.0,0.18674698795068223,CustomerId_1245,0
25.0,19.0,100000.0,19.0,100000.0,21000.0,4157.894736842105,6048.536626460769,2.0,0.2099999999979,CustomerId_1246,0
0.0,13.0,86000.0,13.0,86000.0,26000.0,4615.384615384615,9197.26826779254,2.0,0.30232558139183346,CustomerId_1247,0
3.0,273.0,679100.0,273.0,679100.0,17200.85,2424.539010989011,4614.518775738537,5.0,0.025328891179464984,CustomerId_1250,0
12.0,19.0,101000.0,19.0,101000.0,21000.0,4210.526315789473,6058.317949255305,2.0,0.2079207920771493,CustomerId_1252,0
12.0,5.0,26000.0,5.0,26000.0,6000.0,4000.0,6745.368781616021,2.0,0.23076923076035502,CustomerId_1253,0
32.0,6.0,31000.0,6.0,31000.0,11000.0,3333.3333333333335,7814.516406449389,2.0,0.3548387096659729,CustomerId_1256,0
12.0,12.0,17210.0,12.0,17210.0,185.0,1418.75,1903.8359901190877,3.0,0.010749564206231866,CustomerId_1257,0
11.0,7.0,36000.0,7.0,36000.0,6000.0,4285.714285714285,6163.448323633065,2.0,0.16666666666203703,CustomerId_1258,0
68.0,16.0,17500.0,16.0,17500.0,286.5,1075.84375,1617.5299246974278,2.0,0.01637142857049306,CustomerId_1259,1
5.0,9.0,51000.0,9.0,51000.0,11000.0,4444.444444444444,6463.573143221772,2.0,0.2156862745055748,CustomerId_1260,0
25.0,9.0,10100.0,9.0,10100.0,60.0,1115.5555555555557,791.5034919555173,2.0,0.005940594058817763,CustomerId_1262,0
53.0,5.0,25000.0,5.0,25000.0,6000.0,3800.0,6685.805860178712,2.0,0.2399999999904,CustomerId_1263,1
21.0,97.0,264700.0,97.0,264700.0,14200.0,2582.4742268041236,4735.234238514465,2.0,0.05364563656949888,CustomerId_1265,0
15.0,20.0,9795.0,20.0,9795.0,325.0,473.5,476.74085424396253,2.0,0.03318019397313117,CustomerId_1266,0
24.0,3.0,1000.0,3.0,1000.0,1020.0,-6.666666666666667,1000.0666644445926,2.0,1.01999999898,CustomerId_1267,0
15.0,1.0,1000000.0,1.0,1000000.0,-0.0,1000000.0,0.0,1.0,-0.0,CustomerId_1268,0
75.0,3.0,5000.0,3.0,5000.0,3000.0,666.6666666666666,3785.9388972001825,2.0,0.59999999988,CustomerId_1269,1
9.0,33.0,53100.0,33.0,53100.0,2196.0,1542.5454545454545,1915.43306282987,3.0,0.041355932202611,CustomerId_1270,0
17.0,6.0,5600.0,6.0,5600.0,50.0,925.0,503.7360419902471,2.0,0.00892857142697704,CustomerId_1271,0
53.0,3.0,4500.0,3.0,4500.0,-0.0,1500.0,866.0254037844386,2.0,-0.0,CustomerId_1272,1
67.0,6.0,30000.0,6.0,30000.0,11000.0,3166.6666666666665,7626.707459098367,2.0,0.3666666666544444,CustomerId_1273,1
43.0,1.0,5000.0,1.0,5000.0,-0.0,5000.0,0.0,1.0,-0.0,CustomerId_1274,1
0.0,253.0,730500.0,253.0,730500.0,18343.5,2814.8478260869565,9503.242723171974,5.0,0.025110882956844476,CustomerId_1275,0
5.0,86.0,764500.0,86.0,764500.0,183000.0,6761.627906976744,21603.4755842374,3.0,0.2393721386524011,CustomerId_1276,0
1.0,60.0,168000.0,60.0,168000.0,7090.0,2681.8333333333335,7224.056208761435,4.0,0.04220238095212975,CustomerId_1277,0
53.0,7.0,40000.0,7.0,40000.0,11000.0,4142.857142857143,7425.823667638301,2.0,0.274999999993125,CustomerId_1279,1
21.0,44.0,109500.0,44.0,109500.0,4297.0,2390.9772727272725,3286.966782214027,3.0,0.03924200913206172,CustomerId_1280,0
4.0,30.0,225900.0,30.0,225900.0,45900.0,6000.0,9098.806287753849,2.0,0.20318725099511648,CustomerId_1281,0
12.0,1.0,10000.0,1.0,10000.0,-0.0,10000.0,0.0,1.0,-0.0,CustomerId_1282,0
74.0,19.0,18000.0,19.0,18000.0,95.0,942.3684210526316,382.45685457844144,2.0,0.005277777777484568,CustomerId_1283,1
75.0,4.0,3000.0,4.0,3000.0,50.0,737.5,525.0,2.0,0.01666666666111111,CustomerId_1285,1
16.0,28.0,76060.0,28.0,76060.0,1791.0,2652.464285714286,3371.4044631626152,4.0,0.023547199578969932,CustomerId_1286,0
61.0,7.0,40000.0,7.0,40000.0,11000.0,4142.857142857143,7425.823667638301,2.0,0.274999999993125,CustomerId_1287,1
1.0,14.0,16500.0,14.0,16500.0,130.0,1169.2857142857142,837.3260029193141,2.0,0.007878787878310376,CustomerId_1288,0
4.0,12.0,65900.0,12.0,65900.0,1722.0,5348.166666666667,6787.470031185584,3.0,0.026130500758328828,CustomerId_1294,0
61.0,15.0,98000.0,15.0,98000.0,5850.0,6143.333333333333,6625.676964514286,3.0,0.05969387755041129,CustomerId_1295,1
51.0,3.0,500.0,3.0,500.0,1025.0,-175.0,761.1668673819164,2.0,2.0499999959,CustomerId_1296,1
64.0,1.0,5000.0,1.0,5000.0,-0.0,5000.0,0.0,1.0,-0.0,CustomerId_1297,1
28.0,20.0,419000.0,20.0,419000.0,11020.0,20399.0,43873.992044202416,3.0,0.02630071599039069,CustomerId_1298,0
28.0,36.0,229000.0,36.0,229000.0,12220.0,6021.666666666667,14360.298743410596,3.0,0.053362445414614136,CustomerId_1299,0
83.0,1.0,0.0,1.0,0.0,10000.0,-10000.0,0.0,1.0,10000000000.0,CustomerId_13,1
19.0,6.0,26000.0,6.0,26000.0,6000.0,3333.3333333333335,6088.2400303098,2.0,0.23076923076035502,CustomerId_1300,0
11.0,18.0,111000.0,18.0,111000.0,21000.0,5000.0,6240.28656958863,2.0,0.18918918918748479,CustomerId_1301,0
24.0,18.0,7741500.0,18.0,7741500.0,1215.0,430015.8333333333,1235636.027663308,3.0,0.0001569463282309427,CustomerId_1302,0
4.0,21.0,126000.0,21.0,126000.0,26000.0,4761.9047619047615,6268.211562357815,2.0,0.20634920634756868,CustomerId_1303,0
19.0,3.0,150000.0,3.0,150000.0,-0.0,50000.0,0.0,1.0,-0.0,CustomerId_1304,0
64.0,61.0,63800.0,61.0,63800.0,1940.0,1014.0983606557377,1984.3446668435909,2.0,0.03040752351049518,CustomerId_1306,1
25.0,17.0,255000.0,17.0,255000.0,1350.0,14920.588235294117,32368.421430189534,2.0,0.005294117647038062,CustomerId_1307,0
34.0,15.0,149558.0,15.0,149558.0,1000.0,9903.866666666667,25991.4281745421,3.0,0.006686369167769785,CustomerId_1308,0
12.0,1.0,10000.0,1.0,10000.0,-0.0,10000.0,0.0,1.0,-0.0,CustomerId_1310,0
20.0,33.0,42585.0,33.0,42585.0,845.0,1264.8484848484848,1393.6521741725078,2.0,0.019842667605498587,CustomerId_1311,0
18.0,1.0,1000.0,1.0,1000.0,-0.0,1000.0,0.0,1.0,-0.0,CustomerId_1312,0
46.0,6.0,30000.0,6.0,30000.0,11000.0,3166.6666666666665,7626.707459098367,2.0,0.3666666666544444,CustomerId_1313,1
15.0,2.0,30000.0,2.0,30000.0,-0.0,15000.0,7071.067811865475,1.0,-0.0,CustomerId_1316,0
9.0,10.0,56000.0,10.0,56000.0,11000.0,4500.0,6186.903731090195,2.0,0.19642857142506379,CustomerId_1317,0
64.0,7.0,6026.0,7.0,6026.0,1040.0,712.2857142857143,1130.3754117232786,2.0,0.17258546296505384,CustomerId_1318,1
78.0,2.0,10000.0,2.0,10000.0,-0.0,5000.0,0.0,1.0,-0.0,CustomerId_1320,1
62.0,2.0,60000.0,2.0,60000.0,-0.0,30000.0,28284.2712474619,2.0,-0.0,CustomerId_1321,1
61.0,6.0,4000.0,6.0,4000.0,1050.0,491.6666666666667,842.8621872326856,2.0,0.262499999934375,CustomerId_1322,1
11.0,15.0,76000.0,15.0,76000.0,16000.0,4000.0,6020.797289396148,2.0,0.2105263157867036,CustomerId_1323,0
4.0,45.0,709000.0,45.0,709000.0,34304.0,14993.244444444445,35146.98168933866,4.0,0.04838363892799946,CustomerId_1324,0
48.0,5.0,41500.0,5.0,41500.0,220.0,8256.0,10833.867268893413,3.0,0.0053012048191493685,CustomerId_1325,1
46.0,3.0,13000.0,3.0,13000.0,-0.0,4333.333333333333,1154.7005383792514,1.0,-0.0,CustomerId_1326,1
22.0,1.0,1000.0,1.0,1000.0,-0.0,1000.0,0.0,1.0,-0.0,CustomerId_1328,0
1.0,7.0,38000.0,7.0,38000.0,6000.0,4571.428571428572,8263.517065131184,3.0,0.15789473683795013,CustomerId_1329,0
11.0,7.0,51000.0,7.0,51000.0,11000.0,5714.285714285715,9516.902257112266,2.0,0.2156862745055748,CustomerId_1330,0
18.0,12.0,77000.0,12.0,77000.0,11000.0,5500.0,5916.079783099616,2.0,0.14285714285528758,CustomerId_1331,0
82.0,2.0,3000.0,2.0,3000.0,-0.0,1500.0,707.1067811865476,2.0,-0.0,CustomerId_1332,1
11.0,113.0,250745.0,113.0,250745.0,49896.5,1777.4203539823009,4404.376749004483,5.0,0.1989930008566512,CustomerId_1335,0
76.0,2.0,22000.0,2.0,22000.0,-0.0,11000.0,12727.922061357855,1.0,-0.0,CustomerId_1338,1
46.0,5.0,25000.0,5.0,25000.0,6000.0,3800.0,6685.805860178712,2.0,0.2399999999904,CustomerId_1339,1
59.0,11.0,22000.0,11.0,22000.0,440.0,1960.0,2140.1869077255847,2.0,0.019999999999090908,CustomerId_1341,1
51.0,1.0,1000.0,1.0,1000.0,-0.0,1000.0,0.0,1.0,-0.0,CustomerId_1343,1
53.0,7.0,8000.0,7.0,8000.0,-0.0,1142.857142857143,377.9644730092272,2.0,-0.0,CustomerId_1349,1
79.0,15.0,97000.0,15.0,97000.0,1900.0,6340.0,14258.721641758173,2.0,0.01958762886577745,CustomerId_1351,1
21.0,1.0,2000000.0,1.0,2000000.0,-0.0,2000000.0,0.0,1.0,-0.0,CustomerId_1353,0
57.0,5.0,10000.0,5.0,10000.0,-0.0,2000.0,0.0,2.0,-0.0,CustomerId_1355,1
89.0,1.0,5000.0,1.0,5000.0,-0.0,5000.0,0.0,1.0,-0.0,CustomerId_1356,1
26.0,1.0,100.0,1.0,100.0,-0.0,100.0,0.0,1.0,-0.0,CustomerId_1357,0
1.0,6.0,3000.0,6.0,3000.0,1050.0,325.0,986.6610360199697,2.0,0.34999999988333336,CustomerId_1358,0
11.0,9.0,51000.0,9.0,51000.0,11000.0,4444.444444444444,6463.573143221772,2.0,0.2156862745055748,CustomerId_1359,0
65.0,1.0,10000.0,1.0,10000.0,-0.0,10000.0,0.0,1.0,-0.0,CustomerId_1360,1
81.0,9.0,11000.0,9.0,11000.0,500.0,1166.6666666666667,2260.530911091463,2.0,0.04545454545041322,CustomerId_1361,1
1.0,20.0,112000.0,20.0,112000.0,32000.0,4000.0,7156.153038874272,2.0,0.28571428571173474,CustomerId_1362,0
53.0,1.0,5000.0,1.0,5000.0,-0.0,5000.0,0.0,1.0,-0.0,CustomerId_1363,1
32.0,4.0,20000.0,4.0,20000.0,1500.0,4625.0,6209.87117418711,2.0,0.07499999999625,CustomerId_1365,0
22.0,5.0,2000.0,5.0,2000.0,1100.0,180.0,843.0599029724993,2.0,0.549999999725,CustomerId_1366,0
4.0,6.0,26000.0,6.0,26000.0,6000.0,3333.3333333333335,6088.2400303098,2.0,0.23076923076035502,CustomerId_1367,0
67.0,6.0,30000.0,6.0,30000.0,11000.0,3166.6666666666665,7626.707459098367,2.0,0.3666666666544444,CustomerId_1369,1
65.0,7.0,113000.0,7.0,113000.0,150.0,16121.42857142857,23193.818449873972,3.0,0.001327433628306837,CustomerId_1370,1
18.0,1.0,500.0,1.0,500.0,-0.0,500.0,0.0,1.0,-0.0,CustomerId_1372,0
38.0,1.0,10000.0,1.0,10000.0,-0.0,10000.0,0.0,1.0,-0.0,CustomerId_1373,1
15.0,3.0,30000.0,3.0,30000.0,-0.0,10000.0,8660.254037844386,1.0,-0.0,CustomerId_1375,0
39.0,2.0,220000.0,2.0,220000.0,-0.0,110000.0,127279.22061357855,1.0,-0.0,CustomerId_1376,1
22.0,3.0,1000.0,3.0,1000.0,1020.0,-6.666666666666667,1000.0666644445926,2.0,1.01999999898,CustomerId_1377,0
0.0,13.0,76000.0,13.0,76000.0,26000.0,3846.153846153846,8060.667402539258,2.0,0.3421052631533934,CustomerId_1378,0
84.0,1.0,1000.0,1.0,1000.0,-0.0,1000.0,0.0,1.0,-0.0,CustomerId_1379,1
0.0,20.0,116000.0,20.0,116000.0,36000.0,4000.0,7262.013639842819,2.0,0.31034482758353155,CustomerId_1380,0
62.0,1.0,5000.0,1.0,5000.0,-0.0,5000.0,0.0,1.0,-0.0,CustomerId_1381,1
1.0,20.0,14100.0,20.0,14100.0,1105.0,649.75,897.6262189504986,2.0,0.07836879432068307,CustomerId_1382,0
24.0,3.0,7000.0,3.0,7000.0,-0.0,2333.3333333333335,577.3502691896258,2.0,-0.0,CustomerId_1384,0
17.0,1.0,50000.0,1.0,50000.0,-0.0,50000.0,0.0,1.0,-0.0,CustomerId_1385,0
82.0,1.0,1000.0,1.0,1000.0,-0.0,1000.0,0.0,1.0,-0.0,CustomerId_1386,1
9.0,36.0,23337.0,36.0,23337.0,1437.0,608.3333333333334,769.1755883504661,3.0,0.06157603804852483,CustomerId_1387,0
55.0,1.0,100000.0,1.0,100000.0,-0.0,100000.0,0.0,1.0,-0.0,CustomerId_1389,1
21.0,1.0,500.0,1.0,500.0,-0.0,500.0,0.0,1.0,-0.0,CustomerId_1390,0
49.0,5.0,11600.0,5.0,11600.0,340.0,2252.0,2489.4818738042663,2.0,0.029310344825059453,CustomerId_1392,1
64.0,2.0,5200.0,2.0,5200.0,5000.0,100.0,7212.489168102785,2.0,0.9615384613535503,CustomerId_1393,1
71.0,1.0,10000.0,1.0,10000.0,-0.0,10000.0,0.0,1.0,-0.0,CustomerId_1394,1
5.0,5.0,26000.0,5.0,26000.0,6000.0,4000.0,6745.368781616021,2.0,0.23076923076035502,CustomerId_1395,0
67.0,7.0,35200.0,7.0,35200.0,5400.0,4257.142857142857,6127.222628798234,2.0,0.1534090909047327,CustomerId_1396,1
0.0,10.0,8000.0,10.0,8000.0,1200.0,680.0,1369.8033111038646,2.0,0.14999999998125,CustomerId_1397,0
6.0,43.0,218500.0,43.0,218500.0,1729.0,5041.186046511628,10694.189856125065,4.0,0.007913043478224654,CustomerId_1398,0
83.0,1.0,0.0,1.0,0.0,10000.0,-10000.0,0.0,1.0,10000000000.0,CustomerId_14,1
49.0,1.0,500.0,1.0,500.0,-0.0,500.0,0.0,1.0,-0.0,CustomerId_1400,1
32.0,6.0,11000.0,6.0,11000.0,1040.0,1660.0,2166.4717861075414,2.0,0.0945454545368595,CustomerId_1402,0
4.0,2.0,4000.0,2.0,4000.0,-0.0,2000.0,0.0,1.0,-0.0,CustomerId_1404,0
85.0,2.0,500.0,2.0,500.0,10.0,245.0,360.62445840513925,2.0,0.01999999996,CustomerId_1406,1
11.0,18.0,107000.0,18.0,107000.0,21020.0,4776.666666666667,6531.834261792732,3.0,0.19644859812900517,CustomerId_1407,0
48.0,1.0,1000.0,1.0,1000.0,-0.0,1000.0,0.0,1.0,-0.0,CustomerId_1408,1
4.0,24.0,32400.0,24.0,32400.0,2511.0,1245.375,1915.7042935216775,3.0,0.07749999999760802,CustomerId_1409,0
4.0,13.0,66000.0,13.0,66000.0,11000.0,4230.7692307692305,5035.7694902541325,2.0,0.16666666666414143,CustomerId_1410,0
34.0,6.0,7000.0,6.0,7000.0,-0.0,1166.6666666666667,408.24829046386304,2.0,-0.0,CustomerId_1411,0
2.0,140.0,516932.0,140.0,516932.0,25573.6,3509.7028571428573,6719.642394025806,3.0,0.049471884116190384,CustomerId_1413,0
4.0,4.0,16000.0,4.0,16000.0,6000.0,2500.0,6757.711644237764,2.0,0.37499999997656247,CustomerId_1414,0
0.0,52.0,41760.0,52.0,41760.0,20487.0,409.09615384615387,1649.0091767734211,3.0,0.4905890804480223,CustomerId_1415,0
35.0,2.0,7000.0,2.0,7000.0,-0.0,3500.0,2121.3203435596424,1.0,-0.0,CustomerId_1417,0
23.0,1.0,3500.0,1.0,3500.0,-0.0,3500.0,0.0,1.0,-0.0,CustomerId_1418,0
26.0,9.0,40000.0,9.0,40000.0,5775.0,3802.777777777778,5534.782691709264,2.0,0.1443749999963906,CustomerId_1419,0
61.0,10.0,13100.0,10.0,13100.0,1250.0,1185.0,1680.2513039555852,3.0,0.09541984732096032,CustomerId_1420,1
13.0,10.0,31000.0,10.0,31000.0,1190.0,2981.0,6228.605069444611,2.0,0.03838709677295526,CustomerId_1421,0
88.0,3.0,14020.0,3.0,14020.0,20.0,4666.666666666667,7252.153703096296,2.0,0.0014265335234360532,CustomerId_1422,1
83.0,14.0,8500.0,14.0,8500.0,140.0,597.1428571428571,883.2843306609763,2.0,0.0164705882333564,CustomerId_1423,1
19.0,5.0,26000.0,5.0,26000.0,6000.0,4000.0,6745.368781616021,2.0,0.23076923076035502,CustomerId_1424,0
0.0,36.0,61000.0,36.0,61000.0,2110.0,1635.8333333333333,5203.837251765003,3.0,0.03459016393385918,CustomerId_1425,0
83.0,1.0,10000.0,1.0,10000.0,-0.0,10000.0,0.0,1.0,-0.0,CustomerId_1426,1
53.0,30.0,171400.0,30.0,171400.0,51400.0,4000.0,7655.424040598882,2.0,0.299883313883898,CustomerId_1427,1
4.0,36.0,202500.0,36.0,202500.0,20860.0,5045.555555555556,9732.19999924975,2.0,0.10301234567850363,CustomerId_1429,0
63.0,1.0,5000.0,1.0,5000.0,-0.0,5000.0,0.0,1.0,-0.0,CustomerId_1431,1
90.0,1.0,2000.0,1.0,2000.0,-0.0,2000.0,0.0,1.0,-0.0,CustomerId_1432,1
11.0,29.0,136100.0,29.0,136100.0,26100.0,3793.103448275862,5542.687011761068,2.0,0.19177075679506414,CustomerId_1435,0
54.0,4.0,15000.0,4.0,15000.0,6000.0,2250.0,6601.767440112787,2.0,0.3999999999733333,CustomerId_1436,1
37.0,1.0,20000.0,1.0,20000.0,-0.0,20000.0,0.0,1.0,-0.0,CustomerId_1437,1
3.0,32.0,162463.0,32.0,162463.0,17392.0,4533.46875,8857.15637023158,3.0,0.10705206723926645,CustomerId_1438,0
53.0,1.0,500.0,1.0,500.0,-0.0,500.0,0.0,1.0,-0.0,CustomerId_1439,1
1.0,4.0,1450.0,4.0,1450.0,1010.0,110.0,837.4962686484042,2.0,0.6965517236575505,CustomerId_1440,0
56.0,1.0,1000.0,1.0,1000.0,-0.0,1000.0,0.0,1.0,-0.0,CustomerId_1441,1
11.0,9.0,51000.0,9.0,51000.0,11000.0,4444.444444444444,6463.573143221772,2.0,0.2156862745055748,CustomerId_1442,0
32.0,2.0,2000.0,2.0,2000.0,-0.0,1000.0,0.0,1.0,-0.0,CustomerId_1443,0
57.0,1.0,500.0,1.0,500.0,-0.0,500.0,0.0,1.0,-0.0,CustomerId_1444,1
28.0,1.0,500.0,1.0,500.0,-0.0,500.0,0.0,1.0,-0.0,CustomerId_1445,0
74.0,8.0,11000.0,8.0,11000.0,1150.0,1231.25,1847.186567265395,2.0,0.1045454545359504,CustomerId_1447,1
13.0,3.0,3500.0,3.0,3500.0,-0.0,1166.6666666666667,577.3502691896257,1.0,-0.0,CustomerId_1448,0
14.0,27.0,496600.0,27.0,496600.0,3832.0,18250.666666666668,43571.03462340372,5.0,0.007716472009650188,CustomerId_1449,0
26.0,9.0,62000.0,9.0,62000.0,1275.0,6747.222222222223,16366.268876700164,2.0,0.020564516128700572,CustomerId_1450,0
22.0,18.0,19700.0,18.0,19700.0,1150.0,1030.5555555555557,2436.9417242355757,3.0,0.058375634514803265,CustomerId_1451,0
30.0,11.0,25000.0,11.0,25000.0,400.0,2236.3636363636365,3194.61194115114,2.0,0.01599999999936,CustomerId_1452,0
10.0,11.0,21500.0,11.0,21500.0,1325.0,1834.090909090909,2613.2420651193206,2.0,0.06162790697387777,CustomerId_1453,0
0.0,14.0,81000.0,14.0,81000.0,21000.0,4285.714285714285,6877.2598683417,2.0,0.2592592592560585,CustomerId_1454,0
76.0,1.0,1000.0,1.0,1000.0,-0.0,1000.0,0.0,1.0,-0.0,CustomerId_1455,1
41.0,1.0,500.0,1.0,500.0,-0.0,500.0,0.0,1.0,-0.0,CustomerId_1458,1
45.0,1.0,10000.0,1.0,10000.0,-0.0,10000.0,0.0,1.0,-0.0,CustomerId_1459,1
18.0,42.0,67500.0,42.0,67500.0,1900.0,1561.904761904762,2612.7608872843903,2.0,0.02814814814773114,CustomerId_1461,0
11.0,4.0,16000.0,4.0,16000.0,6000.0,2500.0,6757.711644237764,2.0,0.37499999997656247,CustomerId_1464,0
18.0,7.0,44200.0,7.0,44200.0,6000.0,5457.142857142857,6181.654887071677,2.0,0.13574660633177044,CustomerId_1466,0
0.0,8.0,0.0,8.0,0.0,13500.0,-1687.5,1589.6428170234615,2.0,13500000000.0,CustomerId_1467,0
20.0,15.0,403664.0,15.0,403664.0,2800.0,26724.266666666666,28193.687255601504,3.0,0.006936462007989475,CustomerId_1468,0
4.0,66.0,280184.0,66.0,280184.0,55688.0,3401.4545454545455,5290.541755541946,4.0,0.19875510378822933,CustomerId_1472,0
71.0,1.0,10000.0,1.0,10000.0,-0.0,10000.0,0.0,1.0,-0.0,CustomerId_1474,1
81.0,8.0,17000.0,8.0,17000.0,260.0,2092.5,3703.6806017798026,3.0,0.015294117646159169,CustomerId_1475,1
75.0,8.0,15050.0,8.0,15050.0,1050.0,1750.0,3414.3604295471127,2.0,0.0697674418558294,CustomerId_1476,1
10.0,58.0,130629.0,58.0,130629.0,15553.6,1984.058620689655,3275.502078992743,4.0,0.11906697593858129,CustomerId_1477,0
5.0,4.0,16000.0,4.0,16000.0,6000.0,2500.0,6757.711644237764,2.0,0.37499999997656247,CustomerId_1478,0
18.0,6.0,26000.0,6.0,26000.0,6000.0,3333.3333333333335,6161.709719442054,2.0,0.23076923076035502,CustomerId_1479,0
4.0,29.0,151000.0,29.0,151000.0,31000.0,4137.931034482759,5930.996892422979,2.0,0.2052980132436735,CustomerId_1480,0
59.0,13.0,25000.0,13.0,25000.0,6000.0,1461.5384615384614,3555.87271555532,2.0,0.2399999999904,CustomerId_1481,1
59.0,10.0,30000.0,10.0,30000.0,6000.0,2400.0,4135.214625627066,2.0,0.19999999999333334,CustomerId_1482,1
43.0,9.0,11055.0,9.0,11055.0,1125.0,1103.3333333333333,1637.0075595427163,2.0,0.10176390772485175,CustomerId_1483,1
11.0,8.0,4000.0,8.0,4000.0,1030.0,371.25,746.2178444854903,2.0,0.257499999935625,CustomerId_1484,0
12.0,23.0,126000.0,23.0,126000.0,26000.0,4347.826086956522,6055.491089252449,2.0,0.20634920634756868,CustomerId_1485,0
32.0,6.0,31000.0,6.0,31000.0,11000.0,3333.3333333333335,7814.516406449389,2.0,0.3548387096659729,CustomerId_1486,0
66.0,8.0,6500.0,8.0,6500.0,-0.0,812.5,530.3300858899107,2.0,-0.0,CustomerId_1487,1
32.0,5.0,26000.0,5.0,26000.0,6000.0,4000.0,6745.368781616021,2.0,0.23076923076035502,CustomerId_1488,0
50.0,6.0,90000.0,6.0,90000.0,-0.0,15000.0,7745.966692414834,2.0,-0.0,CustomerId_1489,1
59.0,3.0,30000.0,3.0,30000.0,-0.0,10000.0,8660.254037844386,2.0,-0.0,CustomerId_1490,1
81.0,3.0,3500.0,3.0,3500.0,150.0,1116.6666666666667,1663.079472945696,2.0,0.04285714284489796,CustomerId_1492,1
1.0,29.0,95000.0,29.0,95000.0,1625.0,3219.8275862068967,9233.855068902561,2.0,0.017105263157714684,CustomerId_1494,0
81.0,5.0,11000.0,5.0,11000.0,1050.0,1990.0,2837.3403038761494,2.0,0.09545454544586776,CustomerId_1495,1
77.0,1.0,50000.0,1.0,50000.0,-0.0,50000.0,0.0,1.0,-0.0,CustomerId_1496,1
2.0,4.0,4500.0,4.0,4500.0,1080.0,855.0,2185.734049085875,2.0,0.23999999994666665,CustomerId_1498,0
74.0,8.0,40000.0,8.0,40000.0,6000.0,4250.0,5092.010548749033,2.0,0.14999999999625,CustomerId_1499,1
83.0,1.0,0.0,1.0,0.0,10000.0,-10000.0,0.0,1.0,10000000000.0,CustomerId_15,1
5.0,5.0,26000.0,5.0,26000.0,6000.0,4000.0,6745.368781616021,2.0,0.23076923076035502,CustomerId_1501,0
52.0,1.0,5000.0,1.0,5000.0,-0.0,5000.0,0.0,1.0,-0.0,CustomerId_1502,1
19.0,74.0,309950.0,74.0,309950.0,13479.0,4006.364864864865,16625.54046629934,4.0,0.043487659299746774,CustomerId_1503,0
1.0,10.0,111000.0,10.0,111000.0,1550.0,10945.0,31340.71234034096,2.0,0.013963963963838163,CustomerId_1504,0
5.0,116.0,230200.0,116.0,230200.0,3790.0,1951.8103448275863,4020.883874092304,4.0,0.016463944396105715,CustomerId_1505,0
46.0,1.0,5000.0,1.0,5000.0,-0.0,5000.0,0.0,1.0,-0.0,CustomerId_1506,1
6.0,2.0,1000.0,2.0,1000.0,50.0,475.0,742.4621202458749,2.0,0.04999999995,CustomerId_1507,0
12.0,21.0,101000.0,21.0,101000.0,21000.0,3809.5238095238096,5808.261767680995,2.0,0.2079207920771493,CustomerId_1508,0
5.0,17.0,80944.0,17.0,80944.0,20515.0,3554.6470588235293,6073.434591946065,2.0,0.2534468274331211,CustomerId_1509,0
58.0,93.0,220500.0,93.0,220500.0,4221.0,2325.5806451612902,4194.390111059265,4.0,0.019142857142770326,CustomerId_1510,1
24.0,4.0,5000.0,4.0,5000.0,1050.0,987.5,2168.0924795773817,2.0,0.20999999995799998,CustomerId_1511,0
0.0,32.0,135400.0,32.0,135400.0,1965.0,4169.84375,4480.445413553283,2.0,0.014512555391325607,CustomerId_1512,0
46.0,6.0,30000.0,6.0,30000.0,11000.0,3166.6666666666665,7626.707459098367,2.0,0.3666666666544444,CustomerId_1513,1
76.0,9.0,5400.0,9.0,5400.0,1050.0,483.3333333333333,738.1353195722313,2.0,0.1944444444084362,CustomerId_1514,1
4.0,70.0,150600.0,70.0,150600.0,7315.0,2046.9285714285713,2931.5459754911262,5.0,0.048572377157712,CustomerId_1515,0
32.0,7.0,27000.0,7.0,27000.0,6025.0,2996.4285714285716,5840.241657589831,2.0,0.2231481481398834,CustomerId_1516,0
20.0,11.0,30000.0,11.0,30000.0,5000.0,2272.7272727272725,3860.5934541443003,2.0,0.1666666666611111,CustomerId_1517,0
47.0,4.0,15000.0,4.0,15000.0,6000.0,2250.0,6601.767440112787,2.0,0.3999999999733333,CustomerId_1518,1
12.0,20.0,119100.0,20.0,119100.0,21180.0,4896.0,6085.470530612021,2.0,0.17783375314712146,CustomerId_1520,0
86.0,1.0,1000.0,1.0,1000.0,-0.0,1000.0,0.0,1.0,-0.0,CustomerId_1521,1
17.0,14.0,280350.0,14.0,280350.0,1496.0,19918.14285714286,52557.29452973882,2.0,0.005336186909201583,CustomerId_1523,0
5.0,5.0,16000.0,5.0,16000.0,6000.0,2000.0,5567.764362830022,2.0,0.37499999997656247,CustomerId_1524,0
71.0,1.0,1000.0,1.0,1000.0,-0.0,1000.0,0.0,1.0,-0.0,CustomerId_1525,1
32.0,1.0,500.0,1.0,500.0,-0.0,500.0,0.0,1.0,-0.0,CustomerId_1526,0
37.0,5.0,13000.0,5.0,13000.0,1220.0,2356.0,4906.493656370097,3.0,0.09384615383893491,CustomerId_1528,1
82.0,28.0,28600.0,28.0,28600.0,1214.0,978.0714285714286,1352.6555754589215,2.0,0.042447552446068265,CustomerId_1529,1
62.0,1.0,3000.0,1.0,3000.0,-0.0,3000.0,0.0,1.0,-0.0,CustomerId_1531,1
44.0,20.0,599475.0,20.0,599475.0,7119.0,29617.8,65032.14365106407,5.0,0.0118753909670764,CustomerId_1532,1
4.0,90.0,148000.0,90.0,148000.0,2070.0,1621.4444444444443,5431.227138245644,3.0,0.013986486486391983,CustomerId_1533,0
2.0,7.0,60212748.0,7.0,60212748.0,-0.0,8601821.142857144,3309916.123615392,1.0,-0.0,CustomerId_1535,0
18.0,24.0,115271.0,24.0,115271.0,16100.0,4132.125,4594.306176623976,3.0,0.13967086257480485,CustomerId_1537,0
11.0,15.0,86000.0,15.0,86000.0,16000.0,4666.666666666667,6125.668087956572,2.0,0.18604651162574365,CustomerId_1538,0
74.0,5.0,25000.0,5.0,25000.0,6000.0,3800.0,6685.805860178712,2.0,0.2399999999904,CustomerId_1540,1
45.0,29.0,89400.0,29.0,89400.0,11000.0,2703.448275862069,3718.0527505883542,3.0,0.12304250559146486,CustomerId_1541,1
11.0,5.0,16000.0,5.0,16000.0,6000.0,2000.0,5667.892024377317,3.0,0.37499999997656247,CustomerId_1542,0
11.0,5.0,26000.0,5.0,26000.0,6000.0,4000.0,6745.368781616021,2.0,0.23076923076035502,CustomerId_1543,0
13.0,70.0,245800.0,70.0,245800.0,2815.0,3471.214285714286,12157.945838478929,4.0,0.011452400325421268,CustomerId_1545,0
4.0,50.0,400700.0,50.0,400700.0,80700.0,6400.0,8997.48264113641,2.0,0.20139755427950737,CustomerId_1546,0
52.0,52.0,107600.0,52.0,107600.0,3350.0,2004.8076923076924,2900.926654103596,2.0,0.031133828995993183,CustomerId_1547,1
5.0,14.0,76000.0,14.0,76000.0,16000.0,4285.714285714285,6203.9512400575,2.0,0.2105263157867036,CustomerId_1550,0
2.0,26.0,33500.0,26.0,33500.0,1775.0,1220.1923076923076,1840.1225398158845,2.0,0.052985074625284026,CustomerId_1554,0
4.0,25.0,151000.0,25.0,151000.0,31000.0,4800.0,6244.9979983983985,2.0,0.2052980132436735,CustomerId_1557,0
4.0,5.0,26000.0,5.0,26000.0,6000.0,4000.0,6745.368781616021,2.0,0.23076923076035502,CustomerId_1561,0
67.0,3.0,5000.0,3.0,5000.0,1250.0,1250.0,3269.174207655505,2.0,0.24999999995,CustomerId_1562,1
58.0,28.0,36760.0,28.0,36760.0,19230.0,626.0714285714286,3141.1985672913834,3.0,0.5231229597246158,CustomerId_1564,1
54.0,17.0,61000.0,17.0,61000.0,1400.0,3505.8823529411766,5186.1860490435665,2.0,0.022950819671754906,CustomerId_1565,1
22.0,1.0,1000.0,1.0,1000.0,-0.0,1000.0,0.0,1.0,-0.0,CustomerId_1566,0
20.0,3.0,1000500.0,3.0,1000500.0,-0.0,333500.0,288386.4594602181,2.0,-0.0,CustomerId_1567,0
25.0,15.0,24100.0,15.0,24100.0,1260.0,1522.6666666666667,2754.856663802173,3.0,0.05228215767417916,CustomerId_1568,0
34.0,1.0,5000.0,1.0,5000.0,-0.0,5000.0,0.0,1.0,-0.0,CustomerId_1569,0
53.0,9.0,35500.0,9.0,35500.0,6500.0,3222.222222222222,5124.153046547736,2.0,0.18309859154413807,CustomerId_1570,1
39.0,1.0,10000.0,1.0,10000.0,-0.0,10000.0,0.0,1.0,-0.0,CustomerId_1571,1
11.0,13.0,76000.0,13.0,76000.0,16000.0,4615.384615384615,6357.914510519697,2.0,0.2105263157867036,CustomerId_1572,0
67.0,6.0,30000.0,6.0,30000.0,11000.0,3166.6666666666665,7626.707459098367,2.0,0.3666666666544444,CustomerId_1573,1
37.0,91.0,268158.0,91.0,268158.0,21566.0,2709.802197802198,9369.563800139471,7.0,0.0804227358494603,CustomerId_1576,0
86.0,3.0,5500.0,3.0,5500.0,250.0,1750.0,2839.4541729001367,2.0,0.04545454544628099,CustomerId_1577,1
68.0,12.0,100000.0,12.0,100000.0,20000.0,6666.666666666667,9374.36866561092,2.0,0.19999999999800003,CustomerId_1578,1
0.0,20.0,126000.0,20.0,126000.0,36000.0,4500.0,7667.429405231621,2.0,0.2857142857120182,CustomerId_1579,0
41.0,6.0,6000.0,6.0,6000.0,68.0,988.6666666666666,944.2047800486221,3.0,0.011333333331444444,CustomerId_1580,1
25.0,13.0,31000.0,13.0,31000.0,6000.0,1923.076923076923,3639.1743216820137,2.0,0.19354838709053068,CustomerId_1581,0
35.0,9.0,9000.0,9.0,9000.0,1270.0,858.8888888888889,1150.276536799352,2.0,0.1411111110954321,CustomerId_1583,0
0.0,59.0,248800.0,59.0,248800.0,9586.0,4054.4745762711864,9510.749514240102,4.0,0.03852893890659755,CustomerId_1584,0
85.0,15.0,19300.0,15.0,19300.0,345.0,1263.6666666666667,1646.646447726264,3.0,0.017875647667467583,CustomerId_1587,1
30.0,33.0,133000.0,33.0,133000.0,9360.0,3746.6666666666665,14155.694672698568,5.0,0.07037593984909492,CustomerId_1588,0
19.0,9.0,46000.0,9.0,46000.0,11000.0,3888.8888888888887,6527.71867585538,2.0,0.2391304347774102,CustomerId_1591,0
0.0,13.0,76000.0,13.0,76000.0,26000.0,3846.153846153846,8060.667402539258,2.0,0.3421052631533934,CustomerId_1593,0
4.0,89.0,435260.0,89.0,435260.0,60760.0,4207.865168539326,5422.548350911915,3.0,0.1395947249916381,CustomerId_1594,0
75.0,4.0,2000.0,4.0,2000.0,10050.0,-2012.5,5347.955216716011,2.0,5.0249999974875,CustomerId_1595,1
76.0,1.0,50000.0,1.0,50000.0,-0.0,50000.0,0.0,1.0,-0.0,CustomerId_1597,1
33.0,3.0,1000.0,3.0,1000.0,1000.0,0.0,866.0254037844386,2.0,0.999999999,CustomerId_1599,0
58.0,3.0,600.0,3.0,600.0,1030.0,-143.33333333333334,805.9983457385836,2.0,1.7166666638055557,CustomerId_1601,1
12.0,58.0,4233000.0,58.0,4233000.0,1490.0,72957.06896551725,367643.93186699913,2.0,0.00035199622017473373,CustomerId_1602,0
47.0,30.0,67200.0,30.0,67200.0,1974.5,2174.1833333333334,4481.880936891482,3.0,0.02938244047575324,CustomerId_1604,1
76.0,1.0,1800.0,1.0,1800.0,-0.0,1800.0,0.0,1.0,-0.0,CustomerId_1605,1
85.0,16.0,20500.0,16.0,20500.0,450.0,1253.125,1696.2860165667817,3.0,0.02195121951112433,CustomerId_1608,1
83.0,5.0,2000.0,5.0,2000.0,1025.0,195.0,760.0164471904538,2.0,0.5124999997437499,CustomerId_1609,1
21.0,1.0,500.0,1.0,500.0,-0.0,500.0,0.0,1.0,-0.0,CustomerId_1610,0
46.0,5.0,25000.0,5.0,25000.0,6000.0,3800.0,6685.805860178712,2.0,0.2399999999904,CustomerId_1611,1
2.0,1.0,20000.0,1.0,20000.0,-0.0,20000.0,0.0,1.0,-0.0,CustomerId_1612,0
12.0,18.0,101000.0,18.0,101000.0,21000.0,4444.444444444444,6166.5341798168665,2.0,0.2079207920771493,CustomerId_1613,0
38.0,5.0,2000.0,5.0,2000.0,1000.0,200.0,670.820393249937,2.0,0.49999999975,CustomerId_1614,1
11.0,5.0,16000.0,5.0,16000.0,6000.0,2000.0,5744.562646538028,2.0,0.37499999997656247,CustomerId_1615,0
1.0,1.0,500.0,1.0,500.0,-0.0,500.0,0.0,1.0,-0.0,CustomerId_1617,0
0.0,13.0,96000.0,13.0,96000.0,26000.0,5384.615384615385,10935.709560414614,2.0,0.2708333333305122,CustomerId_1618,0
89.0,1.0,5000.0,1.0,5000.0,-0.0,5000.0,0.0,1.0,-0.0,CustomerId_1619,1
25.0,5.0,26000.0,5.0,26000.0,6000.0,4000.0,6745.368781616021,2.0,0.23076923076035502,CustomerId_1620,0
25.0,1.0,1000.0,1.0,1000.0,-0.0,1000.0,0.0,1.0,-0.0,CustomerId_1621,0
4.0,126.0,424570.0,126.0,424570.0,96605.0,2602.8968253968255,5841.643958790182,4.0,0.2275360953429881,CustomerId_1622,0
4.0,5.0,26000.0,5.0,26000.0,6000.0,4000.0,6745.368781616021,2.0,0.23076923076035502,CustomerId_1623,0
53.0,18.0,100700.0,18.0,100700.0,25700.0,4166.666666666667,6731.314005102876,3.0,0.25521350545923327,CustomerId_1624,1
54.0,21.0,111400.0,21.0,111400.0,31400.0,3809.5238095238096,6981.397049438226,2.0,0.28186714541937286,CustomerId_1625,1
23.0,13.0,7000.0,13.0,7000.0,1125.0,451.9230769230769,602.119653327374,2.0,0.16071428569132654,CustomerId_1626,0
3.0,1.0,500.0,1.0,500.0,-0.0,500.0,0.0,1.0,-0.0,CustomerId_1627,0
47.0,1.0,500.0,1.0,500.0,-0.0,500.0,0.0,1.0,-0.0,CustomerId_1629,1
4.0,68.0,399400.0,68.0,399400.0,70300.0,4839.705882352941,5940.975589663689,3.0,0.1760140210311066,CustomerId_1632,0
53.0,19.0,114600.0,19.0,114600.0,20700.0,4942.105263157895,6281.305224365189,3.0,0.18062827224973274,CustomerId_1634,1
32.0,6.0,31000.0,6.0,31000.0,11000.0,3333.3333333333335,7814.516406449389,2.0,0.3548387096659729,CustomerId_1635,0
7.0,32.0,81900.0,32.0,81900.0,6242.0,2364.3125,4648.06154835089,3.0,0.07621489621396564,CustomerId_1636,0
14.0,1.0,10000.0,1.0,10000.0,-0.0,10000.0,0.0,1.0,-0.0,CustomerId_1637,0
58.0,3.0,500.0,3.0,500.0,1025.0,-175.0,761.1668673819164,2.0,2.0499999959,CustomerId_1638,1
25.0,14.0,18600.0,14.0,18600.0,1160.0,1245.7142857142858,1596.6393277309508,3.0,0.062365591394496475,CustomerId_1639,0
41.0,8.0,4500.0,8.0,4500.0,1125.0,421.875,912.7506994167215,2.0,0.2499999999444444,CustomerId_1640,1
53.0,6.0,30000.0,6.0,30000.0,11000.0,3166.6666666666665,7626.707459098367,2.0,0.3666666666544444,CustomerId_1641,1
43.0,10.0,30000.0,10.0,30000.0,1690.0,2831.0,4818.984332823671,2.0,0.05633333333145556,CustomerId_1642,1
46.0,5.0,25000.0,5.0,25000.0,6000.0,3800.0,6685.805860178712,2.0,0.2399999999904,CustomerId_1643,1
4.0,5.0,26000.0,5.0,26000.0,6000.0,4000.0,6745.368781616021,2.0,0.23076923076035502,CustomerId_1645,0
39.0,2.0,500.0,2.0,500.0,1000.0,-250.0,1060.6601717798212,2.0,1.9999999960000001,CustomerId_1646,1
10.0,19.0,17700.0,19.0,17700.0,1300.0,863.1578947368421,899.2036762947471,3.0,0.07344632767946631,CustomerId_1647,0
25.0,3.0,500.0,3.0,500.0,1025.0,-175.0,761.1668673819164,2.0,2.0499999959,CustomerId_1649,0
1.0,2.0,20000.0,2.0,20000.0,-0.0,10000.0,0.0,1.0,-0.0,CustomerId_1651,0
45.0,1.0,5000.0,1.0,5000.0,-0.0,5000.0,0.0,1.0,-0.0,CustomerId_1652,1
24.0,6.0,1661500.0,6.0,1661500.0,1025.0,276745.8333333333,677653.6302597121,3.0,0.0006169124285280668,CustomerId_1653,0
11.0,9.0,51000.0,9.0,51000.0,11000.0,4444.444444444444,6463.573143221772,2.0,0.2156862745055748,CustomerId_1655,0
3.0,90.0,1159000.0,90.0,1159000.0,89830.0,11879.666666666666,21448.27214276508,7.0,0.07750647109570534,CustomerId_1656,0
51.0,3.0,6000.0,3.0,6000.0,-0.0,2000.0,0.0,2.0,-0.0,CustomerId_1657,1
6.0,43.0,114600.0,43.0,114600.0,11062.0,2407.860465116279,4273.288789130046,5.0,0.09652705060997796,CustomerId_1658,0
69.0,3.0,165000.0,3.0,165000.0,-0.0,55000.0,91810.94705970524,3.0,-0.0,CustomerId_1659,1
66.0,1.0,1000.0,1.0,1000.0,-0.0,1000.0,0.0,1.0,-0.0,CustomerId_1660,1
0.0,20.0,63703.0,20.0,63703.0,12012.0,2584.55,4472.809472391574,4.0,0.18856254807169895,CustomerId_1661,0
10.0,480.0,1725000.0,480.0,1725000.0,31211.0,3528.727083333333,7990.886821801907,5.0,0.018093333333322845,CustomerId_1663,0
85.0,1.0,1000.0,1.0,1000.0,-0.0,1000.0,0.0,1.0,-0.0,CustomerId_1664,1
33.0,1.0,50000.0,1.0,50000.0,-0.0,50000.0,0.0,1.0,-0.0,CustomerId_1666,0
29.0,3.0,500.0,3.0,500.0,1025.0,-175.0,761.1668673819164,2.0,2.0499999959,CustomerId_1669,0
61.0,15.0,235135.0,15.0,235135.0,5450.0,15312.333333333334,32311.918289136123,4.0,0.02317817424023145,CustomerId_1670,1
72.0,2.0,10000.0,2.0,10000.0,-0.0,5000.0,0.0,1.0,-0.0,CustomerId_1671,1
34.0,6.0,21250.0,6.0,21250.0,1000.0,3375.0,3767.45935611786,3.0,0.04705882352719723,CustomerId_1672,0
81.0,1.0,20000.0,1.0,20000.0,-0.0,20000.0,0.0,1.0,-0.0,CustomerId_1674,1
4.0,32.0,200000.0,32.0,200000.0,36000.0,5125.0,6332.201370262034,2.0,0.1799999999991,CustomerId_1676,0
54.0,4.0,15000.0,4.0,15000.0,6000.0,2250.0,6601.767440112787,2.0,0.3999999999733333,CustomerId_1679,1
11.0,11.0,754000.0,11.0,754000.0,10850.0,67559.09090909091,147897.88169237215,2.0,0.014389920424384098,CustomerId_1680,0
0.0,13.0,76000.0,13.0,76000.0,26000.0,3846.153846153846,8060.667402539258,2.0,0.3421052631533934,CustomerId_1681,0
7.0,12.0,109500.0,12.0,109500.0,10000.0,8291.666666666666,12384.84839216733,4.0,0.091324200912408,CustomerId_1683,0
11.0,13.0,72000.0,13.0,72000.0,11000.0,4692.307692307692,5963.564585388723,2.0,0.15277777777565588,CustomerId_1684,0
6.0,1.0,1000.0,1.0,1000.0,-0.0,1000.0,0.0,1.0,-0.0,CustomerId_1686,0
60.0,1.0,2000.0,1.0,2000.0,-0.0,2000.0,0.0,1.0,-0.0,CustomerId_1687,1
23.0,16.0,113100.0,16.0,113100.0,2321.0,6923.6875,7204.237028478449,3.0,0.02052166224561873,CustomerId_1688,0
80.0,21.0,2018000.0,21.0,2018000.0,370.0,96077.61904761905,138962.67351899797,2.0,0.00018334985133786752,CustomerId_1690,1
26.0,7.0,13000.0,7.0,13000.0,1050.0,1707.142857142857,3721.606795841971,2.0,0.08076923076301774,CustomerId_1692,0
12.0,22.0,126000.0,22.0,126000.0,26000.0,4545.454545454545,6162.306871134055,2.0,0.20634920634756868,CustomerId_1694,0
6.0,96.0,796500.0,96.0,796500.0,11173.0,8180.489583333333,31408.92303420019,3.0,0.014027620841162552,CustomerId_1695,0
25.0,11.0,30300.0,11.0,30300.0,1210.0,2644.5454545454545,3370.087131325728,3.0,0.03993399339802198,CustomerId_1696,0
5.0,10.0,46000.0,10.0,46000.0,16000.0,3000.0,6429.100507328637,2.0,0.3478260869489603,CustomerId_1697,0
2.0,2.0,500000.0,2.0,500000.0,1000.0,249500.0,354260.49737446033,2.0,0.0019999999999959998,CustomerId_1698,0
35.0,151.0,859356.0,151.0,859356.0,243206.0,4080.46357615894,9238.590996304458,2.0,0.28300960253924684,CustomerId_1699,0
0.0,25.0,105000.0,25.0,105000.0,35000.0,2800.0,6186.342484322488,2.0,0.33333333333015874,CustomerId_1701,0
88.0,14.0,12500.0,14.0,12500.0,420.0,862.8571428571429,1139.0510799070262,2.0,0.033599999997312,CustomerId_1702,1
63.0,3.0,500.0,3.0,500.0,1025.0,-175.0,761.1668673819164,2.0,2.0499999959,CustomerId_1703,1
1.0,3.0,1000.0,3.0,1000.0,1050.0,-16.666666666666668,1000.4165798972613,2.0,1.04999999895,CustomerId_1705,0
25.0,7.0,13500.0,7.0,13500.0,2500.0,1571.4285714285713,2801.466452719769,2.0,0.18518518517146776,CustomerId_1707,0
11.0,6.0,26000.0,6.0,26000.0,6000.0,3333.3333333333335,6088.2400303098,2.0,0.23076923076035502,CustomerId_1708,0
0.0,524.0,924919.0,524.0,924919.0,72934.0,1625.925572519084,3207.920535895807,4.0,0.07885447266184514,CustomerId_1709,0
21.0,5.0,4000.0,5.0,4000.0,1020.0,596.0,1142.838571277676,2.0,0.25499999993625,CustomerId_1710,0
38.0,1.0,1000.0,1.0,1000.0,-0.0,1000.0,0.0,1.0,-0.0,CustomerId_1712,1
20.0,47.0,44280.0,47.0,44280.0,1466.0,910.936170212766,993.1032260426497,2.0,0.0331074977408964,CustomerId_1713,0
61.0,7.0,40000.0,7.0,40000.0,11000.0,4142.857142857143,7425.823667638301,2.0,0.274999999993125,CustomerId_1714,1
61.0,1.0,80000.0,1.0,80000.0,-0.0,80000.0,0.0,1.0,-0.0,CustomerId_1716,1
0.0,12.0,61000.0,12.0,61000.0,21000.0,3333.3333333333335,7202.69309902816,2.0,0.34426229507632355,CustomerId_1717,0
2.0,1.0,5000.0,1.0,5000.0,-0.0,5000.0,0.0,1.0,-0.0,CustomerId_1719,0
46.0,6.0,30000.0,6.0,30000.0,11000.0,3166.6666666666665,7626.707459098367,2.0,0.3666666666544444,CustomerId_1720,1
46.0,6.0,30000.0,6.0,30000.0,11000.0,3166.6666666666665,7626.707459098367,2.0,0.3666666666544444,CustomerId_1721,1
20.0,1.0,1000.0,1.0,1000.0,-0.0,1000.0,0.0,1.0,-0.0,CustomerId_1722,0
85.0,1.0,800.0,1.0,800.0,-0.0,800.0,0.0,1.0,-0.0,CustomerId_1723,1
28.0,1.0,1000000.0,1.0,1000000.0,-0.0,1000000.0,0.0,1.0,-0.0,CustomerId_1724,0
84.0,20.0,26500.0,20.0,26500.0,550.0,1297.5,1665.5301826966943,2.0,0.020754716980348878,CustomerId_1725,1
55.0,6.0,8000.0,6.0,8000.0,1120.0,1146.6666666666667,2150.410813464875,2.0,0.13999999998249998,CustomerId_1726,1
38.0,3.0,5500.0,3.0,5500.0,1000.0,1500.0,3122.4989991991993,2.0,0.18181818178512396,CustomerId_1728,1
32.0,8.0,46000.0,8.0,46000.0,6000.0,5000.0,6053.334382210944,2.0,0.1304347826058601,CustomerId_1729,0
26.0,63.0,170700.0,63.0,170700.0,4270.0,2641.746031746032,7503.213836080088,2.0,0.02501464557688919,CustomerId_1730,0
55.0,23.0,354500.0,23.0,354500.0,6500.0,15130.434782608696,41346.052738745195,2.0,0.018335684062007515,CustomerId_1731,1
52.0,18.0,186000.0,18.0,186000.0,25000.0,8944.444444444445,26099.85851262579,3.0,0.134408602149815,CustomerId_1732,1
4.0,38.0,231000.0,38.0,231000.0,51000.0,4736.8421052631575,6491.9251736970855,2.0,0.220779220778265,CustomerId_1733,0
18.0,3.0,3000.0,3.0,3000.0,20000.0,-5666.666666666667,7505.553499465135,2.0,6.666666664444445,CustomerId_1735,0
33.0,2.0,500.0,2.0,500.0,25.0,237.5,371.23106012293744,2.0,0.0499999999,CustomerId_1736,0
5.0,5.0,26000.0,5.0,26000.0,6000.0,4000.0,6745.368781616021,2.0,0.23076923076035502,CustomerId_1738,0
8.0,19.0,11500.0,19.0,11500.0,109.0,599.5263157894736,428.4543756886883,2.0,0.00947826086874102,CustomerId_1739,0
39.0,3.0,13000.0,3.0,13000.0,-0.0,4333.333333333333,4932.882862316247,3.0,-0.0,CustomerId_1741,1
23.0,3.0,7000.0,3.0,7000.0,-0.0,2333.3333333333335,1154.7005383792514,2.0,-0.0,CustomerId_1742,0
33.0,1.0,5000.0,1.0,5000.0,-0.0,5000.0,0.0,1.0,-0.0,CustomerId_1744,0
19.0,3.0,64000.0,3.0,64000.0,-0.0,21333.333333333332,35218.366420567174,2.0,-0.0,CustomerId_1748,0
33.0,4.0,2000.0,4.0,2000.0,1050.0,237.5,962.0940702446928,2.0,0.5249999997375,CustomerId_1749,0
0.0,21.0,25500.0,21.0,25500.0,400.0,1195.2380952380952,1400.6877919351587,2.0,0.015686274509188775,CustomerId_1750,0
22.0,4.0,2000.0,4.0,2000.0,1050.0,237.5,962.0940702446928,2.0,0.5249999997375,CustomerId_1752,0
67.0,1.0,250000.0,1.0,250000.0,-0.0,250000.0,0.0,1.0,-0.0,CustomerId_1753,1
48.0,1.0,500.0,1.0,500.0,-0.0,500.0,0.0,1.0,-0.0,CustomerId_1754,1
42.0,1.0,5000.0,1.0,5000.0,-0.0,5000.0,0.0,1.0,-0.0,CustomerId_1755,1
60.0,1.0,5000.0,1.0,5000.0,-0.0,5000.0,0.0,1.0,-0.0,CustomerId_1756,1
69.0,4.0,1000.0,4.0,1000.0,50.0,237.5,303.10889132455355,2.0,0.04999999995,CustomerId_1757,1
7.0,91.0,148955.0,91.0,148955.0,35250.5,1249.5,3741.2426790216814,3.0,0.23665200899441674,CustomerId_1758,0
31.0,10.0,32000.0,10.0,32000.0,8000.0,2400.0,5896.326540030383,4.0,0.2499999999921875,CustomerId_1759,0
5.0,10.0,16800.0,10.0,16800.0,1647.0,1515.3,1973.889789223299,3.0,0.09803571427987882,CustomerId_1762,0
18.0,13.0,56000.0,13.0,56000.0,16000.0,3076.923076923077,6143.581182306436,2.0,0.28571428570918367,CustomerId_1763,0
73.0,2.0,11000.0,2.0,11000.0,-0.0,5500.0,6363.961030678927,2.0,-0.0,CustomerId_1764,1
1.0,21.0,303000.0,21.0,303000.0,8060.0,14044.761904761905,18201.703867783264,3.0,0.02660066006591881,CustomerId_1767,0
10.0,68.0,241400.0,68.0,241400.0,22348.0,3221.3529411764707,6619.986102737601,4.0,0.09257663628793464,CustomerId_1768,0
39.0,1.0,10000.0,1.0,10000.0,-0.0,10000.0,0.0,1.0,-0.0,CustomerId_1769,1
0.0,8.0,20800.0,8.0,20800.0,6000.0,1850.0,4356.604182158393,3.0,0.28846153844767014,CustomerId_1770,0
4.0,24.0,81629.0,24.0,81629.0,1422.45,3341.9395833333333,7052.10165040211,3.0,0.01742579230399214,CustomerId_1773,0
4.0,38.0,225000.0,38.0,225000.0,46000.0,4710.526315789473,6405.900551652917,2.0,0.2044444444435358,CustomerId_1774,0
44.0,2.0,500.0,2.0,500.0,10.0,245.0,360.62445840513925,2.0,0.01999999996,CustomerId_1776,1
0.0,19.0,47000.0,19.0,47000.0,2092.0,2363.5789473684213,4897.808062068735,3.0,0.0445106382969253,CustomerId_1782,0
4.0,9.0,51000.0,9.0,51000.0,11000.0,4444.444444444444,6463.573143221772,2.0,0.2156862745055748,CustomerId_1784,0
5.0,29.0,176400.0,29.0,176400.0,26400.0,5172.413793103448,6064.763365524079,2.0,0.14965986394472983,CustomerId_1786,0
1.0,27.0,209040.0,27.0,209040.0,16330.0,7137.407407407408,11411.582372778645,4.0,0.07811902028282568,CustomerId_1790,0
32.0,6.0,36000.0,6.0,36000.0,6000.0,5000.0,6511.528238439882,2.0,0.16666666666203703,CustomerId_1791,0
75.0,1.0,1000000.0,1.0,1000000.0,-0.0,1000000.0,0.0,1.0,-0.0,CustomerId_1792,1
72.0,9.0,15000.0,9.0,15000.0,5000.0,1111.111111111111,3838.7642687603407,2.0,0.3333333333111111,CustomerId_1794,1
0.0,10.0,60000.0,10.0,60000.0,21000.0,3900.0,9122.01244852862,2.0,0.34999999999416664,CustomerId_1795,0
43.0,3.0,8000.0,3.0,8000.0,-0.0,2666.6666666666665,577.3502691896257,1.0,-0.0,CustomerId_1797,1
35.0,1.0,50000.0,1.0,50000.0,-0.0,50000.0,0.0,1.0,-0.0,CustomerId_1798,0
12.0,5.0,21000.0,5.0,21000.0,6000.0,3000.0,6745.368781616021,2.0,0.28571428570068025,CustomerId_1800,0
12.0,18.0,13000.0,18.0,13000.0,1125.0,659.7222222222222,792.1832679786663,2.0,0.08653846153180474,CustomerId_1801,0
7.0,3.0,21000.0,3.0,21000.0,-0.0,7000.0,5196.152422706632,2.0,-0.0,CustomerId_1802,0
41.0,29.0,365835.0,29.0,365835.0,22190.75,11849.801724137931,34907.86393668666,3.0,0.060657810214821826,CustomerId_1805,1
70.0,20.0,67000.0,20.0,67000.0,7000.0,3000.0,4313.381870168087,2.0,0.10447761193873915,CustomerId_1806,1
53.0,6.0,40000.0,6.0,40000.0,10000.0,5000.0,7745.966692414834,2.0,0.24999999999375,CustomerId_1807,1
62.0,19.0,62121.0,19.0,62121.0,5964.58,2955.601052631579,4067.6853813684793,3.0,0.0960155181002235,CustomerId_1809,1
0.0,23.0,126000.0,23.0,126000.0,41000.0,3695.6521739130435,6983.322878041107,2.0,0.3253968253942429,CustomerId_1810,0
84.0,3.0,2000.0,3.0,2000.0,25.0,658.3333333333334,591.7840259193664,2.0,0.012499999993749998,CustomerId_1811,1
8.0,35.0,811388.0,35.0,811388.0,407594.0,11536.971428571429,57058.337898972124,4.0,0.5023416663784744,CustomerId_1812,0
67.0,5.0,21000.0,5.0,21000.0,1720.0,3856.0,7210.279328847116,3.0,0.08190476190086168,CustomerId_1813,1
0.0,79.0,79095.0,79.0,79095.0,2590.0,968.4177215189874,1323.9629575691515,2.0,0.032745432707089635,CustomerId_1815,0
54.0,6.0,30000.0,6.0,30000.0,11000.0,3166.6666666666665,7626.707459098367,2.0,0.3666666666544444,CustomerId_1817,1
27.0,10.0,16000.0,10.0,16000.0,1200.0,1480.0,2071.3924463188205,2.0,0.0749999999953125,CustomerId_1820,0
3.0,1.0,10000.0,1.0,10000.0,-0.0,10000.0,0.0,1.0,-0.0,CustomerId_1821,0
4.0,19.0,145700.0,19.0,145700.0,25700.0,6315.789473684211,8818.809642393466,2.0,0.17638984214017575,CustomerId_1825,0
53.0,6.0,30000.0,6.0,30000.0,11000.0,3166.6666666666665,7626.707459098367,2.0,0.3666666666544444,CustomerId_1827,1
53.0,5.0,20000.0,5.0,20000.0,11000.0,1800.0,7661.592523751182,2.0,0.5499999999725,CustomerId_1828,1
64.0,9.0,4000.0,9.0,4000.0,1200.0,311.1111111111111,719.2781875680029,2.0,0.299999999925,CustomerId_1830,1
31.0,14.0,305000.0,14.0,305000.0,8200.0,21200.0,39865.4853611106,3.0,0.026885245901551197,CustomerId_1831,0
60.0,10.0,800000.0,10.0,800000.0,16000.0,78400.0,93932.83652577398,2.0,0.019999999999975,CustomerId_1833,1
46.0,6.0,30000.0,6.0,30000.0,11000.0,3166.6666666666665,7626.707459098367,2.0,0.3666666666544444,CustomerId_1835,1
21.0,1.0,5000.0,1.0,5000.0,-0.0,5000.0,0.0,1.0,-0.0,CustomerId_1836,0
28.0,1.0,1000.0,1.0,1000.0,-0.0,1000.0,0.0,1.0,-0.0,CustomerId_1838,0
67.0,17.0,27700.0,17.0,27700.0,1072.0,1566.3529411764705,2802.43530124195,3.0,0.0387003610094332,CustomerId_1839,1
5.0,22.0,136000.0,22.0,136000.0,26000.0,5000.0,6218.25270205921,2.0,0.19117647058682957,CustomerId_1841,0
61.0,13.0,5010.0,13.0,5010.0,4045.0,74.23076923076923,910.5535087559064,3.0,0.8073852293797634,CustomerId_1843,1
39.0,10.0,52200.0,10.0,52200.0,5025.0,4717.5,5456.622505420974,2.0,0.09626436781424781,CustomerId_1844,1
5.0,13.0,30000.0,13.0,30000.0,1600.0,2184.6153846153848,2932.745060475525,2.0,0.05333333333155556,CustomerId_1845,0
15.0,16.0,74645.0,16.0,74645.0,37110.0,2345.9375,10422.491579711957,3.0,0.49715319176773864,CustomerId_1846,0
9.0,15.0,78700.0,15.0,78700.0,1560.0,5142.666666666667,12650.616600820387,3.0,0.019822109275478755,CustomerId_1848,0
3.0,29.0,61000.0,29.0,61000.0,780.0,2076.551724137931,2659.57337591425,2.0,0.012786885245692018,CustomerId_1849,0
22.0,1.0,1509988.0,1.0,1509988.0,-0.0,1509988.0,0.0,1.0,-0.0,CustomerId_1850,0
21.0,1.0,2000.0,1.0,2000.0,-0.0,2000.0,0.0,1.0,-0.0,CustomerId_1852,0
54.0,1.0,1000.0,1.0,1000.0,-0.0,1000.0,0.0,1.0,-0.0,CustomerId_1853,1
0.0,5.0,3000.0,5.0,3000.0,1050.0,390.0,900.2777349240622,2.0,0.34999999988333336,CustomerId_1855,0
18.0,2.0,60600.0,2.0,60600.0,-0.0,30300.0,42002.14280248092,1.0,-0.0,CustomerId_1856,0
32.0,56.0,3702340.0,56.0,3702340.0,6215.0,66002.23214285714,302017.51960609475,3.0,0.0016786680855886606,CustomerId_1858,0
59.0,4.0,1000.0,4.0,1000.0,1025.0,-6.25,707.2172579907818,2.0,1.024999998975,CustomerId_1859,1
1.0,47.0,306448.0,47.0,306448.0,26528.0,5955.744680851064,5858.465589540472,3.0,0.0865660731997384,CustomerId_1860,0
53.0,5.0,25000.0,5.0,25000.0,6000.0,3800.0,6685.805860178712,2.0,0.2399999999904,CustomerId_1861,1
83.0,5.0,2500.0,5.0,2500.0,75.0,485.0,518.8930525647843,2.0,0.029999999988,CustomerId_1862,1
5.0,27.0,136600.0,27.0,136600.0,25000.0,4133.333333333333,5747.173218200405,3.0,0.1830161054159369,CustomerId_1864,0
8.0,31.0,161000.0,31.0,161000.0,31000.0,4193.548387096775,5869.749312300084,2.0,0.19254658384973572,CustomerId_1867,0
88.0,4.0,15000.0,4.0,15000.0,5200.0,2450.0,6481.5121692395205,2.0,0.34666666664355555,CustomerId_1870,1
32.0,17.0,56500.0,17.0,56500.0,6500.0,2941.176470588235,4019.026440496724,2.0,0.11504424778557444,CustomerId_1871,0
12.0,4.0,20000.0,4.0,20000.0,-0.0,5000.0,0.0,2.0,-0.0,CustomerId_1872,0
88.0,1.0,1000.0,1.0,1000.0,-0.0,1000.0,0.0,1.0,-0.0,CustomerId_1873,1
9.0,22.0,100100.0,22.0,100100.0,7330.0,4216.818181818182,6491.15323700807,4.0,0.0732267732260417,CustomerId_1874,0
5.0,97.0,753100.0,97.0,753100.0,141919.4,6300.830927835052,8624.547655159477,3.0,0.18844695259568656,CustomerId_1875,0
51.0,3.0,11000.0,3.0,11000.0,-0.0,3666.6666666666665,3785.9388972001825,1.0,-0.0,CustomerId_1876,1
10.0,18.0,191700.0,18.0,191700.0,11180.0,10028.888888888889,16634.36791312736,3.0,0.0583202921228048,CustomerId_1877,0
86.0,1.0,1000.0,1.0,1000.0,-0.0,1000.0,0.0,1.0,-0.0,CustomerId_1879,1
4.0,35.0,260000.0,35.0,260000.0,31000.0,6542.857142857143,5822.587140473156,2.0,0.11923076923031065,CustomerId_1881,0
18.0,4.0,6500.0,4.0,6500.0,-0.0,1625.0,2250.0,2.0,-0.0,CustomerId_1882,0
71.0,1.0,10000.0,1.0,10000.0,-0.0,10000.0,0.0,1.0,-0.0,CustomerId_1884,1
29.0,1.0,150000.0,1.0,150000.0,-0.0,150000.0,0.0,1.0,-0.0,CustomerId_1885,0
49.0,3.0,10000.0,3.0,10000.0,3000.0,2333.3333333333335,6658.328118479393,2.0,0.29999999997,CustomerId_1886,1
55.0,1.0,1000.0,1.0,1000.0,-0.0,1000.0,0.0,1.0,-0.0,CustomerId_1887,1
62.0,1.0,10000.0,1.0,10000.0,-0.0,10000.0,0.0,1.0,-0.0,CustomerId_1888,1
4.0,67.0,395564.0,67.0,395564.0,57413.6,5047.020895522389,7483.436394576891,3.0,0.14514364300051283,CustomerId_1889,0
5.0,9.0,91000.0,9.0,91000.0,11000.0,8888.888888888889,10373.577546396957,2.0,0.12087912087779254,CustomerId_1890,0
44.0,11.0,2010000.0,11.0,2010000.0,1160.0,182621.81818181818,602758.2432421506,3.0,0.0005771144278604094,CustomerId_1891,1
11.0,1.0,10000.0,1.0,10000.0,-0.0,10000.0,0.0,1.0,-0.0,CustomerId_1892,0
83.0,13.0,11200.0,13.0,11200.0,252.0,842.1538461538462,931.6349290498081,4.0,0.02249999999799107,CustomerId_1895,1
5.0,59.0,266200.0,59.0,266200.0,46200.0,3728.813559322034,5536.619497910306,2.0,0.1735537190076125,CustomerId_1898,0
11.0,10.0,61000.0,10.0,61000.0,11000.0,5000.0,6342.099196813483,2.0,0.18032786884950283,CustomerId_1899,0
38.0,1.0,30000.0,1.0,30000.0,-0.0,30000.0,0.0,1.0,-0.0,CustomerId_1900,1
11.0,17.0,101000.0,17.0,101000.0,21000.0,4705.882352941177,6302.427170169769,2.0,0.2079207920771493,CustomerId_1901,0
19.0,1.0,10000.0,1.0,10000.0,-0.0,10000.0,0.0,1.0,-0.0,CustomerId_1903,0
30.0,43.0,198800.0,43.0,198800.0,8005.0,4437.093023255814,12593.765968798009,4.0,0.04026659959738296,CustomerId_1906,0
77.0,2.0,11000.0,2.0,11000.0,-0.0,5500.0,6363.961030678927,1.0,-0.0,CustomerId_1907,1
25.0,152.0,130262.0,152.0,130262.0,1875.0,844.6513157894736,1376.9323292026936,3.0,0.01439406734109415,CustomerId_1908,0
20.0,41.0,5228000.0,41.0,5228000.0,11629.0,127228.56097560975,129111.61773017347,5.0,0.0022243687834731783,CustomerId_1911,0
76.0,1.0,500.0,1.0,500.0,-0.0,500.0,0.0,1.0,-0.0,CustomerId_1913,1
76.0,5.0,11000.0,5.0,11000.0,250.0,2150.0,2642.4420523447625,2.0,0.02272727272520661,CustomerId_1914,1
33.0,11.0,33624.0,11.0,33624.0,29000.0,420.3636363636364,7991.784872889501,3.0,0.8624791815113467,CustomerId_1915,0
10.0,16.0,14000.0,16.0,14000.0,1115.0,805.3125,899.1652957975339,2.0,0.07964285713716837,CustomerId_1916,0
36.0,7.0,325000.0,7.0,325000.0,5000.0,45714.28571428572,62988.66111111926,4.0,0.015384615384568047,CustomerId_1917,1
64.0,1.0,500.0,1.0,500.0,-0.0,500.0,0.0,1.0,-0.0,CustomerId_1918,1
46.0,5.0,25000.0,5.0,25000.0,6000.0,3800.0,6685.805860178712,2.0,0.2399999999904,CustomerId_1919,1
11.0,5.0,26000.0,5.0,26000.0,6000.0,4000.0,6745.368781616021,2.0,0.23076923076035502,CustomerId_1922,0
5.0,5.0,26000.0,5.0,26000.0,6000.0,4000.0,6745.368781616021,2.0,0.23076923076035502,CustomerId_1923,0
25.0,45.0,59600.0,45.0,59600.0,1425.0,1292.7777777777778,2405.5368318724513,3.0,0.023909395972753197,CustomerId_1925,0
31.0,4.0,20000.0,4.0,20000.0,1200.0,4700.0,6128.621378417825,2.0,0.059999999997,CustomerId_1927,0
25.0,3.0,1000.0,3.0,1000.0,100.0,300.0,606.2177826491071,2.0,0.0999999999,CustomerId_1928,0
0.0,259.0,935300.0,259.0,935300.0,31237.99,3490.5869111969114,7703.1316907007395,5.0,0.033398898749028766,CustomerId_1929,0
46.0,6.0,30000.0,6.0,30000.0,11000.0,3166.6666666666665,7626.707459098367,2.0,0.3666666666544444,CustomerId_1930,1
11.0,10.0,51000.0,10.0,51000.0,11000.0,4000.0,6164.414002968976,2.0,0.2156862745055748,CustomerId_1931,0
57.0,32.0,35000.0,32.0,35000.0,5850.0,910.9375,2282.568388368823,3.0,0.16714285713808164,CustomerId_1932,1
70.0,1.0,1000.0,1.0,1000.0,-0.0,1000.0,0.0,1.0,-0.0,CustomerId_1935,1
6.0,67.0,291500.0,67.0,291500.0,50960.0,3590.1492537313434,6660.605244255963,3.0,0.1748198970834483,CustomerId_1937,0
32.0,66.0,79344.0,66.0,79344.0,5617.0,1117.0757575757575,2206.632333604979,2.0,0.07079300262060405,CustomerId_1938,0
39.0,7.0,4000.0,7.0,4000.0,1100.0,414.2857142857143,796.1963146288555,2.0,0.27499999993125,CustomerId_1942,1
27.0,52.0,101500.0,52.0,101500.0,45610.0,1074.8076923076924,3903.89222086068,2.0,0.4493596059069029,CustomerId_1943,0
6.0,6.0,80000.0,6.0,80000.0,12000.0,11333.333333333334,21683.326928003153,3.0,0.14999999999812502,CustomerId_1944,0
24.0,4.0,8000.0,4.0,8000.0,1150.0,1712.5,2786.388044284811,2.0,0.14374999998203125,CustomerId_1945,0
0.0,20.0,116000.0,20.0,116000.0,36000.0,4000.0,7262.013639842819,2.0,0.31034482758353155,CustomerId_1946,0
80.0,28.0,165000.0,28.0,165000.0,470.0,5876.071428571428,18850.028458429388,2.0,0.002848484848467585,CustomerId_1947,1
46.0,9.0,50000.0,9.0,50000.0,11000.0,4333.333333333333,6442.049363362563,2.0,0.2199999999956,CustomerId_1950,1
37.0,2.0,2000.0,2.0,2000.0,-0.0,1000.0,0.0,1.0,-0.0,CustomerId_1951,1
1.0,60.0,121500.0,60.0,121500.0,2660.0,1980.6666666666667,3301.394988494484,3.0,0.02189300411504615,CustomerId_1956,0
2.0,1.0,1000.0,1.0,1000.0,-0.0,1000.0,0.0,1.0,-0.0,CustomerId_1961,0
85.0,6.0,14500.0,6.0,14500.0,50.0,2408.3333333333335,2165.736980029354,2.0,0.003448275861831153,CustomerId_1963,1
5.0,25.0,147510.0,25.0,147510.0,21010.0,5060.0,5732.801089636141,2.0,0.14243102162468693,CustomerId_1965,0
66.0,1.0,10000.0,1.0,10000.0,-0.0,10000.0,0.0,1.0,-0.0,CustomerId_1966,1
15.0,5.0,21000.0,5.0,21000.0,12050.0,1790.0,11258.13039540758,2.0,0.5738095237821995,CustomerId_1967,0
2.0,8.0,23650.0,8.0,23650.0,6000.0,2206.25,5218.335633678068,2.0,0.25369978857278225,CustomerId_1968,0
1.0,106.0,594000.0,106.0,594000.0,14916.0,5463.056603773585,20162.076796765512,5.0,0.025111111111068837,CustomerId_1969,0
19.0,7.0,15000.0,7.0,15000.0,1250.0,1964.2857142857142,2484.068283702209,2.0,0.08333333332777777,CustomerId_1970,0
46.0,6.0,30000.0,6.0,30000.0,11000.0,3166.6666666666665,7626.707459098367,2.0,0.3666666666544444,CustomerId_1971,1
36.0,2.0,500.0,2.0,500.0,1000.0,-250.0,1060.6601717798212,2.0,1.9999999960000001,CustomerId_1972,1
5.0,10.0,51000.0,10.0,51000.0,11000.0,4000.0,6182.41233033047,2.0,0.2156862745055748,CustomerId_1973,0
0.0,25.0,143000.0,25.0,143000.0,46000.0,3880.0,7724.851670636359,3.0,0.3216783216760722,CustomerId_1974,0
53.0,6.0,30000.0,6.0,30000.0,11000.0,3166.6666666666665,7626.707459098367,2.0,0.3666666666544444,CustomerId_1975,1
0.0,144.0,413100.0,144.0,413100.0,8923.0,2806.784722222222,9508.915128728373,3.0,0.02160009682880271,CustomerId_1976,0
32.0,6.0,31000.0,6.0,31000.0,11000.0,3333.3333333333335,7814.516406449389,2.0,0.3548387096659729,CustomerId_1978,0
82.0,181.0,312700.0,181.0,312700.0,6132.0,1693.745856353591,6898.632414515774,4.0,0.019609849696131724,CustomerId_1979,1
0.0,2.0,100500.0,2.0,100500.0,-0.0,50250.0,70357.12472806148,2.0,-0.0,CustomerId_1980,0
42.0,8.0,5100.0,8.0,5100.0,135.0,620.625,632.0117398321919,2.0,0.026470588230103804,CustomerId_1981,1
60.0,13.0,30000.0,13.0,30000.0,6000.0,1846.1538461538462,3659.37503421358,2.0,0.19999999999333334,CustomerId_1983,1
33.0,1.0,540000.0,1.0,540000.0,-0.0,540000.0,0.0,1.0,-0.0,CustomerId_1984,0
0.0,73.0,200598.0,73.0,200598.0,22014.0,2446.3561643835615,7108.232383749499,4.0,0.10974187180276103,CustomerId_1985,0
36.0,2.0,500.0,2.0,500.0,1000.0,-250.0,1060.6601717798212,2.0,1.9999999960000001,CustomerId_1986,1
0.0,425.0,2357600.0,425.0,2357600.0,45633.4,5439.921411764706,11998.507370822303,3.0,0.019355870376646017,CustomerId_1987,0
18.0,24.0,1923800.0,24.0,1923800.0,11095.0,79696.04166666667,61491.39269882955,3.0,0.005767231520945126,CustomerId_1988,0
32.0,6.0,31000.0,6.0,31000.0,11000.0,3333.3333333333335,7814.516406449389,2.0,0.3548387096659729,CustomerId_1990,0
11.0,4.0,16000.0,4.0,16000.0,6000.0,2500.0,6757.711644237764,2.0,0.37499999997656247,CustomerId_1991,0
20.0,9.0,4100.0,9.0,4100.0,1105.0,332.77777777777777,672.4354574562859,2.0,0.26951219505621654,CustomerId_1994,0
10.0,278.0,985523.0,278.0,985523.0,38366.36,3407.038273381295,11041.284924524174,4.0,0.03892994886974842,CustomerId_1995,0
14.0,16.0,56000.0,16.0,56000.0,2118.0,3367.625,3765.4440176425405,3.0,0.03782142857075319,CustomerId_1996,0
85.0,5.0,3300.0,5.0,3300.0,40.0,652.0,437.62998069145124,2.0,0.012121212117539026,CustomerId_1997,1
12.0,3.0,20000.0,3.0,20000.0,-0.0,6666.666666666667,2886.751345948129,1.0,-0.0,CustomerId_1998,0
24.0,2.0,101500.0,2.0,101500.0,-0.0,50750.0,69650.01794687493,2.0,-0.0,CustomerId_1999,0
83.0,1.0,0.0,1.0,0.0,10000.0,-10000.0,0.0,1.0,10000000000.0,CustomerId_2,1
81.0,14.0,11000.0,14.0,11000.0,1230.0,697.8571428571429,1007.3283672966028,2.0,0.11181818180801653,CustomerId_2001,1
10.0,2.0,5500.0,2.0,5500.0,-0.0,2750.0,3181.9805153394636,2.0,-0.0,CustomerId_2002,0
11.0,15.0,95000.0,15.0,95000.0,2426.0,6171.6,11944.158170419547,4.0,0.02553684210499435,CustomerId_2003,0
71.0,2.0,1500.0,2.0,1500.0,-0.0,750.0,353.5533905932738,2.0,-0.0,CustomerId_2004,1
54.0,75.0,728500.0,75.0,728500.0,7670.0,9611.066666666668,39290.24859466571,4.0,0.010528483184611491,CustomerId_2006,1
86.0,1.0,500.0,1.0,500.0,-0.0,500.0,0.0,1.0,-0.0,CustomerId_2007,1
82.0,1.0,500.0,1.0,500.0,-0.0,500.0,0.0,1.0,-0.0,CustomerId_2008,1
12.0,15.0,81000.0,15.0,81000.0,16000.0,4333.333333333333,5948.189000103509,2.0,0.19753086419509222,CustomerId_2009,0
46.0,17.0,55500.0,17.0,55500.0,10000.0,2676.470588235294,4558.444006972761,2.0,0.18018018017693369,CustomerId_2012,1
5.0,146.0,502695.0,146.0,502695.0,151189.0,2407.5753424657532,7176.15944719219,5.0,0.30075692019952305,CustomerId_2013,0
32.0,6.0,31000.0,6.0,31000.0,11000.0,3333.3333333333335,7814.516406449389,2.0,0.3548387096659729,CustomerId_2014,0
4.0,10.0,51000.0,10.0,51000.0,11000.0,4000.0,6182.41233033047,2.0,0.2156862745055748,CustomerId_2015,0
54.0,15.0,16100.0,15.0,16100.0,1322.0,985.2,1605.44961214697,2.0,0.0821118012371359,CustomerId_2016,1
21.0,85.0,123500.0,85.0,123500.0,3535.0,1411.3529411764705,5519.083148723256,4.0,0.028623481781144752,CustomerId_2017,0
1.0,9.0,46000.0,9.0,46000.0,16000.0,3333.3333333333335,7262.9195231669755,2.0,0.3478260869489603,CustomerId_2018,0
84.0,1.0,2000.0,1.0,2000.0,-0.0,2000.0,0.0,1.0,-0.0,CustomerId_2019,1
11.0,5.0,21000.0,5.0,21000.0,6000.0,3000.0,6745.368781616021,2.0,0.28571428570068025,CustomerId_2020,0
83.0,4.0,1500.0,4.0,1500.0,75.0,356.25,498.48729505708906,2.0,0.04999999996666666,CustomerId_2022,1
32.0,6.0,30000.0,6.0,30000.0,11000.0,3166.6666666666665,7626.707459098367,2.0,0.3666666666544444,CustomerId_2025,0
3.0,1.0,1000.0,1.0,1000.0,-0.0,1000.0,0.0,1.0,-0.0,CustomerId_2029,0
18.0,1.0,2000.0,1.0,2000.0,-0.0,2000.0,0.0,1.0,-0.0,CustomerId_2030,0
2.0,67.0,300000.0,67.0,300000.0,61000.0,3567.1641791044776,5660.131384589817,3.0,0.20333333333265555,CustomerId_2032,0
7.0,76.0,122070.0,76.0,122070.0,16720.0,1386.1842105263158,2070.821595151878,2.0,0.13697059064359,CustomerId_2033,0
18.0,15.0,65000.0,15.0,65000.0,11000.0,3600.0,4781.661396866753,3.0,0.16923076922816568,CustomerId_2034,0
9.0,10.0,23000.0,10.0,23000.0,1320.0,2168.0,3449.0443120764144,2.0,0.05739130434533081,CustomerId_2035,0
86.0,1.0,50000.0,1.0,50000.0,-0.0,50000.0,0.0,1.0,-0.0,CustomerId_2036,1
56.0,1.0,500.0,1.0,500.0,-0.0,500.0,0.0,1.0,-0.0,CustomerId_2039,1
1.0,1.0,150000.0,1.0,150000.0,-0.0,150000.0,0.0,1.0,-0.0,CustomerId_2040,0
9.0,7.0,31000.0,7.0,31000.0,520.0,4354.285714285715,4444.692929561641,2.0,0.016774193547845994,CustomerId_2041,0
0.0,20.0,125000.0,20.0,125000.0,35000.0,4500.0,7236.602866858979,2.0,0.27999999999776004,CustomerId_2042,0
50.0,1.0,5000.0,1.0,5000.0,-0.0,5000.0,0.0,1.0,-0.0,CustomerId_2046,1
17.0,1.0,0.0,1.0,0.0,1000.0,-1000.0,0.0,1.0,1000000000.0,CustomerId_2048,0
65.0,1.0,1000.0,1.0,1000.0,-0.0,1000.0,0.0,1.0,-0.0,CustomerId_2049,1
4.0,61.0,380400.0,61.0,380400.0,70200.0,5085.245901639344,6138.344947013371,2.0,0.18454258675030352,CustomerId_2051,0
2.0,197.0,296600.0,197.0,296600.0,18376.0,1412.3045685279187,4230.456330457459,5.0,0.06195549561678369,CustomerId_2052,0
15.0,1.0,1000.0,1.0,1000.0,-0.0,1000.0,0.0,1.0,-0.0,CustomerId_2053,0
13.0,8.0,6000.0,8.0,6000.0,1120.0,610.0,1196.9365659286807,2.0,0.18666666663555553,CustomerId_2054,0
29.0,12.0,36000.0,12.0,36000.0,1410.0,2882.5,4208.811373988882,3.0,0.039166666665578706,CustomerId_2055,0
38.0,20.0,44650.0,20.0,44650.0,1775.0,2143.75,4503.141264717331,4.0,0.03975363941680283,CustomerId_2056,1
53.0,6.0,30000.0,6.0,30000.0,11000.0,3166.6666666666665,7626.707459098367,2.0,0.3666666666544444,CustomerId_2057,1
43.0,1.0,1100.0,1.0,1100.0,-0.0,1100.0,0.0,1.0,-0.0,CustomerId_2059,1
11.0,14.0,51000.0,14.0,51000.0,11000.0,2857.1428571428573,5263.914057884229,2.0,0.2156862745055748,CustomerId_2061,0
4.0,17.0,64900.0,17.0,64900.0,20495.0,2612.0588235294117,5590.863377764076,2.0,0.31579352850052705,CustomerId_2062,0
12.0,24.0,126000.0,24.0,126000.0,26000.0,4166.666666666667,5952.103513203047,2.0,0.20634920634756868,CustomerId_2063,0
17.0,40.0,82400.0,40.0,82400.0,1305.0,2027.375,2984.4223741037868,3.0,0.015837378640584498,CustomerId_2064,0
29.0,7.0,7000.0,7.0,7000.0,100.0,985.7142857142857,837.015673745264,3.0,0.014285714283673468,CustomerId_2065,0
0.0,1.0,2000.0,1.0,2000.0,-0.0,2000.0,0.0,1.0,-0.0,CustomerId_2067,0
0.0,119.0,377750.0,119.0,377750.0,79912.0,2502.840336134454,4999.861459069105,5.0,0.21154731965529702,CustomerId_2068,0
1.0,50.0,242960.0,50.0,242960.0,7445.0,4710.3,5492.1125605317875,3.0,0.03064290418163219,CustomerId_2069,0
12.0,1.0,10000.0,1.0,10000.0,-0.0,10000.0,0.0,1.0,-0.0,CustomerId_2071,0
0.0,34.0,197000.0,34.0,197000.0,56000.0,4147.058823529412,7028.652842779598,2.0,0.28426395938941995,CustomerId_2072,0
39.0,1.0,1000.0,1.0,1000.0,-0.0,1000.0,0.0,1.0,-0.0,CustomerId_2073,1
53.0,6.0,30000.0,6.0,30000.0,11000.0,3166.6666666666665,7626.707459098367,2.0,0.3666666666544444,CustomerId_2074,1
17.0,7.0,14000.0,7.0,14000.0,1140.0,1837.142857142857,2096.9876353610534,2.0,0.0814285714227551,CustomerId_2075,0
78.0,1.0,1500.0,1.0,1500.0,-0.0,1500.0,0.0,1.0,-0.0,CustomerId_2076,1
23.0,8.0,61600.0,8.0,61600.0,1670.0,7491.25,12771.07383056391,3.0,0.027110389609949506,CustomerId_2078,0
51.0,1.0,4000.0,1.0,4000.0,-0.0,4000.0,0.0,1.0,-0.0,CustomerId_2081,1
28.0,1.0,1000.0,1.0,1000.0,-0.0,1000.0,0.0,1.0,-0.0,CustomerId_2083,0
70.0,1.0,5000.0,1.0,5000.0,-0.0,5000.0,0.0,1.0,-0.0,CustomerId_2085,1
7.0,3.0,52000.0,3.0,52000.0,520.0,17160.0,15311.329138908875,2.0,0.009999999999807692,CustomerId_2086,0
85.0,6.0,10000.0,6.0,10000.0,80.0,1653.3333333333333,1385.7945975744985,3.0,0.0079999999992,CustomerId_2089,1
5.0,25.0,203000.0,25.0,203000.0,41000.0,6480.0,9691.577099041553,2.0,0.20197044334875877,CustomerId_2093,0
2.0,156.0,531400.0,156.0,531400.0,38855.399999999994,3157.337179487179,7646.634548806151,5.0,0.07311893112519172,CustomerId_2094,0
2.0,1.0,10000.0,1.0,10000.0,-0.0,10000.0,0.0,1.0,-0.0,CustomerId_2095,0
32.0,3.0,105000.0,3.0,105000.0,5000.0,33333.333333333336,57951.12883571236,3.0,0.047619047618594104,CustomerId_2097,0
74.0,1.0,10000.0,1.0,10000.0,-0.0,10000.0,0.0,1.0,-0.0,CustomerId_2098,1
88.0,5.0,25200.0,5.0,25200.0,5200.0,4000.0,6558.963332722634,2.0,0.2063492063410179,CustomerId_2099,1
79.0,1.0,500.0,1.0,500.0,-0.0,500.0,0.0,1.0,-0.0,CustomerId_2101,1
53.0,7.0,50000.0,7.0,50000.0,11000.0,5571.428571428572,9431.456989902512,2.0,0.2199999999956,CustomerId_2102,1
53.0,6.0,30000.0,6.0,30000.0,11000.0,3166.6666666666665,7626.707459098367,2.0,0.3666666666544444,CustomerId_2103,1
67.0,6.0,30000.0,6.0,30000.0,11000.0,3166.6666666666665,7626.707459098367,2.0,0.3666666666544444,CustomerId_2104,1
19.0,1.0,1000.0,1.0,1000.0,-0.0,1000.0,0.0,1.0,-0.0,CustomerId_2105,0
0.0,14.0,81000.0,14.0,81000.0,31000.0,3571.4285714285716,8741.715073003834,2.0,0.3827160493779912,CustomerId_2106,0
11.0,7.0,45500.0,7.0,45500.0,5500.0,5714.285714285715,8385.787295861286,2.0,0.1208791208764642,CustomerId_2107,0
32.0,2.0,40500.0,2.0,40500.0,-0.0,20250.0,353.5533905932738,1.0,-0.0,CustomerId_2108,0
37.0,3.0,2000.0,3.0,2000.0,1000.0,333.3333333333333,1154.7005383792516,2.0,0.49999999975,CustomerId_2109,1
90.0,1.0,1000.0,1.0,1000.0,-0.0,1000.0,0.0,1.0,-0.0,CustomerId_2110,1
0.0,111.0,305968.0,111.0,305968.0,58600.0,2228.5405405405404,5759.448196081073,3.0,0.19152329655326203,CustomerId_2111,0
26.0,1.0,2000.0,1.0,2000.0,-0.0,2000.0,0.0,1.0,-0.0,CustomerId_2115,0
84.0,1.0,2000.0,1.0,2000.0,-0.0,2000.0,0.0,1.0,-0.0,CustomerId_2116,1
0.0,14.0,76000.0,14.0,76000.0,26000.0,3571.4285714285716,7303.4689936125105,2.0,0.3421052631533934,CustomerId_2117,0
18.0,5.0,26000.0,5.0,26000.0,6000.0,4000.0,6745.368781616021,2.0,0.23076923076035502,CustomerId_2120,0
8.0,1.0,500.0,1.0,500.0,-0.0,500.0,0.0,1.0,-0.0,CustomerId_2122,0
38.0,4.0,3500.0,4.0,3500.0,1000.0,625.0,1250.0,2.0,0.28571428563265305,CustomerId_2123,1
0.0,18.0,11550.0,18.0,11550.0,1250.0,572.2222222222222,1221.61563973364,2.0,0.10822510821573808,CustomerId_2126,0
0.0,9.0,20000.0,9.0,20000.0,1350.0,2072.222222222222,2510.496852108053,3.0,0.067499999996625,CustomerId_2127,0
11.0,29.0,106464.0,29.0,106464.0,2988.0,3568.137931034483,7623.147548862224,4.0,0.028065825067364877,CustomerId_2130,0
35.0,9.0,65600.0,9.0,65600.0,5800.0,6644.444444444444,8477.633972859277,2.0,0.08841463414499369,CustomerId_2133,0
32.0,17.0,96000.0,17.0,96000.0,16000.0,4705.882352941177,6026.137920367747,2.0,0.16666666666493057,CustomerId_2134,0
3.0,82.0,176843.0,82.0,176843.0,45542.96,1601.22,3904.8436248748717,2.0,0.2575332922408151,CustomerId_2135,0
60.0,2.0,1000.0,2.0,1000.0,50.0,475.0,742.4621202458749,2.0,0.04999999995,CustomerId_2136,1
5.0,40.0,200000.0,40.0,200000.0,36000.0,4100.0,5648.008498577175,2.0,0.1799999999991,CustomerId_2137,0
4.0,14.0,96000.0,14.0,96000.0,16000.0,5714.285714285715,6591.7030766372845,2.0,0.16666666666493057,CustomerId_2138,0
53.0,1.0,1000.0,1.0,1000.0,-0.0,1000.0,0.0,1.0,-0.0,CustomerId_2139,1
0.0,13.0,76000.0,13.0,76000.0,26000.0,3846.153846153846,8060.667402539258,2.0,0.3421052631533934,CustomerId_2140,0
63.0,1.0,10000.0,1.0,10000.0,-0.0,10000.0,0.0,1.0,-0.0,CustomerId_2141,1
33.0,28.0,171200.0,28.0,171200.0,45500.0,4489.285714285715,7006.575709617586,2.0,0.26577102803583075,CustomerId_2142,0
54.0,1.0,500000.0,1.0,500000.0,-0.0,500000.0,0.0,1.0,-0.0,CustomerId_2143,1
54.0,4.0,20000.0,4.0,20000.0,3000.0,4250.0,6652.0673478250355,2.0,0.1499999999925,CustomerId_2144,1
0.0,19.0,106000.0,19.0,106000.0,36000.0,3684.2105263157896,7318.565672915146,2.0,0.33962264150623,CustomerId_2145,0
1.0,1.0,10000.0,1.0,10000.0,-0.0,10000.0,0.0,1.0,-0.0,CustomerId_2147,0
32.0,3.0,22000.0,3.0,22000.0,13000.0,3000.0,13892.443989449805,2.0,0.5909090908822314,CustomerId_2148,0
11.0,9.0,51000.0,9.0,51000.0,11000.0,4444.444444444444,6463.573143221772,2.0,0.2156862745055748,CustomerId_2149,0
18.0,25.0,25400.0,25.0,25400.0,1263.0,965.48,1373.363544975134,3.0,0.04972440944686124,CustomerId_2150,0
50.0,1.0,6000.0,1.0,6000.0,-0.0,6000.0,0.0,1.0,-0.0,CustomerId_2151,1
28.0,3.0,1000.0,3.0,1000.0,1050.0,-16.666666666666668,1000.4165798972613,2.0,1.04999999895,CustomerId_2152,0
32.0,1.0,500.0,1.0,500.0,-0.0,500.0,0.0,1.0,-0.0,CustomerId_2153,0
1.0,127.0,386400.0,127.0,386400.0,78478.0,2424.582677165354,4658.105922451411,3.0,0.20310041407814933,CustomerId_2154,0
74.0,5.0,25000.0,5.0,25000.0,6000.0,3800.0,6685.805860178712,2.0,0.2399999999904,CustomerId_2155,1
58.0,8.0,4100.0,8.0,4100.0,40.0,507.5,470.5847426340977,2.0,0.009756097558596072,CustomerId_2156,1
41.0,1.0,1000.0,1.0,1000.0,-0.0,1000.0,0.0,1.0,-0.0,CustomerId_2157,1
85.0,3.0,225000.0,3.0,225000.0,-0.0,75000.0,108512.67207105353,1.0,-0.0,CustomerId_2158,1
35.0,3.0,4000.0,3.0,4000.0,-0.0,1333.3333333333333,577.3502691896257,2.0,-0.0,CustomerId_2159,0
55.0,3.0,5000.0,3.0,5000.0,1250.0,1250.0,3269.174207655505,2.0,0.24999999995,CustomerId_2165,1
41.0,1.0,50000.0,1.0,50000.0,-0.0,50000.0,0.0,1.0,-0.0,CustomerId_2166,1
25.0,10.0,51000.0,10.0,51000.0,11000.0,4000.0,6164.414002968976,2.0,0.2156862745055748,CustomerId_2167,0
0.0,4.0,127000.0,4.0,127000.0,-0.0,31750.0,46176.29261861546,1.0,-0.0,CustomerId_2169,0
14.0,2.0,4000.0,2.0,4000.0,-0.0,2000.0,0.0,1.0,-0.0,CustomerId_2170,0
1.0,17.0,91500.0,17.0,91500.0,31500.0,3529.4117647058824,7381.290936032324,2.0,0.3442622950782048,CustomerId_2171,0
1.0,9.0,10075.0,9.0,10075.0,1085.0,998.8888888888889,1759.0423136215657,2.0,0.10769230768161862,CustomerId_2172,0
4.0,7.0,45000.0,7.0,45000.0,6000.0,5571.428571428572,6241.184258807054,2.0,0.13333333333037037,CustomerId_2173,0
19.0,6.0,26000.0,6.0,26000.0,6000.0,3333.3333333333335,6088.2400303098,2.0,0.23076923076035502,CustomerId_2175,0
28.0,3.0,11000.0,3.0,11000.0,1220.0,3260.0,6714.372643814164,2.0,0.11090909089900826,CustomerId_2176,0
16.0,25.0,368000.0,25.0,368000.0,6027.0,14478.92,33318.01133511222,4.0,0.016377717391259844,CustomerId_2178,0
84.0,2.0,1000.0,2.0,1000.0,-0.0,500.0,0.0,1.0,-0.0,CustomerId_2179,1
75.0,1.0,1000.0,1.0,1000.0,-0.0,1000.0,0.0,1.0,-0.0,CustomerId_2181,1
74.0,7.0,25000.0,7.0,25000.0,6000.0,2714.285714285714,4914.749424412389,2.0,0.2399999999904,CustomerId_2183,1
58.0,6.0,12000.0,6.0,12000.0,11662.0,56.333333333333336,6408.891375789315,3.0,0.9718333332523472,CustomerId_2184,1
0.0,94.0,191543.0,94.0,191543.0,30572.3,1712.454255319149,3244.631261632081,3.0,0.15961063573109113,CustomerId_2186,0
3.0,37.0,46000.0,37.0,46000.0,510.0,1229.4594594594594,1537.472575990194,2.0,0.011086956521498109,CustomerId_2187,0
77.0,8.0,5000.0,8.0,5000.0,1075.0,490.625,808.651600328773,2.0,0.21499999995699998,CustomerId_2188,1
35.0,1.0,1000.0,1.0,1000.0,-0.0,1000.0,0.0,1.0,-0.0,CustomerId_2190,0
63.0,3.0,42000.0,3.0,42000.0,-0.0,14000.0,10392.304845413264,2.0,-0.0,CustomerId_2191,1
11.0,4.0,16000.0,4.0,16000.0,6000.0,2500.0,6757.711644237764,2.0,0.37499999997656247,CustomerId_2192,0
65.0,1.0,100000.0,1.0,100000.0,-0.0,100000.0,0.0,1.0,-0.0,CustomerId_2198,1
8.0,7.0,218200.0,7.0,218200.0,274.0,31132.285714285714,56783.167370017574,3.0,0.0012557286892701386,CustomerId_2204,0
18.0,8.0,118000.0,8.0,118000.0,1050.0,14618.75,34680.870988197516,2.0,0.008898305084670355,CustomerId_2205,0
53.0,6.0,30000.0,6.0,30000.0,11000.0,3166.6666666666665,7626.707459098367,2.0,0.3666666666544444,CustomerId_2206,1
81.0,1.0,5000.0,1.0,5000.0,-0.0,5000.0,0.0,1.0,-0.0,CustomerId_2207,1
53.0,9.0,90000.0,9.0,90000.0,11000.0,8777.777777777777,10353.474993664902,2.0,0.12222222222086421,CustomerId_2211,1
4.0,22.0,120000.0,22.0,120000.0,5850.0,5188.636363636364,5037.28790923444,4.0,0.04874999999959375,CustomerId_2212,0
0.0,47.0,268125.0,47.0,268125.0,34054.2,4980.229787234042,10899.165832618546,4.0,0.12700867132819763,CustomerId_2213,0
0.0,147.0,1914163.0,147.0,1914163.0,103904.0,12314.687074829932,62250.326092979056,6.0,0.054281688654490616,CustomerId_2214,0
41.0,2.0,120000.0,2.0,120000.0,-0.0,60000.0,56568.5424949238,1.0,-0.0,CustomerId_2215,1
1.0,236.0,2047468.0,236.0,2047468.0,180352.0,7911.5084745762715,50463.491870940124,4.0,0.08808538155414977,CustomerId_2216,0
0.0,13.0,75000.0,13.0,75000.0,25000.0,3846.153846153846,7403.221751892369,2.0,0.3333333333288889,CustomerId_2217,0
3.0,1.0,2000.0,1.0,2000.0,-0.0,2000.0,0.0,1.0,-0.0,CustomerId_2218,0
74.0,5.0,16750.0,5.0,16750.0,5500.0,2250.0,5556.527692723217,2.0,0.3283582089356204,CustomerId_2219,1
2.0,68.0,589900.0,68.0,589900.0,81030.0,7483.382352941177,9596.378454068688,3.0,0.1373622647904096,CustomerId_2221,0
32.0,5.0,30000.0,5.0,30000.0,10000.0,4000.0,8215.838362577491,2.0,0.3333333333222222,CustomerId_2223,0
88.0,9.0,40700.0,9.0,40700.0,10900.0,3311.1111111111113,6765.2502622675465,2.0,0.2678132678066876,CustomerId_2224,1
13.0,1.0,10000.0,1.0,10000.0,-0.0,10000.0,0.0,1.0,-0.0,CustomerId_2226,0
34.0,1.0,1000.0,1.0,1000.0,-0.0,1000.0,0.0,1.0,-0.0,CustomerId_2227,0
0.0,32.0,200000.0,32.0,200000.0,60000.0,4375.0,7486.547074371081,2.0,0.29999999999849997,CustomerId_2230,0
4.0,5.0,26000.0,5.0,26000.0,6000.0,4000.0,6745.368781616021,2.0,0.23076923076035502,CustomerId_2231,0
46.0,6.0,30000.0,6.0,30000.0,11000.0,3166.6666666666665,7626.707459098367,2.0,0.3666666666544444,CustomerId_2232,1
1.0,148.0,252200.0,148.0,252200.0,9910.0,1637.0945945945946,2129.5871668459763,3.0,0.03929421094353967,CustomerId_2233,0
46.0,5.0,25000.0,5.0,25000.0,6000.0,3800.0,6685.805860178712,2.0,0.2399999999904,CustomerId_2239,1
46.0,7.0,40000.0,7.0,40000.0,11000.0,4142.857142857143,7425.823667638301,2.0,0.274999999993125,CustomerId_2243,1
3.0,1.0,1000.0,1.0,1000.0,-0.0,1000.0,0.0,1.0,-0.0,CustomerId_2244,0
86.0,1.0,10000.0,1.0,10000.0,-0.0,10000.0,0.0,1.0,-0.0,CustomerId_2245,1
65.0,21.0,19000.0,21.0,19000.0,1820.0,818.0952380952381,1581.3842640156092,2.0,0.09578947367916897,CustomerId_2246,1
79.0,20.0,14100.0,20.0,14100.0,258.0,692.1,799.4279467877409,3.0,0.01829787233912781,CustomerId_2247,1
11.0,8.0,56000.0,8.0,56000.0,6000.0,6250.0,7025.463889106744,2.0,0.10714285714094388,CustomerId_2250,0
54.0,17.0,22500.0,17.0,22500.0,13500.0,529.4117647058823,4028.1260695704323,2.0,0.5999999999733333,CustomerId_2253,1
85.0,1.0,2000.0,1.0,2000.0,-0.0,2000.0,0.0,1.0,-0.0,CustomerId_2254,1
56.0,2.0,2000.0,2.0,2000.0,-0.0,1000.0,0.0,1.0,-0.0,CustomerId_2256,1
54.0,6.0,30000.0,6.0,30000.0,11000.0,3166.6666666666665,7626.707459098367,2.0,0.3666666666544444,CustomerId_2258,1
0.0,22.0,145000.0,22.0,145000.0,35000.0,5000.0,7071.067811865475,2.0,0.2413793103431629,CustomerId_2260,0
19.0,2.0,4000.0,2.0,4000.0,-0.0,2000.0,0.0,1.0,-0.0,CustomerId_2261,0
40.0,11.0,80000.0,11.0,80000.0,11000.0,6272.727272727273,6466.697906828633,2.0,0.13749999999828127,CustomerId_2262,1
7.0,6.0,9400.0,6.0,9400.0,85.0,1552.5,815.5596238166772,2.0,0.009042553190527387,CustomerId_2263,0
73.0,9.0,25000.0,9.0,25000.0,5000.0,2222.222222222222,4123.947677219541,2.0,0.199999999992,CustomerId_2265,1
1.0,77.0,23774000.0,77.0,23774000.0,5644.5,308679.94155844155,893459.0220826697,4.0,0.00023742323546730728,CustomerId_2266,0
42.0,16.0,137801.0,16.0,137801.0,5240.0,8285.0625,22238.177669550623,4.0,0.03802584886874532,CustomerId_2267,1
33.0,2.0,500.0,2.0,500.0,25.0,237.5,371.23106012293744,2.0,0.0499999999,CustomerId_2268,0
53.0,6.0,30000.0,6.0,30000.0,11000.0,3166.6666666666665,7626.707459098367,2.0,0.3666666666544444,CustomerId_2269,1
74.0,8.0,24000.0,8.0,24000.0,3000.0,2625.0,4688.51179556401,4.0,0.12499999999479167,CustomerId_2272,1
7.0,17.0,166000.0,17.0,166000.0,7658.0,9314.235294117647,9206.385824044986,3.0,0.04613253012020402,CustomerId_2273,0
71.0,1.0,1000.0,1.0,1000.0,-0.0,1000.0,0.0,1.0,-0.0,CustomerId_2275,1
3.0,73.0,49300.0,73.0,49300.0,1030.0,661.2328767123288,632.4828614399133,2.0,0.020892494928582302,CustomerId_2276,0
11.0,5.0,26000.0,5.0,26000.0,6000.0,4000.0,6745.368781616021,2.0,0.23076923076035502,CustomerId_2277,0
32.0,7.0,51000.0,7.0,51000.0,11000.0,5714.285714285715,9516.902257112268,2.0,0.2156862745055748,CustomerId_2279,0
61.0,1.0,1000.0,1.0,1000.0,-0.0,1000.0,0.0,1.0,-0.0,CustomerId_2280,1
0.0,7.0,3000.0,7.0,3000.0,1050.0,278.57142857142856,702.1438259936153,2.0,0.34999999988333336,CustomerId_2281,0
9.0,7.0,0.0,7.0,0.0,14800.0,-2114.285714285714,1607.7194732794353,1.0,14800000000.0,CustomerId_2282,0
30.0,1.0,1000.0,1.0,1000.0,-0.0,1000.0,0.0,1.0,-0.0,CustomerId_2283,0
7.0,25.0,15700.0,25.0,15700.0,235.0,618.6,716.2045797116909,3.0,0.014968152865288652,CustomerId_2284,0
79.0,1.0,500.0,1.0,500.0,-0.0,500.0,0.0,1.0,-0.0,CustomerId_2286,1
53.0,11.0,117500.0,11.0,117500.0,1225.0,10570.454545454546,29761.86909911283,3.0,0.01042553191480489,CustomerId_2287,1
0.0,70.0,388400.0,70.0,388400.0,116900.0,3878.5714285714284,7115.056353614768,4.0,0.30097837281075956,CustomerId_2288,0
0.0,21.0,76000.0,21.0,76000.0,26000.0,2380.9523809523807,5774.73973851801,2.0,0.3421052631533934,CustomerId_2289,0
89.0,5.0,25200.0,5.0,25200.0,5200.0,4000.0,6558.963332722634,2.0,0.2063492063410179,CustomerId_2290,1
74.0,4.0,1510.0,4.0,1510.0,1010.0,125.0,857.846140050767,2.0,0.6688741717424674,CustomerId_2291,1
44.0,3.0,3058000.0,3.0,3058000.0,-0.0,1019333.3333333334,1542945.6676543516,3.0,-0.0,CustomerId_2292,1
66.0,15.0,25220.0,15.0,25220.0,1260.0,1597.3333333333333,2880.762465208192,2.0,0.04996034892744011,CustomerId_2294,1
26.0,4.0,6000.0,4.0,6000.0,100.0,1475.0,1330.100246848585,2.0,0.01666666666388889,CustomerId_2295,0
0.0,4.0,2000.0,4.0,2000.0,-0.0,500.0,0.0,1.0,-0.0,CustomerId_2296,0
4.0,19.0,22500.0,19.0,22500.0,1500.0,1105.2631578947369,2328.3664240575113,2.0,0.0666666666637037,CustomerId_2297,0
80.0,21.0,135500.0,21.0,135500.0,1408.0,6385.333333333333,19374.82888010455,3.0,0.010391143911362427,CustomerId_2298,1
29.0,7.0,26500.0,7.0,26500.0,6500.0,2857.1428571428573,5778.655305765966,2.0,0.24528301885866857,CustomerId_2299,0
52.0,2.0,1000.0,2.0,1000.0,25.0,487.5,724.7844507162113,2.0,0.024999999975,CustomerId_2300,1
25.0,236.0,780958.0,236.0,780958.0,8834.9,3271.7080508474573,9330.598571685257,5.0,0.011312900309605236,CustomerId_2301,0
4.0,6.0,36000.0,6.0,36000.0,6000.0,5000.0,6511.528238439882,2.0,0.16666666666203703,CustomerId_2302,0
0.0,11.0,13100000.0,11.0,13100000.0,26000.0,1188545.4545454546,1896617.5873716013,2.0,0.0019847328244273293,CustomerId_2303,0
11.0,3.0,10000.0,3.0,10000.0,6000.0,1333.3333333333333,7767.453465154029,2.0,0.59999999994,CustomerId_2305,0
2.0,61.0,204100.0,61.0,204100.0,2280.0,3308.5245901639346,4321.530047743729,4.0,0.011170994610430323,CustomerId_2306,0
5.0,4.0,2000.0,4.0,2000.0,-0.0,500.0,0.0,1.0,-0.0,CustomerId_2307,0
1.0,144.0,155200.0,144.0,155200.0,11105.0,1000.6597222222222,1740.1570589159555,3.0,0.07155283505108535,CustomerId_2308,0
29.0,1.0,10000.0,1.0,10000.0,-0.0,10000.0,0.0,1.0,-0.0,CustomerId_2309,0
19.0,9.0,51000.0,9.0,51000.0,11000.0,4444.444444444444,6463.573143221772,2.0,0.2156862745055748,CustomerId_2310,0
50.0,13.0,7500.0,13.0,7500.0,1140.0,489.2307692307692,1046.6152710719568,3.0,0.15199999997973332,CustomerId_2311,1
4.0,7.0,46000.0,7.0,46000.0,6000.0,5714.285714285715,6237.368187365718,2.0,0.1304347826058601,CustomerId_2313,0
4.0,25.0,126000.0,25.0,126000.0,26000.0,4000.0,5916.079783099617,2.0,0.20634920634756868,CustomerId_2315,0
89.0,1.0,1000.0,1.0,1000.0,-0.0,1000.0,0.0,1.0,-0.0,CustomerId_2317,1
22.0,26.0,44650.0,26.0,44650.0,2015.0,1639.8076923076924,2381.5423493061094,3.0,0.04512877939428603,CustomerId_2321,0
3.0,5.0,21200.0,5.0,21200.0,1200.0,4000.0,5533.534132902769,2.0,0.05660377358223567,CustomerId_2322,0
15.0,14.0,32750.0,14.0,32750.0,1047.0,2264.5,3759.9464552243085,4.0,0.031969465647878795,CustomerId_2323,0
63.0,162.0,544411.0,162.0,544411.0,24311.0,3210.4938271604938,12443.266263123709,5.0,0.044655600272506146,CustomerId_2324,1
15.0,11.0,730000.0,11.0,730000.0,-0.0,66363.63636363637,34719.656470860216,1.0,-0.0,CustomerId_2325,0
15.0,9.0,19000.0,9.0,19000.0,1075.0,1991.6666666666667,2418.7419250511202,2.0,0.056578947365443215,CustomerId_2326,0
46.0,4.0,15000.0,4.0,15000.0,6000.0,2250.0,6601.767440112787,2.0,0.3999999999733333,CustomerId_2327,1
5.0,5.0,26000.0,5.0,26000.0,6000.0,4000.0,6745.368781616021,2.0,0.23076923076035502,CustomerId_2328,0
4.0,31.0,343160.0,31.0,343160.0,6819.0,10849.709677419354,20867.57453434003,3.0,0.019871197109162284,CustomerId_2329,0
19.0,5.0,26000.0,5.0,26000.0,6000.0,4000.0,6745.368781616021,2.0,0.23076923076035502,CustomerId_2330,0
35.0,15.0,51600.0,15.0,51600.0,1804.0,3319.733333333333,6379.075979511527,3.0,0.034961240309399975,CustomerId_2332,0
37.0,1.0,1000.0,1.0,1000.0,-0.0,1000.0,0.0,1.0,-0.0,CustomerId_2333,1
46.0,4.0,15000.0,4.0,15000.0,6000.0,2250.0,6601.767440112787,2.0,0.3999999999733333,CustomerId_2334,1
60.0,1.0,5000.0,1.0,5000.0,-0.0,5000.0,0.0,1.0,-0.0,CustomerId_2335,1
54.0,4.0,15000.0,4.0,15000.0,6000.0,2250.0,6601.767440112787,2.0,0.3999999999733333,CustomerId_2336,1
4.0,7.0,46000.0,7.0,46000.0,6000.0,5714.285714285715,6237.368187365718,2.0,0.1304347826058601,CustomerId_2338,0
25.0,6.0,3500.0,6.0,3500.0,1010.0,415.0,862.1774759294052,2.0,0.2885714284889796,CustomerId_2340,0
65.0,5.0,3500.0,5.0,3500.0,14000.0,-2100.0,4849.742261192856,2.0,3.999999998857143,CustomerId_2341,1
25.0,1.0,500.0,1.0,500.0,-0.0,500.0,0.0,1.0,-0.0,CustomerId_2342,0
0.0,64.0,130350.0,64.0,130350.0,3162.0,1987.3125,4132.382055951411,5.0,0.024257767548720693,CustomerId_2343,0
59.0,3.0,80000.0,3.0,80000.0,6000.0,24666.666666666668,47961.7903474561,2.0,0.07499999999906251,CustomerId_2344,1
46.0,6.0,30000.0,6.0,30000.0,11000.0,3166.6666666666665,7626.707459098367,2.0,0.3666666666544444,CustomerId_2345,1
73.0,2.0,11750.0,2.0,11750.0,-0.0,5875.0,5833.630944789017,2.0,-0.0,CustomerId_2346,1
22.0,1.0,20000.0,1.0,20000.0,-0.0,20000.0,0.0,1.0,-0.0,CustomerId_2347,0
18.0,37.0,96800.0,37.0,96800.0,1680.0,2570.810810810811,5335.610778521976,3.0,0.017355371900647155,CustomerId_2348,0
32.0,484.0,1138847.0,484.0,1138847.0,13917.5,2324.2345041322315,6853.191202244491,4.0,0.012220693385492327,CustomerId_2349,0
5.0,6.0,26000.0,6.0,26000.0,6000.0,3333.3333333333335,6088.2400303098,2.0,0.23076923076035502,CustomerId_2352,0
8.0,55.0,6285200.0,55.0,6285200.0,5622.0,114174.14545454546,171597.52521033565,4.0,0.000894482275822425,CustomerId_2353,0
41.0,1.0,5000.0,1.0,5000.0,-0.0,5000.0,0.0,1.0,-0.0,CustomerId_2356,1
88.0,1.0,2000.0,1.0,2000.0,-0.0,2000.0,0.0,1.0,-0.0,CustomerId_2357,1
5.0,3.0,110000.0,3.0,110000.0,-0.0,36666.666666666664,54848.27557301444,1.0,-0.0,CustomerId_2359,0
55.0,25.0,47365.0,25.0,47365.0,1375.0,1839.6,2900.552720316135,2.0,0.029029874379203423,CustomerId_2360,1
28.0,1.0,1000.0,1.0,1000.0,-0.0,1000.0,0.0,1.0,-0.0,CustomerId_2361,0
52.0,4.0,2000.0,4.0,2000.0,1050.0,237.5,962.0940702446928,2.0,0.5249999997375,CustomerId_2362,1
4.0,27.0,196400.0,27.0,196400.0,36400.0,5925.925925925926,8700.998731029613,2.0,0.1853360488788934,CustomerId_2363,0
26.0,1.0,500.0,1.0,500.0,-0.0,500.0,0.0,1.0,-0.0,CustomerId_2365,0
68.0,6.0,1100000.0,6.0,1100000.0,-0.0,183333.33333333334,8164.965809277261,2.0,-0.0,CustomerId_2366,1
5.0,9.0,51000.0,9.0,51000.0,11000.0,4444.444444444444,6463.573143221772,2.0,0.2156862745055748,CustomerId_2368,0
36.0,5.0,4700.0,5.0,4700.0,1000.0,740.0,1089.954127475097,2.0,0.21276595740153914,CustomerId_2369,1
67.0,8.0,55000.0,8.0,55000.0,6000.0,6125.0,5986.592162013854,2.0,0.10909090908892562,CustomerId_2371,1
18.0,1.0,5000.0,1.0,5000.0,-0.0,5000.0,0.0,1.0,-0.0,CustomerId_2372,0
18.0,11.0,153300.0,11.0,153300.0,12500.0,12800.0,19786.10623644784,2.0,0.08153946510057704,CustomerId_2373,0
0.0,6.0,2500.0,6.0,2500.0,1050.0,241.66666666666666,693.1209610642768,3.0,0.41999999983200004,CustomerId_2374,0
13.0,3.0,22000.0,3.0,22000.0,-0.0,7333.333333333333,4618.802153517006,2.0,-0.0,CustomerId_2375,0
86.0,1.0,500.0,1.0,500.0,-0.0,500.0,0.0,1.0,-0.0,CustomerId_2376,1
65.0,11.0,7500.0,11.0,7500.0,1110.0,580.9090909090909,868.4060633765122,2.0,0.14799999998026667,CustomerId_2381,1
1.0,8.0,30000.0,8.0,30000.0,1750.0,3531.25,5675.633224583844,2.0,0.05833333333138889,CustomerId_2384,0
44.0,3.0,1100.0,3.0,1100.0,1022.0,26.0,1050.8225349696304,2.0,0.9290909082462809,CustomerId_2386,1
83.0,2.0,105000.0,2.0,105000.0,-0.0,52500.0,67175.14421272202,1.0,-0.0,CustomerId_2388,1
52.0,1.0,1000.0,1.0,1000.0,-0.0,1000.0,0.0,1.0,-0.0,CustomerId_2389,1
4.0,5.0,26000.0,5.0,26000.0,6000.0,4000.0,6745.368781616021,2.0,0.23076923076035502,CustomerId_2391,0
33.0,21.0,189800.0,21.0,189800.0,31000.0,7561.9047619047615,10189.724048789358,3.0,0.1633298208632069,CustomerId_2393,0
42.0,2.0,3250.0,2.0,3250.0,-0.0,1625.0,883.8834764831844,1.0,-0.0,CustomerId_2396,1
71.0,1.0,500.0,1.0,500.0,-0.0,500.0,0.0,1.0,-0.0,CustomerId_2397,1
74.0,1.0,50000.0,1.0,50000.0,-0.0,50000.0,0.0,1.0,-0.0,CustomerId_2398,1
46.0,8.0,60000.0,8.0,60000.0,16000.0,5500.0,11237.691679598363,3.0,0.2666666666622222,CustomerId_2400,1
5.0,14.0,92650.0,14.0,92650.0,16000.0,5475.0,7578.125148691513,3.0,0.17269293038129852,CustomerId_2401,0
32.0,19.0,19000.0,19.0,19000.0,1380.0,927.3684210526316,1194.5982221151603,2.0,0.0726315789435457,CustomerId_2402,0
0.0,21.0,116500.0,21.0,116500.0,36500.0,3809.5238095238096,7151.007255058882,2.0,0.3133047210273536,CustomerId_2403,0
74.0,5.0,7000.0,5.0,7000.0,1020.0,1196.0,2282.998028908479,2.0,0.1457142856934694,CustomerId_2404,1
6.0,1.0,2000.0,1.0,2000.0,-0.0,2000.0,0.0,1.0,-0.0,CustomerId_2405,0
8.0,22.0,20000.0,22.0,20000.0,1375.0,846.5909090909091,1459.7842195107012,2.0,0.0687499999965625,CustomerId_2406,0
67.0,6.0,4000.0,6.0,4000.0,1070.0,488.3333333333333,1055.6593516218509,2.0,0.267499999933125,CustomerId_2407,1
46.0,7.0,65000.0,7.0,65000.0,6000.0,8428.57142857143,9606.545387688244,2.0,0.09230769230627218,CustomerId_2408,1
41.0,1.0,1000.0,1.0,1000.0,-0.0,1000.0,0.0,1.0,-0.0,CustomerId_2409,1
5.0,34.0,275210.0,34.0,275210.0,55200.0,6470.882352941177,9176.421157426626,2.0,0.20057410704480005,CustomerId_2414,0
25.0,1.0,5000.0,1.0,5000.0,-0.0,5000.0,0.0,1.0,-0.0,CustomerId_2415,0
44.0,57.0,123000.0,57.0,123000.0,8476.0,2009.1929824561403,8161.113919589733,4.0,0.06891056910513081,CustomerId_2416,1
2.0,124.0,1180050.0,124.0,1180050.0,152904.8,8283.429032258064,22823.50794827926,3.0,0.12957484852325785,CustomerId_2417,0
32.0,14.0,121000.0,14.0,121000.0,21000.0,7142.857142857143,9638.5216138731,2.0,0.17355371900683014,CustomerId_2419,0
85.0,18.0,7000.0,18.0,7000.0,100.0,383.3333333333333,224.59113177191176,2.0,0.014285714283673468,CustomerId_2420,1
5.0,13.0,7248.0,13.0,7248.0,1153.0,468.84615384615387,759.4749113865718,2.0,0.15907836642396822,CustomerId_2422,0
12.0,3.0,34000.0,3.0,34000.0,20.0,11326.666666666666,18776.584708975523,3.0,0.0005882352941003461,CustomerId_2423,0
7.0,39.0,53600.0,39.0,53600.0,280.0,1367.179487179487,2074.1414821533276,2.0,0.005223880596917465,CustomerId_2424,0
4.0,35.0,215600.0,35.0,215600.0,35600.0,5142.857142857143,6015.973136002956,2.0,0.1651205936912564,CustomerId_2425,0
64.0,6.0,4300.0,6.0,4300.0,125.0,695.8333333333334,870.7606827749325,2.0,0.029069767435100053,CustomerId_2426,1
1.0,67.0,505700.0,67.0,505700.0,80500.0,6346.268656716418,6839.398528362,3.0,0.1591852877196773,CustomerId_2427,0
3.0,2.0,1000.0,2.0,1000.0,-0.0,500.0,0.0,2.0,-0.0,CustomerId_2428,0
12.0,5.0,26000.0,5.0,26000.0,6000.0,4000.0,6745.368781616021,2.0,0.23076923076035502,CustomerId_2431,0
49.0,2.0,53000.0,2.0,53000.0,-0.0,26500.0,33234.018715767736,1.0,-0.0,CustomerId_2432,1
4.0,30.0,266000.0,30.0,266000.0,46000.0,7333.333333333333,9411.413955600836,2.0,0.17293233082641754,CustomerId_2433,0
0.0,6.0,19000.0,6.0,19000.0,1100.0,2983.3333333333335,6908.014668967247,2.0,0.05789473683905817,CustomerId_2434,0
0.0,12.0,66000.0,12.0,66000.0,26000.0,3333.3333333333335,8679.477710861025,2.0,0.3939393939334252,CustomerId_2435,0
56.0,1.0,2500.0,1.0,2500.0,-0.0,2500.0,0.0,1.0,-0.0,CustomerId_2436,1
53.0,18.0,91700.0,18.0,91700.0,31700.0,3333.3333333333335,7228.131318185992,2.0,0.34569247545969806,CustomerId_2437,1
46.0,9.0,60000.0,9.0,60000.0,11000.0,5444.444444444444,6930.20762876393,2.0,0.18333333333027776,CustomerId_2438,1
4.0,9.0,40000.0,9.0,40000.0,5050.0,3883.3333333333335,6277.7384462878035,3.0,0.12624999999684375,CustomerId_2440,0
0.0,31.0,29500.0,31.0,29500.0,765.0,926.9354838709677,1964.3008414443357,2.0,0.025932203388951452,CustomerId_2441,0
61.0,4.0,2000.0,4.0,2000.0,1050.0,237.5,962.0940702446928,2.0,0.5249999997375,CustomerId_2443,1
35.0,1.0,1000.0,1.0,1000.0,-0.0,1000.0,0.0,1.0,-0.0,CustomerId_2444,0
24.0,55.0,17744972.0,55.0,17744972.0,1210.0,322613.85454545455,1184937.5072447744,2.0,6.818832962936949e-05,CustomerId_2445,0
75.0,62.0,212100.0,62.0,212100.0,1477.0,3397.1451612903224,5502.02213749941,3.0,0.006963696369604131,CustomerId_2446,1
85.0,9.0,13000.0,9.0,13000.0,400.0,1400.0,1799.5225061109961,2.0,0.030769230766863904,CustomerId_2447,1
82.0,1.0,1000.0,1.0,1000.0,-0.0,1000.0,0.0,1.0,-0.0,CustomerId_2451,1
35.0,15.0,11130.0,15.0,11130.0,1150.0,665.3333333333334,866.6179473485803,4.0,0.10332434859808406,CustomerId_2454,0
62.0,2.0,51000.0,2.0,51000.0,-0.0,25500.0,34648.23227814083,2.0,-0.0,CustomerId_2455,1
28.0,1.0,12000.0,1.0,12000.0,-0.0,12000.0,0.0,1.0,-0.0,CustomerId_2456,0
5.0,22.0,54400.0,22.0,54400.0,1583.0,2400.7727272727275,2423.36420885194,2.0,0.02909926470534744,CustomerId_2457,0
70.0,1.0,500.0,1.0,500.0,-0.0,500.0,0.0,1.0,-0.0,CustomerId_2458,1
23.0,399.0,840732.0,399.0,840732.0,22617.0,2050.4135338345864,5421.228838790144,3.0,0.026901557214395428,CustomerId_2459,0
51.0,7.0,5500.0,7.0,5500.0,50.0,778.5714285714286,410.13934914158835,2.0,0.009090909089256197,CustomerId_2461,1
5.0,5.0,26000.0,5.0,26000.0,6000.0,4000.0,6745.368781616021,2.0,0.23076923076035502,CustomerId_2462,0
84.0,7.0,7000.0,7.0,7000.0,300.0,957.1428571428571,1198.759279223235,2.0,0.04285714285102041,CustomerId_2463,1
53.0,1.0,1000.0,1.0,1000.0,-0.0,1000.0,0.0,1.0,-0.0,CustomerId_2465,1
70.0,2.0,1800.0,2.0,1800.0,-0.0,900.0,141.4213562373095,1.0,-0.0,CustomerId_2468,1
5.0,28.0,151000.0,28.0,151000.0,31000.0,4285.714285714285,6069.70096802716,2.0,0.2052980132436735,CustomerId_2469,0
36.0,2.0,20500.0,2.0,20500.0,-0.0,10250.0,13788.582233137677,1.0,-0.0,CustomerId_2470,1
1.0,2.0,1500.0,2.0,1500.0,-0.0,750.0,353.5533905932738,2.0,-0.0,CustomerId_2471,0
5.0,11.0,51000.0,11.0,51000.0,11000.0,3636.3636363636365,5869.799439039247,2.0,0.2156862745055748,CustomerId_2474,0
40.0,310.0,638429.0,310.0,638429.0,26728.5,1973.2274193548387,5375.130091062697,5.0,0.04186604931786954,CustomerId_2477,0
15.0,1.0,10000.0,1.0,10000.0,-0.0,10000.0,0.0,1.0,-0.0,CustomerId_2480,0
4.0,6.0,26000.0,6.0,26000.0,6000.0,3333.3333333333335,6088.2400303098,2.0,0.23076923076035502,CustomerId_2481,0
35.0,10.0,2200.0,10.0,2200.0,6035.0,-383.5,826.6735550788272,2.0,2.7431818169349174,CustomerId_2482,0
18.0,1.0,5000.0,1.0,5000.0,-0.0,5000.0,0.0,1.0,-0.0,CustomerId_2485,0
0.0,2.0,80000.0,2.0,80000.0,-0.0,40000.0,0.0,1.0,-0.0,CustomerId_2488,0
3.0,1.0,10000.0,1.0,10000.0,-0.0,10000.0,0.0,1.0,-0.0,CustomerId_2489,0
31.0,1.0,5000.0,1.0,5000.0,-0.0,5000.0,0.0,1.0,-0.0,CustomerId_2490,0
4.0,85.0,376831.0,85.0,376831.0,65631.0,3661.176470588235,5418.088536112534,3.0,0.17416560739383394,CustomerId_2491,0
46.0,6.0,30000.0,6.0,30000.0,11000.0,3166.6666666666665,7626.707459098367,2.0,0.3666666666544444,CustomerId_2492,1
5.0,1.0,1000.0,1.0,1000.0,-0.0,1000.0,0.0,1.0,-0.0,CustomerId_2493,0
24.0,3.0,5000.0,3.0,5000.0,1100.0,1300.0,3235.737937472687,2.0,0.21999999995599998,CustomerId_2494,0
46.0,6.0,4000.0,6.0,4000.0,1050.0,491.6666666666667,842.8621872326856,2.0,0.262499999934375,CustomerId_2495,1
35.0,2.0,30000.0,2.0,30000.0,-0.0,15000.0,0.0,2.0,-0.0,CustomerId_2496,0
61.0,2.0,280500.0,2.0,280500.0,-0.0,140250.0,197636.34534164003,2.0,-0.0,CustomerId_2497,1
5.0,6.0,18000.0,6.0,18000.0,1150.0,2808.3333333333335,2745.981913026134,2.0,0.0638888888853395,CustomerId_2498,0
12.0,8.0,135000.0,8.0,135000.0,16000.0,14875.0,28612.87172884659,2.0,0.1185185185176406,CustomerId_2501,0
45.0,1.0,1500.0,1.0,1500.0,-0.0,1500.0,0.0,1.0,-0.0,CustomerId_2503,1
19.0,6.0,26000.0,6.0,26000.0,6000.0,3333.3333333333335,6088.2400303098,2.0,0.23076923076035502,CustomerId_2504,0
26.0,4.0,7000.0,4.0,7000.0,1000.0,1500.0,1914.854215512676,3.0,0.14285714283673467,CustomerId_2505,0
11.0,9.0,51000.0,9.0,51000.0,11000.0,4444.444444444444,6559.556218051475,2.0,0.2156862745055748,CustomerId_2506,0
12.0,14.0,76000.0,14.0,76000.0,16000.0,4285.714285714285,6157.27926214882,2.0,0.2105263157867036,CustomerId_2508,0
86.0,1.0,1000.0,1.0,1000.0,-0.0,1000.0,0.0,1.0,-0.0,CustomerId_2512,1
46.0,6.0,30000.0,6.0,30000.0,11000.0,3166.6666666666665,7626.707459098367,2.0,0.3666666666544444,CustomerId_2513,1
20.0,16.0,10000.0,16.0,10000.0,1050.0,559.375,752.5199332908065,2.0,0.10499999998949999,CustomerId_2514,0
13.0,12.0,14600.0,12.0,14600.0,1130.0,1122.5,3152.846116822646,2.0,0.07739726026867141,CustomerId_2515,0
11.0,30.0,36700.0,30.0,36700.0,585.0,1203.8333333333333,1221.4114809297996,2.0,0.015940054495478473,CustomerId_2519,0
13.0,14.0,25550.0,14.0,25550.0,1500.0,1717.857142857143,2097.650438618733,2.0,0.05870841487050065,CustomerId_2520,0
56.0,1.0,1000.0,1.0,1000.0,-0.0,1000.0,0.0,1.0,-0.0,CustomerId_2522,1
82.0,5.0,4000.0,5.0,4000.0,1020.0,596.0,1142.838571277676,2.0,0.25499999993625,CustomerId_2523,1
58.0,1.0,20000.0,1.0,20000.0,-0.0,20000.0,0.0,1.0,-0.0,CustomerId_2525,1
26.0,1.0,1000.0,1.0,1000.0,-0.0,1000.0,0.0,1.0,-0.0,CustomerId_2526,0
37.0,5.0,4000.0,5.0,4000.0,20.0,796.0,456.1578674099571,2.0,0.00499999999875,CustomerId_2527,1
18.0,610.0,1776078.0,610.0,1776078.0,80883.7,2779.007049180328,22872.844886611598,5.0,0.045540623778884966,CustomerId_2528,0
18.0,63.0,168000.0,63.0,168000.0,31000.0,2174.6031746031745,4170.904143258129,3.0,0.18452380952271116,CustomerId_2529,0
60.0,12.0,30000.0,12.0,30000.0,6000.0,2000.0,3789.938833759242,2.0,0.19999999999333334,CustomerId_2530,1
2.0,133.0,202900.0,133.0,202900.0,14894.25,1413.577067669173,2774.7502819289566,4.0,0.0734068506649906,CustomerId_2531,0
0.0,1.0,10000.0,1.0,10000.0,-0.0,10000.0,0.0,1.0,-0.0,CustomerId_2532,0
74.0,1.0,1000.0,1.0,1000.0,-0.0,1000.0,0.0,1.0,-0.0,CustomerId_2534,1
58.0,14.0,205600.0,14.0,205600.0,10500.0,13935.714285714286,28474.350323995568,2.0,0.05107003891025744,CustomerId_2535,1
32.0,1.0,500.0,1.0,500.0,-0.0,500.0,0.0,1.0,-0.0,CustomerId_2536,0
11.0,15.0,91000.0,15.0,91000.0,15474.0,5035.066666666667,7549.050228497686,4.0,0.17004395604208744,CustomerId_2537,0
54.0,4.0,15000.0,4.0,15000.0,6000.0,2250.0,6601.767440112787,2.0,0.3999999999733333,CustomerId_2538,1
4.0,8.0,46000.0,8.0,46000.0,6000.0,5000.0,6000.0,2.0,0.1304347826058601,CustomerId_2539,0
0.0,1.0,1000.0,1.0,1000.0,-0.0,1000.0,0.0,1.0,-0.0,CustomerId_2541,0
54.0,4.0,15000.0,4.0,15000.0,6000.0,2250.0,6601.767440112787,2.0,0.3999999999733333,CustomerId_2543,1
26.0,139.0,184260.0,139.0,184260.0,3775.0,1298.453237410072,1379.4106923989898,2.0,0.020487354824593036,CustomerId_2544,0
10.0,9.0,7000.0,9.0,7000.0,1200.0,644.4444444444445,1017.1788327417052,2.0,0.17142857140408163,CustomerId_2545,0
0.0,109.0,152700.0,109.0,152700.0,7960.0,1327.8899082568807,2576.518277096444,4.0,0.05212835625375161,CustomerId_2546,0
46.0,34.0,45426.0,34.0,45426.0,6425.0,1147.0882352941176,2557.441087536726,2.0,0.1414388235780954,CustomerId_2548,1
11.0,7.0,31000.0,7.0,31000.0,6000.0,3571.4285714285716,5593.363414414826,2.0,0.19354838709053068,CustomerId_2549,0
19.0,12.0,61000.0,12.0,61000.0,11000.0,4166.666666666667,5886.553758483409,2.0,0.18032786884950283,CustomerId_2550,0
84.0,7.0,11000.0,7.0,11000.0,496.0,1500.5714285714287,956.0346676320298,3.0,0.04509090908680992,CustomerId_2552,1
55.0,5.0,106000.0,5.0,106000.0,2550.0,20690.0,29119.890109682765,2.0,0.024056603773357957,CustomerId_2554,1
81.0,3.0,42500.0,3.0,42500.0,-0.0,14166.666666666666,23239.693055919077,3.0,-0.0,CustomerId_2555,1
87.0,1.0,50000.0,1.0,50000.0,-0.0,50000.0,0.0,1.0,-0.0,CustomerId_2556,1
13.0,2.0,1500.0,2.0,1500.0,-0.0,750.0,353.5533905932738,2.0,-0.0,CustomerId_2557,0
66.0,1.0,500.0,1.0,500.0,-0.0,500.0,0.0,1.0,-0.0,CustomerId_2558,1
35.0,1.0,1000.0,1.0,1000.0,-0.0,1000.0,0.0,1.0,-0.0,CustomerId_2559,0
4.0,5.0,26000.0,5.0,26000.0,6000.0,4000.0,6745.368781616021,2.0,0.23076923076035502,CustomerId_2560,0
1.0,1.0,40000.0,1.0,40000.0,-0.0,40000.0,0.0,1.0,-0.0,CustomerId_2561,0
0.0,21.0,201600.0,21.0,201600.0,1350.0,9535.714285714286,24487.424897573157,3.0,0.006696428571395355,CustomerId_2562,0
4.0,35.0,205000.0,35.0,205000.0,41000.0,4685.714285714285,6062.281790233912,2.0,0.19999999999902437,CustomerId_2564,0
0.0,4.0,3000.0,4.0,3000.0,1050.0,487.5,1297.674201536477,2.0,0.34999999988333336,CustomerId_2565,0
57.0,10.0,6800.0,10.0,6800.0,1105.0,569.5,874.3710437921776,3.0,0.16249999997610293,CustomerId_2569,1
54.0,1.0,500.0,1.0,500.0,-0.0,500.0,0.0,1.0,-0.0,CustomerId_2570,1
16.0,12.0,13100.0,12.0,13100.0,1210.0,990.8333333333334,1550.4688929091055,2.0,0.09236641220668959,CustomerId_2571,0
4.0,2.0,20000.0,2.0,20000.0,-0.0,10000.0,0.0,1.0,-0.0,CustomerId_2572,0
7.0,58.0,122752.0,58.0,122752.0,2729.5,2069.353448275862,6107.776617608238,4.0,0.022235890250079545,CustomerId_2574,0
54.0,1.0,0.0,1.0,0.0,5000.0,-5000.0,0.0,1.0,5000000000.0,CustomerId_2576,1
82.0,7.0,130000.0,7.0,130000.0,-0.0,18571.428571428572,16681.89780228,2.0,-0.0,CustomerId_2577,1
25.0,1.0,1000.0,1.0,1000.0,-0.0,1000.0,0.0,1.0,-0.0,CustomerId_2579,0
61.0,9.0,24500.0,9.0,24500.0,2497.54,2444.717777777778,3783.619517980692,4.0,0.10194040815910448,CustomerId_2580,1
60.0,6.0,50000.0,6.0,50000.0,10000.0,6666.666666666667,9831.92080250175,2.0,0.199999999996,CustomerId_2582,1
20.0,4.0,143600.0,4.0,143600.0,1032.0,35642.0,70913.45045899262,3.0,0.007186629526412349,CustomerId_2584,0
0.0,2.0,31000.0,2.0,31000.0,-0.0,15500.0,13435.028842544403,1.0,-0.0,CustomerId_2587,0
54.0,175.0,423100.0,175.0,423100.0,19497.0,2306.302857142857,5428.693513021813,5.0,0.04608130465600075,CustomerId_2588,1
68.0,17.0,101700.0,17.0,101700.0,31700.0,4117.64705882353,9013.686488759582,2.0,0.31170108160952115,CustomerId_2589,1
40.0,1.0,10000.0,1.0,10000.0,-0.0,10000.0,0.0,1.0,-0.0,CustomerId_2591,1
5.0,6.0,50000.0,6.0,50000.0,10000.0,6666.666666666667,9831.92080250175,2.0,0.199999999996,CustomerId_2592,0
34.0,3.0,1055000.0,3.0,1055000.0,-0.0,351666.6666666667,548482.7557301444,1.0,-0.0,CustomerId_2594,0
49.0,79.0,153000.0,79.0,153000.0,3181.0,1896.4430379746836,4261.087936638367,3.0,0.020790849673066724,CustomerId_2595,1
67.0,4.0,1400.0,4.0,1400.0,1025.0,93.75,821.6789214772399,3.0,0.7321428566198979,CustomerId_2596,1
15.0,3.0,5000.0,3.0,5000.0,200.0,1600.0,2163.3307652783938,2.0,0.039999999992,CustomerId_2597,0
85.0,17.0,23000.0,17.0,23000.0,330.0,1333.5294117647059,2362.4641298241722,3.0,0.014347826086332702,CustomerId_2598,1
32.0,6.0,31000.0,6.0,31000.0,11000.0,3333.3333333333335,7814.516406449389,2.0,0.3548387096659729,CustomerId_2599,0
31.0,1.0,0.0,1.0,0.0,1000.0,-1000.0,0.0,1.0,1000000000.0,CustomerId_2600,0
23.0,12.0,23000.0,12.0,23000.0,1170.0,1819.1666666666667,2231.947613971966,3.0,0.05086956521517958,CustomerId_2601,0
77.0,13.0,7500.0,13.0,7500.0,1200.0,484.61538461538464,747.8119793171652,3.0,0.15999999997866665,CustomerId_2602,1
4.0,14.0,100700.0,14.0,100700.0,20700.0,5714.285714285715,9019.795080638101,2.0,0.20556107249051084,CustomerId_2603,0
19.0,73.0,266880.0,73.0,266880.0,13446.0,3471.698630136986,7678.31310626981,2.0,0.050382194244415535,CustomerId_2604,0
11.0,11.0,71000.0,11.0,71000.0,11000.0,5454.545454545455,6202.638734661828,2.0,0.15492957746260663,CustomerId_2605,0
0.0,153.0,147300.0,153.0,147300.0,3900.0,937.2549019607843,1433.0174482419757,2.0,0.026476578411225547,CustomerId_2607,0
39.0,52.0,125900.0,52.0,125900.0,7270.0,2281.346153846154,9122.097503218227,4.0,0.05774424146101872,CustomerId_2609,1
4.0,3.0,1000.0,3.0,1000.0,1050.0,-16.666666666666668,1000.4165798972613,2.0,1.04999999895,CustomerId_2610,0
2.0,532.0,712200.0,532.0,712200.0,26564.55,1288.788439849624,4035.56784873629,4.0,0.03729928390896195,CustomerId_2612,0
48.0,1.0,500.0,1.0,500.0,-0.0,500.0,0.0,1.0,-0.0,CustomerId_2613,1
33.0,7.0,46000.0,7.0,46000.0,6000.0,5714.285714285715,6237.368187365718,2.0,0.1304347826058601,CustomerId_2614,0
34.0,13.0,30500.0,13.0,30500.0,1070.0,2263.846153846154,3531.146033187003,2.0,0.03508196721196453,CustomerId_2615,0
2.0,5.0,3000.0,5.0,3000.0,1120.0,376.0,1151.4686274493108,2.0,0.3733333332088889,CustomerId_2616,0
11.0,10.0,71000.0,10.0,71000.0,11000.0,6000.0,7241.853660800143,2.0,0.15492957746260663,CustomerId_2617,0
53.0,6.0,30000.0,6.0,30000.0,11000.0,3166.6666666666665,7626.707459098367,2.0,0.3666666666544444,CustomerId_2618,1
26.0,1.0,500.0,1.0,500.0,-0.0,500.0,0.0,1.0,-0.0,CustomerId_2619,0
71.0,1.0,2000.0,1.0,2000.0,-0.0,2000.0,0.0,1.0,-0.0,CustomerId_2621,1
45.0,15.0,50300.0,15.0,50300.0,1752.0,3236.5333333333333,4660.636833656758,3.0,0.03483101391580853,CustomerId_2623,1
82.0,1.0,1000.0,1.0,1000.0,-0.0,1000.0,0.0,1.0,-0.0,CustomerId_2625,1
90.0,1.0,2000.0,1.0,2000.0,-0.0,2000.0,0.0,1.0,-0.0,CustomerId_2626,1
4.0,5.0,26000.0,5.0,26000.0,6000.0,4000.0,6745.368781616021,2.0,0.23076923076035502,CustomerId_2627,0
83.0,1.0,10000.0,1.0,10000.0,-0.0,10000.0,0.0,1.0,-0.0,CustomerId_2628,1
58.0,5.0,165000.0,5.0,165000.0,6000.0,31800.0,44144.08227611035,3.0,0.036363636363415976,CustomerId_2630,1
18.0,1.0,1000.0,1.0,1000.0,-0.0,1000.0,0.0,1.0,-0.0,CustomerId_2631,0
29.0,30.0,31685.0,30.0,31685.0,1750.0,997.8333333333334,2024.1961818142192,2.0,0.05523118194555054,CustomerId_2632,0
61.0,8.0,20180.0,8.0,20180.0,1200.0,2372.5,3971.037108147658,2.0,0.05946481664720194,CustomerId_2633,1
30.0,4.0,11500.0,4.0,11500.0,3000.0,2125.0,5452.44593431853,3.0,0.260869565194707,CustomerId_2634,0
1.0,1.0,50.0,1.0,50.0,-0.0,50.0,0.0,1.0,-0.0,CustomerId_2635,0
22.0,1.0,82000.0,1.0,82000.0,-0.0,82000.0,0.0,1.0,-0.0,CustomerId_2636,0
54.0,7.0,50000.0,7.0,50000.0,11000.0,5571.428571428572,9431.456989902512,2.0,0.2199999999956,CustomerId_2637,1
4.0,5.0,26000.0,5.0,26000.0,6000.0,4000.0,6745.368781616021,2.0,0.23076923076035502,CustomerId_2638,0
16.0,6.0,7000.0,6.0,7000.0,1105.0,982.5,1594.659054469011,2.0,0.15785714283459182,CustomerId_2639,0
3.0,9.0,56700.0,9.0,56700.0,1669.8,6114.466666666666,8474.81620803661,3.0,0.029449735449216054,CustomerId_2641,0
23.0,21.0,11798.0,21.0,11798.0,411.5,542.2142857142857,707.5851993122201,3.0,0.03487879301280905,CustomerId_2642,0
5.0,151.0,646615.0,151.0,646615.0,57038.149999999994,3904.4824503311256,5392.512587426998,4.0,0.08821037247807703,CustomerId_2643,0
0.0,10.0,4000.0,10.0,4000.0,40.0,396.0,321.8764428230877,2.0,0.0099999999975,CustomerId_2644,0
88.0,2.0,1500.0,2.0,1500.0,75.0,712.5,1113.6931803688124,2.0,0.04999999996666666,CustomerId_2645,1
26.0,57.0,50460.0,57.0,50460.0,766.0,871.8245614035088,972.9801077618445,2.0,0.015180340863749893,CustomerId_2647,0
23.0,3.0,500.0,3.0,500.0,1010.0,-170.0,762.6925986267338,2.0,2.01999999596,CustomerId_2648,0
0.0,359.0,1225434.0,359.0,1225434.0,268564.0,2665.376044568245,6455.161401215109,4.0,0.21915827372162094,CustomerId_2649,0
14.0,44.0,69000.0,44.0,69000.0,1325.0,1538.0681818181818,4291.46749659285,3.0,0.019202898550446337,CustomerId_2651,0
64.0,2.0,2000.0,2.0,2000.0,-0.0,1000.0,0.0,1.0,-0.0,CustomerId_2652,1
34.0,6.0,46000.0,6.0,46000.0,6000.0,6666.666666666667,8891.943919451283,2.0,0.1304347826058601,CustomerId_2653,0
70.0,11.0,7965.0,11.0,7965.0,225.0,703.6363636363636,697.1158114298187,2.0,0.02824858756707488,CustomerId_2654,1
5.0,1.0,1000.0,1.0,1000.0,-0.0,1000.0,0.0,1.0,-0.0,CustomerId_2655,0
20.0,5.0,315500.0,5.0,315500.0,5025.0,62095.0,133113.02105729553,2.0,0.01592709984147091,CustomerId_2656,0
10.0,61.0,113700.0,61.0,113700.0,2610.0,1821.1475409836066,2637.1421389834463,2.0,0.022955145118531618,CustomerId_2659,0
1.0,115.0,1205688.0,115.0,1205688.0,213295.68,8629.498434782608,23309.06974558761,6.0,0.1769078567588158,CustomerId_2662,0
5.0,7.0,6000.0,7.0,6000.0,1025.0,710.7142857142857,1077.40594551384,2.0,0.1708333333048611,CustomerId_2663,0
0.0,9.0,46000.0,9.0,46000.0,16000.0,3333.3333333333335,7176.350047203661,2.0,0.3478260869489603,CustomerId_2664,0
56.0,21.0,58900.0,21.0,58900.0,15300.0,2076.190476190476,5171.90243159176,3.0,0.25976230899389197,CustomerId_2665,1
36.0,1.0,2500.0,1.0,2500.0,-0.0,2500.0,0.0,1.0,-0.0,CustomerId_2666,1
61.0,3.0,80000.0,3.0,80000.0,6000.0,24666.666666666668,47961.7903474561,2.0,0.07499999999906251,CustomerId_2667,1
85.0,4.0,4500.0,4.0,4500.0,30.0,1117.5,867.1168702468351,2.0,0.006666666665185185,CustomerId_2668,1
79.0,3.0,1000.0,3.0,1000.0,10.0,330.0,294.44863728670913,2.0,0.00999999999,CustomerId_2669,1
1.0,9.0,46000.0,9.0,46000.0,16000.0,3333.3333333333335,7262.9195231669755,2.0,0.3478260869489603,CustomerId_2670,0
3.0,5.0,8500.0,5.0,8500.0,89.0,1682.2,2127.5676722492285,4.0,0.010470588234062283,CustomerId_2671,0
0.0,26.0,193145.0,26.0,193145.0,4887.75,7240.663461538462,16009.8397538736,2.0,0.025306117165728823,CustomerId_2672,0
32.0,3.0,100500.0,3.0,100500.0,-0.0,33500.0,28578.838324886474,2.0,-0.0,CustomerId_2674,0
1.0,51.0,19450.0,51.0,19450.0,1635.0,349.3137254901961,478.64811668682364,2.0,0.08406169665377575,CustomerId_2675,0
0.0,22.0,29800.0,22.0,29800.0,1500.0,1286.3636363636363,1608.1031282214678,2.0,0.05033557046810955,CustomerId_2676,0
11.0,10.0,51000.0,10.0,51000.0,11000.0,4000.0,6164.414002968976,2.0,0.2156862745055748,CustomerId_2677,0
2.0,6.0,16000.0,6.0,16000.0,6000.0,1666.6666666666667,5192.943930629973,2.0,0.37499999997656247,CustomerId_2678,0
11.0,10.0,61000.0,10.0,61000.0,11000.0,5000.0,6342.099196813483,2.0,0.18032786884950283,CustomerId_2679,0
22.0,6.0,50000.0,6.0,50000.0,5000.0,7500.0,6123.724356957945,2.0,0.099999999998,CustomerId_2681,0
39.0,12.0,46000.0,12.0,46000.0,6000.0,3333.3333333333335,4749.800633774649,2.0,0.1304347826058601,CustomerId_2682,1
3.0,75.0,820000.0,75.0,820000.0,26614.0,10578.48,13695.190580519746,3.0,0.03245609756093603,CustomerId_2683,0
43.0,1.0,1000.0,1.0,1000.0,-0.0,1000.0,0.0,1.0,-0.0,CustomerId_2684,1
60.0,14.0,100700.0,14.0,100700.0,20700.0,5714.285714285715,9019.795080638101,2.0,0.20556107249051084,CustomerId_2685,1
5.0,4.0,2000.0,4.0,2000.0,1020.0,245.0,959.218431849597,2.0,0.509999999745,CustomerId_2686,0
18.0,5.0,26000.0,5.0,26000.0,6000.0,4000.0,6745.368781616021,2.0,0.23076923076035502,CustomerId_2687,0
5.0,23.0,141000.0,23.0,141000.0,26000.0,5000.0,6075.285253310408,2.0,0.18439716311925958,CustomerId_2689,0
60.0,1.0,1000.0,1.0,1000.0,-0.0,1000.0,0.0,1.0,-0.0,CustomerId_2690,1
2.0,5.0,12000.0,5.0,12000.0,100.0,2380.0,2433.5159748807896,2.0,0.008333333332638889,CustomerId_2691,0
5.0,7.0,6000.0,7.0,6000.0,1080.0,702.8571428571429,1261.34470950271,2.0,0.17999999997,CustomerId_2693,0
35.0,1.0,1000.0,1.0,1000.0,-0.0,1000.0,0.0,1.0,-0.0,CustomerId_2694,0
0.0,265.0,221040.0,265.0,221040.0,5921.0,811.7698113207547,1931.8227193728706,3.0,0.026787006876462238,CustomerId_2696,0
0.0,53.0,41540.0,53.0,41540.0,10345.0,588.5849056603773,1631.5900035755853,2.0,0.24903707269501596,CustomerId_2697,0
45.0,1.0,500.0,1.0,500.0,-0.0,500.0,0.0,1.0,-0.0,CustomerId_2698,1
4.0,7.0,38200.0,7.0,38200.0,28000.0,1457.142857142857,10633.101952998342,3.0,0.7329842931745292,CustomerId_2700,0
0.0,21.0,86000.0,21.0,86000.0,26000.0,2857.1428571428573,6010.704736432444,2.0,0.30232558139183346,CustomerId_2701,0
41.0,1.0,500000.0,1.0,500000.0,-0.0,500000.0,0.0,1.0,-0.0,CustomerId_2703,1
5.0,24.0,126000.0,24.0,126000.0,26000.0,4166.666666666667,5975.796593554388,2.0,0.20634920634756868,CustomerId_2704,0
59.0,1.0,160000.0,1.0,160000.0,-0.0,160000.0,0.0,1.0,-0.0,CustomerId_2705,1
6.0,155.0,176900.0,155.0,176900.0,4376.0,1113.058064516129,3436.937454774991,2.0,0.02473713962676802,CustomerId_2706,0
78.0,4.0,4542.0,4.0,4542.0,77.1,1116.225,894.4039742569722,2.0,0.016974900920965454,CustomerId_2707,1
21.0,4.0,1500.0,4.0,1500.0,1050.0,112.5,856.7136822377319,3.0,0.6999999995333333,CustomerId_2708,0
74.0,14.0,8150.0,14.0,8150.0,125.0,573.2142857142857,814.1206845492803,3.0,0.015337423311001543,CustomerId_2709,1
1.0,174.0,724758.0,174.0,724758.0,54650.0,3851.1954022988507,12406.866312012096,5.0,0.0754044798400633,CustomerId_2710,0
23.0,1.0,500.0,1.0,500.0,-0.0,500.0,0.0,1.0,-0.0,CustomerId_2712,0
21.0,2.0,15000.0,2.0,15000.0,-0.0,7500.0,3535.5339059327375,1.0,-0.0,CustomerId_2713,0
29.0,1.0,1000.0,1.0,1000.0,-0.0,1000.0,0.0,1.0,-0.0,CustomerId_2717,0
78.0,1.0,500.0,1.0,500.0,-0.0,500.0,0.0,1.0,-0.0,CustomerId_2719,1
54.0,6.0,30000.0,6.0,30000.0,11000.0,3166.6666666666665,7626.707459098367,2.0,0.3666666666544444,CustomerId_2720,1
45.0,4.0,40000.0,4.0,40000.0,3000.0,9250.0,17442.76354251241,2.0,0.074999999998125,CustomerId_2722,1
80.0,4.0,5000.0,4.0,5000.0,110.0,1222.5,1530.5853999913454,2.0,0.021999999995599998,CustomerId_2723,1
37.0,1.0,20000.0,1.0,20000.0,-0.0,20000.0,0.0,1.0,-0.0,CustomerId_2724,1
12.0,4.0,6750.0,4.0,6750.0,1087.5,1415.625,2649.1621120334135,2.0,0.1611111110872428,CustomerId_2727,0
0.0,586.0,1294747.0,586.0,1294747.0,43770.4,2134.7723549488055,5268.094458782343,5.0,0.03380614127699558,CustomerId_2728,0
71.0,1.0,10000.0,1.0,10000.0,-0.0,10000.0,0.0,1.0,-0.0,CustomerId_2730,1
47.0,2.0,2000000.0,2.0,2000000.0,-0.0,1000000.0,0.0,1.0,-0.0,CustomerId_2731,1
37.0,1.0,1000.0,1.0,1000.0,-0.0,1000.0,0.0,1.0,-0.0,CustomerId_2732,1
11.0,9.0,51000.0,9.0,51000.0,11000.0,4444.444444444444,6559.556218051475,2.0,0.2156862745055748,CustomerId_2733,0
53.0,4.0,26000.0,4.0,26000.0,6000.0,5000.0,9695.359714832657,3.0,0.23076923076035502,CustomerId_2734,1
1.0,17.0,12500.0,17.0,12500.0,90.0,730.0,798.1619509848862,2.0,0.007199999999424,CustomerId_2735,0
31.0,8.0,64000.0,8.0,64000.0,6250.0,7218.75,11496.457140602677,3.0,0.09765624999847412,CustomerId_2736,0
0.0,14.0,76000.0,14.0,76000.0,26000.0,3571.4285714285716,7303.4689936125105,2.0,0.3421052631533934,CustomerId_2737,0
4.0,22.0,66170.0,22.0,66170.0,1290.0,2949.090909090909,2778.3103962676055,2.0,0.019495239534237645,CustomerId_2738,0
1.0,61.0,380700.0,61.0,380700.0,17606.0,5952.360655737705,38432.43594935264,3.0,0.04624638823208236,CustomerId_2739,0
46.0,4.0,5000.0,4.0,5000.0,1100.0,975.0,1844.5866745696717,2.0,0.21999999995599998,CustomerId_2740,1
50.0,1.0,1000.0,1.0,1000.0,-0.0,1000.0,0.0,1.0,-0.0,CustomerId_2741,1
80.0,1.0,1000.0,1.0,1000.0,-0.0,1000.0,0.0,1.0,-0.0,CustomerId_2742,1
23.0,83.0,190084.0,83.0,190084.0,7544.2,2199.2746987951805,4075.5929180751405,3.0,0.03968876917552404,CustomerId_2743,0
53.0,23.0,86200.0,23.0,86200.0,10290.0,3300.4347826086955,4901.057843383377,2.0,0.11937354988260589,CustomerId_2745,1
5.0,16.0,51000.0,16.0,51000.0,1250.0,3109.375,5769.639467361313,3.0,0.024509803921088043,CustomerId_2746,0
68.0,14.0,130100.0,14.0,130100.0,6644.0,8818.285714285714,8442.358651727349,3.0,0.051068408915825765,CustomerId_2747,1
3.0,19.0,55750.0,19.0,55750.0,1400.0,2860.5263157894738,7997.805974268617,3.0,0.025112107622867943,CustomerId_2749,0
1.0,31.0,65600.0,31.0,65600.0,1699.0,2061.3225806451615,3218.2743138427127,3.0,0.025899390243507635,CustomerId_2750,0
38.0,2.0,15080.0,2.0,15080.0,14500.0,290.0,20916.218587498075,2.0,0.961538461474699,CustomerId_2751,1
67.0,58.0,405001.0,58.0,405001.0,126000.0,4810.362068965517,10969.594479380028,2.0,0.3111103429366567,CustomerId_2753,1
81.0,1.0,500.0,1.0,500.0,-0.0,500.0,0.0,1.0,-0.0,CustomerId_2754,1
11.0,13.0,76000.0,13.0,76000.0,16000.0,4615.384615384615,6357.914510519697,2.0,0.2105263157867036,CustomerId_2756,0
46.0,9.0,50000.0,9.0,50000.0,11000.0,4333.333333333333,6442.049363362563,2.0,0.2199999999956,CustomerId_2757,1
5.0,8.0,60000.0,8.0,60000.0,10000.0,6250.0,6943.650748294136,2.0,0.16666666666388888,CustomerId_2758,0
5.0,6.0,30000.0,6.0,30000.0,6000.0,4000.0,6000.0,2.0,0.19999999999333334,CustomerId_2759,0
46.0,6.0,30000.0,6.0,30000.0,11000.0,3166.6666666666665,7626.707459098367,2.0,0.3666666666544444,CustomerId_2760,1
29.0,7.0,46500.0,7.0,46500.0,6500.0,5714.285714285715,8562.793269221707,2.0,0.139784946233553,CustomerId_2761,0
60.0,12.0,15500.0,12.0,15500.0,325.0,1264.5833333333333,1681.3812751497628,2.0,0.020967741934131114,CustomerId_2762,1
3.0,9.0,60000.0,9.0,60000.0,62000.0,-222.22222222222223,19368.323222324754,3.0,1.0333333333161112,CustomerId_2764,0
80.0,1.0,500.0,1.0,500.0,-0.0,500.0,0.0,1.0,-0.0,CustomerId_2767,1
55.0,3.0,5000.0,3.0,5000.0,3000.0,666.6666666666666,3785.9388972001825,2.0,0.59999999988,CustomerId_2769,1
28.0,1.0,1000.0,1.0,1000.0,-0.0,1000.0,0.0,1.0,-0.0,CustomerId_2771,0
4.0,67.0,76200.0,67.0,76200.0,2245.0,1103.8059701492537,1950.836279408071,2.0,0.02946194225683121,CustomerId_2772,0
1.0,27.0,40000.0,27.0,40000.0,12745.0,1009.4444444444445,3722.060144321786,4.0,0.31862499999203436,CustomerId_2773,0
15.0,229.0,685350.0,229.0,685350.0,18315.0,2912.8165938864627,11458.17239382292,4.0,0.026723571897531592,CustomerId_2774,0
21.0,21.0,150000.0,21.0,150000.0,16050.0,6378.571428571428,12155.148820855418,3.0,0.10699999999928667,CustomerId_2775,0
51.0,15.0,255000.0,15.0,255000.0,16000.0,15933.333333333334,33274.758057866085,4.0,0.06274509803896962,CustomerId_2776,1
32.0,6.0,31000.0,6.0,31000.0,11000.0,3333.3333333333335,7814.516406449389,2.0,0.3548387096659729,CustomerId_2777,0
11.0,5.0,26000.0,5.0,26000.0,6000.0,4000.0,6745.368781616021,2.0,0.23076923076035502,CustomerId_2778,0
5.0,47.0,198395.0,47.0,198395.0,26395.0,3659.574468085106,5203.907063738706,2.0,0.13304266740526202,CustomerId_2782,0
54.0,10.0,17180.0,10.0,17180.0,580.0,1660.0,2117.2978061670965,2.0,0.03376018626113154,CustomerId_2783,1
46.0,6.0,30000.0,6.0,30000.0,11000.0,3166.6666666666665,7626.707459098367,2.0,0.3666666666544444,CustomerId_2785,1
39.0,6.0,8600.0,6.0,8600.0,1182.0,1236.3333333333333,2735.280729041659,3.0,0.13744186044913467,CustomerId_2786,1
28.0,33.0,25400.0,33.0,25400.0,2400.0,696.969696969697,856.1760363984912,2.0,0.09448818897265794,CustomerId_2787,0
39.0,1.0,20000.0,1.0,20000.0,-0.0,20000.0,0.0,1.0,-0.0,CustomerId_2788,1
57.0,4.0,2000.0,4.0,2000.0,1020.0,245.0,959.218431849597,2.0,0.509999999745,CustomerId_2790,1
30.0,1.0,2000.0,1.0,2000.0,-0.0,2000.0,0.0,1.0,-0.0,CustomerId_2791,0
0.0,89.0,202081.0,89.0,202081.0,35315.25,1873.7724719101125,5394.189650211032,5.0,0.17475789411090226,CustomerId_2793,0
19.0,5.0,26000.0,5.0,26000.0,6000.0,4000.0,6745.368781616021,2.0,0.23076923076035502,CustomerId_2794,0
70.0,1.0,1000.0,1.0,1000.0,-0.0,1000.0,0.0,1.0,-0.0,CustomerId_2796,1
17.0,24.0,251700.0,24.0,251700.0,23827.0,9494.708333333334,21173.855122233144,3.0,0.0946642828760641,CustomerId_2797,0
3.0,46.0,34900.0,46.0,34900.0,2015.0,714.8913043478261,953.5152735072438,2.0,0.05773638968315942,CustomerId_2798,0
82.0,2.0,1000.0,2.0,1000.0,50.0,475.0,742.4621202458749,2.0,0.04999999995,CustomerId_2799,1
11.0,9.0,51000.0,9.0,51000.0,11000.0,4444.444444444444,6463.573143221772,2.0,0.2156862745055748,CustomerId_2800,0
46.0,5.0,25000.0,5.0,25000.0,6000.0,3800.0,6685.805860178712,2.0,0.2399999999904,CustomerId_2801,1
3.0,49.0,111000.0,49.0,111000.0,2135.0,2221.734693877551,2105.527584077902,2.0,0.019234234234060954,CustomerId_2802,0
24.0,9.0,6000.0,9.0,6000.0,2040.0,440.0,1016.021653312566,3.0,0.3399999999433333,CustomerId_2803,0
15.0,1.0,10000.0,1.0,10000.0,-0.0,10000.0,0.0,1.0,-0.0,CustomerId_2804,0
67.0,4.0,1200.0,4.0,1200.0,1012.0,47.0,755.27213638529,2.0,0.8433333326305554,CustomerId_2806,1
65.0,29.0,160500.0,29.0,160500.0,25586.0,4652.206896551724,7058.913703251424,2.0,0.1594143302170753,CustomerId_2807,1
1.0,12.0,13000.0,12.0,13000.0,825.0,1014.5833333333334,1546.273318091735,2.0,0.06346153845665681,CustomerId_2808,0
5.0,71.0,131639.0,71.0,131639.0,8368.4,1736.205633802817,3295.085725652123,5.0,0.06357082627440522,CustomerId_2809,0
56.0,5.0,325000.0,5.0,325000.0,5000.0,64000.0,67026.11431375088,3.0,0.015384615384568047,CustomerId_2810,1
68.0,1.0,4000.0,1.0,4000.0,-0.0,4000.0,0.0,1.0,-0.0,CustomerId_2811,1
15.0,2.0,25000.0,2.0,25000.0,-0.0,12500.0,3535.5339059327375,1.0,-0.0,CustomerId_2812,0
6.0,64.0,40300.0,64.0,40300.0,1765.0,602.109375,682.0305843625727,3.0,0.04379652605350381,CustomerId_2815,0
1.0,225.0,244152.0,225.0,244152.0,8818.6,1045.9262222222221,1879.224143234298,4.0,0.036119302729299294,CustomerId_2816,0
7.0,1.0,0.0,1.0,0.0,10000.0,-10000.0,0.0,1.0,10000000000.0,CustomerId_2817,0
7.0,94.0,187350.0,94.0,187350.0,13382.5,1850.718085106383,2467.007903843521,4.0,0.07143047771512447,CustomerId_2818,0
5.0,15.0,155091.0,15.0,155091.0,265000.0,-7327.266666666666,41767.055223784526,3.0,1.708674262196332,CustomerId_2820,0
16.0,15.0,162000.0,15.0,162000.0,15500.0,9766.666666666666,13282.462479668802,2.0,0.0956790123450884,CustomerId_2822,0
46.0,6.0,30000.0,6.0,30000.0,11000.0,3166.6666666666665,7626.707459098367,2.0,0.3666666666544444,CustomerId_2824,1
13.0,4.0,10000.0,4.0,10000.0,1100.0,2225.0,3225.2906845740276,2.0,0.109999999989,CustomerId_2825,0
45.0,1.0,14000.0,1.0,14000.0,-0.0,14000.0,0.0,1.0,-0.0,CustomerId_2826,1
9.0,1.0,10000.0,1.0,10000.0,-0.0,10000.0,0.0,1.0,-0.0,CustomerId_2827,0
0.0,18.0,101200.0,18.0,101200.0,36200.0,3611.1111111111113,8297.263112822126,2.0,0.3577075098778883,CustomerId_2828,0
59.0,7.0,24000.0,7.0,24000.0,8000.0,2285.714285714286,5154.748157905347,2.0,0.3333333333194444,CustomerId_2829,1
60.0,11.0,40000.0,11.0,40000.0,6000.0,3090.909090909091,4013.590548487612,2.0,0.14999999999625,CustomerId_2831,1
61.0,2.0,80000.0,2.0,80000.0,5000.0,37500.0,60104.07640085654,2.0,0.06249999999921876,CustomerId_2832,1
43.0,2.0,10000.0,2.0,10000.0,622.0,4689.0,7510.888229763508,2.0,0.062199999993779995,CustomerId_2833,1
66.0,1.0,0.0,1.0,0.0,1000.0,-1000.0,0.0,1.0,1000000000.0,CustomerId_2834,1
5.0,9.0,612750.0,9.0,612750.0,250000.0,40305.555555555555,96573.14081968018,2.0,0.40799673602544595,CustomerId_2835,0
4.0,19.0,91250.0,19.0,91250.0,16250.0,3947.3684210526317,5183.158455898041,2.0,0.17808219177887036,CustomerId_2836,0
21.0,47.0,41656.0,47.0,41656.0,1033.68,864.3046808510638,930.3341990845597,3.0,0.024814672555578676,CustomerId_2838,0
18.0,4.0,4000.0,4.0,4000.0,1100.0,725.0,1517.3990905493517,2.0,0.27499999993125,CustomerId_2839,0
64.0,1.0,2000.0,1.0,2000.0,-0.0,2000.0,0.0,1.0,-0.0,CustomerId_2840,1
19.0,1.0,500.0,1.0,500.0,-0.0,500.0,0.0,1.0,-0.0,CustomerId_2841,0
1.0,12.0,21300.0,12.0,21300.0,1310.0,1665.8333333333333,3054.866336410373,2.0,0.06150234741495294,CustomerId_2843,0
22.0,23.0,127500.0,23.0,127500.0,6270.0,5270.869565217391,6729.4535189740045,2.0,0.0491764705878496,CustomerId_2844,0
4.0,133.0,877700.0,133.0,877700.0,158651.0,5406.383458646616,8630.842784018925,4.0,0.18075766207111682,CustomerId_2845,0
2.0,146.0,266400.0,146.0,266400.0,6209.0,1782.1301369863013,2887.584885783055,3.0,0.023307057056969567,CustomerId_2846,0
42.0,4.0,50000.0,4.0,50000.0,1500.0,12125.0,19262.98263509574,2.0,0.0299999999994,CustomerId_2847,1
5.0,12.0,239000.0,12.0,239000.0,2774.0,19685.5,22636.351181632206,3.0,0.011606694560620892,CustomerId_2849,0
43.0,8.0,17000.0,8.0,17000.0,1692.0,1913.5,3762.5585140205553,3.0,0.0995294117588512,CustomerId_2850,1
60.0,1.0,800.0,1.0,800.0,-0.0,800.0,0.0,1.0,-0.0,CustomerId_2851,1
0.0,121.0,684060.0,121.0,684060.0,68252.0,5089.322314049587,8649.406124329073,4.0,0.09977487354895802,CustomerId_2852,0
47.0,6.0,6000.0,6.0,6000.0,300.0,950.0,1150.2173707608488,2.0,0.04999999999166666,CustomerId_2853,1
4.0,23.0,21000.0,23.0,21000.0,1275.0,857.6086956521739,1478.561854675944,2.0,0.060714285711394554,CustomerId_2854,0
11.0,10.0,66000.0,10.0,66000.0,6000.0,6000.0,5696.002496878354,2.0,0.09090909090771351,CustomerId_2855,0
0.0,46.0,35300.0,46.0,35300.0,2290.0,717.6086956521739,1113.5986406094207,2.0,0.06487252124462117,CustomerId_2857,0
5.0,29.0,111600.0,29.0,111600.0,18200.0,3220.689655172414,5493.966125951583,2.0,0.16308243727452437,CustomerId_2858,0
7.0,147.0,315888.0,147.0,315888.0,118763.28,1340.9844897959183,4060.611508002818,4.0,0.37596641847624485,CustomerId_2859,0
83.0,2.0,2000.0,2.0,2000.0,-0.0,1000.0,0.0,2.0,-0.0,CustomerId_2860,1
16.0,16.0,87400.0,16.0,87400.0,1622.0,5361.125,4808.466864119304,3.0,0.01855835240253366,CustomerId_2862,0
18.0,6.0,26000.0,6.0,26000.0,6000.0,3333.3333333333335,5988.878581726855,2.0,0.23076923076035502,CustomerId_2864,0
40.0,1.0,1000.0,1.0,1000.0,-0.0,1000.0,0.0,1.0,-0.0,CustomerId_2865,1
0.0,39.0,80500.0,39.0,80500.0,3120.0,1984.1025641025642,2259.0711504704736,3.0,0.03875776397467382,CustomerId_2866,0
51.0,2.0,1015.0,2.0,1015.0,-0.0,507.5,10.606601717798213,1.0,-0.0,CustomerId_2868,1
7.0,1.0,1000.0,1.0,1000.0,-0.0,1000.0,0.0,1.0,-0.0,CustomerId_2869,0
3.0,2.0,5000.0,2.0,5000.0,100.0,2450.0,3606.2445840513924,2.0,0.019999999996,CustomerId_2870,0
25.0,16.0,18500.0,16.0,18500.0,130.0,1148.125,1229.1526552873734,2.0,0.007027027026647188,CustomerId_2871,0
53.0,6.0,30000.0,6.0,30000.0,11000.0,3166.6666666666665,7626.707459098367,2.0,0.3666666666544444,CustomerId_2872,1
17.0,1.0,1000.0,1.0,1000.0,-0.0,1000.0,0.0,1.0,-0.0,CustomerId_2874,0
32.0,1.0,10000.0,1.0,10000.0,-0.0,10000.0,0.0,1.0,-0.0,CustomerId_2875,0
9.0,399.0,1717369.0,399.0,1717369.0,14329.0,4268.270676691729,50183.180157554234,5.0,0.008343576715307926,CustomerId_2876,0
33.0,17.0,3900000.0,17.0,3900000.0,1000.0,229352.9411764706,523017.3205994796,2.0,0.00025641025641019065,CustomerId_2877,0
5.0,9.0,51000.0,9.0,51000.0,11000.0,4444.444444444444,6463.573143221772,2.0,0.2156862745055748,CustomerId_2878,0
0.0,28.0,19500.0,28.0,19500.0,740.0,670.0,821.9477770200175,3.0,0.03794871794677186,CustomerId_2879,0
60.0,1.0,10000.0,1.0,10000.0,-0.0,10000.0,0.0,1.0,-0.0,CustomerId_2880,1
5.0,4.0,6000.0,4.0,6000.0,1050.0,1237.5,2637.9837629017607,2.0,0.17499999997083332,CustomerId_2881,0
0.0,82.0,353000.0,82.0,353000.0,27050.4,3974.995121951219,8800.560941267528,5.0,0.07663002832839481,CustomerId_2883,0
8.0,9.0,4135.0,9.0,4135.0,66.75,452.02777777777777,405.58538798191984,3.0,0.016142684397547114,CustomerId_2884,0
31.0,3.0,95500.0,3.0,95500.0,-0.0,31833.333333333332,50424.03527419571,2.0,-0.0,CustomerId_2885,0
5.0,18.0,93000.0,18.0,93000.0,16000.0,4277.777777777777,5431.991895033757,2.0,0.17204301075083825,CustomerId_2886,0
12.0,5.0,10000.0,5.0,10000.0,1200.0,1760.0,4109.282175757708,2.0,0.119999999988,CustomerId_2887,0
5.0,5.0,26000.0,5.0,26000.0,6000.0,4000.0,6745.368781616021,2.0,0.23076923076035502,CustomerId_2888,0
44.0,53.0,2422500.0,53.0,2422500.0,6667.0,45581.75471698113,34941.36040068014,4.0,0.0027521155830741995,CustomerId_2889,1
18.0,5.0,26000.0,5.0,26000.0,6000.0,4000.0,6745.368781616021,2.0,0.23076923076035502,CustomerId_2890,0
0.0,1.0,5000.0,1.0,5000.0,-0.0,5000.0,0.0,1.0,-0.0,CustomerId_2892,0
24.0,3.0,49850.0,3.0,49850.0,3492.5,15452.5,29798.454553046875,2.0,0.07006018054021945,CustomerId_2893,0
37.0,14.0,391000.0,14.0,391000.0,-0.0,27928.571428571428,21003.531885098557,4.0,-0.0,CustomerId_2894,1
2.0,27.0,71500.0,27.0,71500.0,7615.0,2366.1111111111113,6166.116208973368,3.0,0.10650349650200695,CustomerId_2895,0
44.0,2.0,32000.0,2.0,32000.0,-0.0,16000.0,19798.98987322333,2.0,-0.0,CustomerId_2896,1
58.0,2.0,1000.0,2.0,1000.0,50.0,475.0,742.4621202458749,2.0,0.04999999995,CustomerId_2898,1
82.0,1.0,2000.0,1.0,2000.0,-0.0,2000.0,0.0,1.0,-0.0,CustomerId_2900,1
60.0,2.0,160000.0,2.0,160000.0,-0.0,80000.0,0.0,1.0,-0.0,CustomerId_2901,1
15.0,16.0,62710.0,16.0,62710.0,1710.0,3812.5,8466.049452568377,2.0,0.027268378248648247,CustomerId_2902,0
18.0,6.0,34000.0,6.0,34000.0,5000.0,4833.333333333333,5706.721183540218,2.0,0.1470588235250865,CustomerId_2904,0
74.0,1.0,1000.0,1.0,1000.0,-0.0,1000.0,0.0,1.0,-0.0,CustomerId_2906,1
26.0,20.0,44575.0,20.0,44575.0,11760.0,1640.75,3014.000347064556,2.0,0.2638250140153937,CustomerId_2907,0
64.0,29.0,62300.0,29.0,62300.0,1454.0,2098.137931034483,3994.8121958729885,3.0,0.023338683787747373,CustomerId_2908,1
37.0,1.0,500.0,1.0,500.0,-0.0,500.0,0.0,1.0,-0.0,CustomerId_2909,1
9.0,7.0,5200.0,7.0,5200.0,1095.0,586.4285714285714,1404.6491681962032,4.0,0.2105769230364275,CustomerId_2910,0
16.0,73.0,58300.0,73.0,58300.0,1972.0,771.6164383561644,975.2873740330333,3.0,0.03382504288106646,CustomerId_2911,0
6.0,1.0,5000.0,1.0,5000.0,-0.0,5000.0,0.0,1.0,-0.0,CustomerId_2912,0
0.0,25.0,55000.0,25.0,55000.0,3050.0,2078.0,2504.416099612842,2.0,0.05545454545353719,CustomerId_2913,0
31.0,10.0,140500.0,10.0,140500.0,7392.0,13310.8,17219.593806023546,4.0,0.05261209964375365,CustomerId_2914,0
24.0,10.0,146000.0,10.0,146000.0,2812.0,14318.8,35789.15074836072,4.0,0.01926027397247082,CustomerId_2915,0
18.0,36.0,228000.0,36.0,228000.0,51444.0,4904.333333333333,7454.47955834036,3.0,0.2256315789463788,CustomerId_2917,0
22.0,5.0,7200.0,5.0,7200.0,1060.0,1228.0,1796.0846305227378,2.0,0.1472222222017747,CustomerId_2918,0
4.0,5.0,26000.0,5.0,26000.0,6000.0,4000.0,6745.368781616021,2.0,0.23076923076035502,CustomerId_2919,0
42.0,3.0,500.0,3.0,500.0,1010.0,-170.0,762.6925986267338,2.0,2.01999999596,CustomerId_2920,1
6.0,23.0,93200.0,23.0,93200.0,6600.0,3765.217391304348,5098.984631156943,2.0,0.070815450643017,CustomerId_2921,0
11.0,5.0,26000.0,5.0,26000.0,6000.0,4000.0,6745.368781616021,2.0,0.23076923076035502,CustomerId_2922,0
15.0,30.0,50200.0,30.0,50200.0,1340.0,1628.6666666666667,3634.2952011628618,2.0,0.026693227091101727,CustomerId_2923,0
83.0,1.0,500.0,1.0,500.0,-0.0,500.0,0.0,1.0,-0.0,CustomerId_2924,1
84.0,1.0,5000.0,1.0,5000.0,-0.0,5000.0,0.0,1.0,-0.0,CustomerId_2925,1
6.0,25.0,49200.0,25.0,49200.0,1500.0,1908.0,2839.4688470439914,4.0,0.03048780487742911,CustomerId_2926,0
82.0,1.0,5000.0,1.0,5000.0,-0.0,5000.0,0.0,1.0,-0.0,CustomerId_2927,1
75.0,1.0,10000.0,1.0,10000.0,-0.0,10000.0,0.0,1.0,-0.0,CustomerId_2928,1
4.0,5.0,26000.0,5.0,26000.0,6000.0,4000.0,6745.368781616021,2.0,0.23076923076035502,CustomerId_2930,0
42.0,4.0,1000.0,4.0,1000.0,1010.0,-2.5,707.1244586351119,2.0,1.00999999899,CustomerId_2931,1
0.0,30.0,53700.0,30.0,53700.0,1160.0,1751.3333333333333,1958.520260093166,2.0,0.021601489757512075,CustomerId_2932,0
60.0,15.0,1440000.0,15.0,1440000.0,16000.0,94933.33333333333,70554.40319018942,2.0,0.011111111111103395,CustomerId_2933,1
11.0,13.0,76100.0,13.0,76100.0,600.0,5807.692307692308,6029.436338838197,2.0,0.007884362680579706,CustomerId_2934,0
7.0,9.0,15600.0,9.0,15600.0,6100.0,1055.5555555555557,3989.630656812454,3.0,0.3910256410005753,CustomerId_2935,0
2.0,18.0,31800.0,18.0,31800.0,1070.0,1707.2222222222222,1989.35935758092,3.0,0.03364779874108026,CustomerId_2936,0
31.0,7.0,5000.0,7.0,5000.0,100.0,700.0,512.3475382979799,2.0,0.019999999996,CustomerId_2937,0
43.0,6.0,75200.0,6.0,75200.0,6000.0,11533.333333333334,17020.771623715144,3.0,0.0797872340414922,CustomerId_2938,1
3.0,39.0,554048.0,39.0,554048.0,61700.0,12624.307692307691,22643.910102827635,4.0,0.11136219244521889,CustomerId_2939,0
12.0,12.0,36000.0,12.0,36000.0,950.0,2920.8333333333335,4021.106718606737,2.0,0.026388888888155864,CustomerId_2940,0
27.0,27.0,276500.0,27.0,276500.0,31000.0,9092.592592592593,17394.250286228005,4.0,0.11211573236849144,CustomerId_2941,0
1.0,26.0,81500.0,26.0,81500.0,3722.0,2991.4615384615386,3683.3505858744343,3.0,0.04566871165588137,CustomerId_2943,0
26.0,1.0,1000.0,1.0,1000.0,-0.0,1000.0,0.0,1.0,-0.0,CustomerId_2944,0
71.0,12.0,47000.0,12.0,47000.0,430.0,3880.8333333333335,5956.72646270711,2.0,0.009148936170018107,CustomerId_2945,1
46.0,6.0,20000.0,6.0,20000.0,1200.0,3133.3333333333335,4292.163401673643,2.0,0.059999999997,CustomerId_2946,1
35.0,1.0,10000.0,1.0,10000.0,-0.0,10000.0,0.0,1.0,-0.0,CustomerId_2947,0
6.0,1.0,2000.0,1.0,2000.0,-0.0,2000.0,0.0,1.0,-0.0,CustomerId_2948,0
72.0,3.0,15000.0,3.0,15000.0,-0.0,5000.0,0.0,1.0,-0.0,CustomerId_2949,1
21.0,13.0,76000.0,13.0,76000.0,2105.0,5684.2307692307695,10132.368891773254,3.0,0.027697368420688196,CustomerId_2950,0
15.0,22.0,15205.0,22.0,15205.0,15750.0,-24.772727272727273,1976.8797427552386,3.0,1.0358434724738017,CustomerId_2953,0
1.0,3.0,120000.0,3.0,120000.0,-0.0,40000.0,17320.508075688773,1.0,-0.0,CustomerId_2954,0
4.0,7.0,8000.0,7.0,8000.0,150.0,1121.4285714285713,837.4600203677103,3.0,0.01874999999765625,CustomerId_2955,0
85.0,24.0,79000.0,24.0,79000.0,560.0,3268.3333333333335,4204.9346442387005,2.0,0.00708860759484698,CustomerId_2956,1
1.0,24.0,315500.0,24.0,315500.0,3385.0,13004.791666666666,20016.563330487224,2.0,0.010729001584752047,CustomerId_2957,0
4.0,22.0,64100.0,22.0,64100.0,726.0,2880.6363636363635,4393.2907022874315,4.0,0.011326053041944992,CustomerId_2959,0
1.0,41.0,33600.0,41.0,33600.0,1245.0,789.1463414634146,1036.5235781441638,3.0,0.037053571427468644,CustomerId_2961,0
14.0,19.0,105500.0,19.0,105500.0,6392.0,5216.210526315789,10364.135465788566,3.0,0.060587677724544195,CustomerId_2962,0
0.0,143.0,499616.0,143.0,499616.0,183305.6,2211.9608391608394,6084.371311013704,3.0,0.36689297380314706,CustomerId_2963,0
45.0,8.0,70000.0,8.0,70000.0,9000.0,7625.0,10809.222252978505,2.0,0.12857142856959186,CustomerId_2965,1
0.0,1.0,9000.0,1.0,9000.0,-0.0,9000.0,0.0,1.0,-0.0,CustomerId_2966,0
32.0,6.0,31000.0,6.0,31000.0,11000.0,3333.3333333333335,7814.516406449389,2.0,0.3548387096659729,CustomerId_2968,0
12.0,4.0,5000.0,4.0,5000.0,1125.0,968.75,1803.8587112077264,2.0,0.22499999995499997,CustomerId_2969,0
9.0,24.0,47600.0,24.0,47600.0,1400.0,1925.0,2659.3195435642197,4.0,0.029411764705264458,CustomerId_2970,0
11.0,5.0,26000.0,5.0,26000.0,6000.0,4000.0,6745.368781616021,2.0,0.23076923076035502,CustomerId_2971,0
49.0,9.0,3500.0,9.0,3500.0,1175.0,258.3333333333333,676.156416814926,2.0,0.33571428561836736,CustomerId_2972,1
1.0,60.0,127950.0,60.0,127950.0,3840.0,2068.5,1933.4645070442848,2.0,0.030011723329191,CustomerId_2973,0
71.0,2.0,3000.0,2.0,3000.0,150.0,1425.0,2227.3863607376247,2.0,0.049999999983333335,CustomerId_2974,1
0.0,43.0,38200.0,43.0,38200.0,1790.0,846.7441860465116,1593.5281624212605,3.0,0.04685863874222883,CustomerId_2975,0
0.0,97.0,136194.0,97.0,136194.0,7875.0,1322.8762886597938,2032.584732027035,4.0,0.05782193048109445,CustomerId_2977,0
59.0,3.0,80000.0,3.0,80000.0,6000.0,24666.666666666668,47961.7903474561,2.0,0.07499999999906251,CustomerId_2979,1
4.0,5.0,26000.0,5.0,26000.0,6000.0,4000.0,6745.368781616021,2.0,0.23076923076035502,CustomerId_2980,0
4.0,84.0,281273.0,84.0,281273.0,45667.9,2804.822619047619,5518.710114884892,4.0,0.1623614779941112,CustomerId_2981,0
35.0,1.0,1000.0,1.0,1000.0,-0.0,1000.0,0.0,1.0,-0.0,CustomerId_2982,0
37.0,1.0,1500.0,1.0,1500.0,-0.0,1500.0,0.0,1.0,-0.0,CustomerId_2983,1
85.0,2.0,1000.0,2.0,1000.0,20.0,490.0,721.2489168102785,2.0,0.01999999998,CustomerId_2984,1
7.0,3.0,2000.0,3.0,2000.0,1100.0,300.0,1539.4804318340653,2.0,0.549999999725,CustomerId_2985,0
21.0,12.0,81700.0,12.0,81700.0,1792.0,6659.0,13177.033367326514,3.0,0.021933904528495304,CustomerId_2986,0
8.0,45.0,177800.0,45.0,177800.0,35330.0,3166.0,8677.162921349141,3.0,0.1987064116974201,CustomerId_2987,0
70.0,1.0,2000.0,1.0,2000.0,-0.0,2000.0,0.0,1.0,-0.0,CustomerId_2988,1
24.0,1.0,2000.0,1.0,2000.0,-0.0,2000.0,0.0,1.0,-0.0,CustomerId_2989,0
5.0,17.0,101000.0,17.0,101000.0,21000.0,4705.882352941177,6302.427170169769,2.0,0.2079207920771493,CustomerId_2991,0
32.0,7.0,26000.0,7.0,26000.0,6000.0,2857.1428571428573,5580.578567035604,2.0,0.23076923076035502,CustomerId_2992,0
4.0,14.0,61500.0,14.0,61500.0,1725.0,4269.642857142857,5513.4466618809865,2.0,0.0280487804873488,CustomerId_2993,0
0.0,22.0,40000.0,22.0,40000.0,2975.0,1682.9545454545455,2766.6528940094267,2.0,0.07437499999814062,CustomerId_2994,0
11.0,5.0,26000.0,5.0,26000.0,6000.0,4000.0,6745.368781616021,2.0,0.23076923076035502,CustomerId_2995,0
0.0,19.0,61690.0,19.0,61690.0,1694.0,3157.684210526316,5188.849766059608,3.0,0.027459880044943104,CustomerId_2996,0
40.0,13.0,12000.0,13.0,12000.0,1200.0,830.7692307692307,1081.5764847238925,2.0,0.09999999999166666,CustomerId_2997,1
83.0,1.0,0.0,1.0,0.0,10000.0,-10000.0,0.0,1.0,10000000000.0,CustomerId_3,1
6.0,69.0,95600.0,69.0,95600.0,3900.0,1328.9855072463768,2883.4208620029663,2.0,0.04079497907907118,CustomerId_3000,0
38.0,4.0,1500.0,4.0,1500.0,1000.0,125.0,750.0,2.0,0.6666666662222221,CustomerId_3001,1
0.0,34.0,46000.0,34.0,46000.0,1105.0,1320.4411764705883,3441.8109591104967,2.0,0.02402173912991257,CustomerId_3002,0
14.0,15.0,42300.0,15.0,42300.0,155.0,2809.6666666666665,6507.046308938232,3.0,0.003664302600386187,CustomerId_3003,0
15.0,1.0,1000.0,1.0,1000.0,-0.0,1000.0,0.0,1.0,-0.0,CustomerId_3004,0
55.0,7.0,2500.0,7.0,2500.0,1010.0,212.85714285714286,567.5888854242504,2.0,0.4039999998384,CustomerId_3005,1
35.0,6.0,33000.0,6.0,33000.0,6040.0,4493.333333333333,9272.123093804712,3.0,0.18303030302475665,CustomerId_3007,0
18.0,74.0,372111.0,74.0,372111.0,17585.4,4790.886486486486,10533.492333495804,4.0,0.047258479324590624,CustomerId_3008,0
25.0,40.0,14500.0,40.0,14500.0,600.0,347.5,390.340088404182,2.0,0.04137931034197384,CustomerId_3009,0
0.0,39.0,353000.0,39.0,353000.0,14021.0,8691.76923076923,13621.98810642778,3.0,0.039719546742097114,CustomerId_3011,0
11.0,5.0,25000.0,5.0,25000.0,6000.0,3800.0,6685.805860178712,2.0,0.2399999999904,CustomerId_3012,0
0.0,50.0,67215.0,50.0,67215.0,22180.0,900.7,2200.5572137575537,3.0,0.3299858662451836,CustomerId_3013,0
55.0,1.0,500.0,1.0,500.0,-0.0,500.0,0.0,1.0,-0.0,CustomerId_3014,1
1.0,3.0,1000.0,3.0,1000.0,1020.0,-6.666666666666667,1000.0666644445926,2.0,1.01999999898,CustomerId_3015,0
8.0,1.0,120000.0,1.0,120000.0,-0.0,120000.0,0.0,1.0,-0.0,CustomerId_3016,0
88.0,3.0,1000.0,3.0,1000.0,10.0,330.0,294.44863728670913,2.0,0.00999999999,CustomerId_3020,1
4.0,106.0,927511.0,106.0,927511.0,84212.0,7955.6509433962265,15589.048558304952,6.0,0.0907935323677123,CustomerId_3022,0
74.0,4.0,7000.0,4.0,7000.0,-0.0,1750.0,500.0,1.0,-0.0,CustomerId_3026,1
34.0,2.0,101000.0,2.0,101000.0,-0.0,50500.0,70003.57133746821,2.0,-0.0,CustomerId_3027,0
0.0,137.0,802200.0,137.0,802200.0,14300.5,5751.091240875912,25674.826958164438,5.0,0.01782660184490423,CustomerId_3030,0
48.0,11.0,6500.0,11.0,6500.0,1075.0,493.1818181818182,1003.7934865480867,2.0,0.1653846153591716,CustomerId_3031,1
40.0,1.0,500.0,1.0,500.0,-0.0,500.0,0.0,1.0,-0.0,CustomerId_3032,1
25.0,8.0,8000.0,8.0,8000.0,1100.0,862.5,1256.625299306497,2.0,0.13749999998281248,CustomerId_3033,0
15.0,110.0,81900.0,110.0,81900.0,1020.0,735.2727272727273,1103.8809428315276,2.0,0.01245421245406039,CustomerId_3034,0
5.0,66.0,160400.0,66.0,160400.0,3605.0,2375.681818181818,6598.104907784195,4.0,0.02247506234399953,CustomerId_3035,0
1.0,43.0,52200.0,43.0,52200.0,1875.0,1170.3488372093022,2315.060072075895,2.0,0.035919540229196946,CustomerId_3036,0
52.0,1.0,50000.0,1.0,50000.0,-0.0,50000.0,0.0,1.0,-0.0,CustomerId_3037,1
4.0,3.0,3000.0,3.0,3000.0,-0.0,1000.0,0.0,2.0,-0.0,CustomerId_3038,0
82.0,4.0,15000.0,4.0,15000.0,8000.0,1750.0,8995.36917900909,2.0,0.5333333332977778,CustomerId_3040,1
4.0,90.0,499600.0,90.0,499600.0,4370.5,5502.55,22619.00708065869,3.0,0.008747998398701466,CustomerId_3041,0
89.0,1.0,5000.0,1.0,5000.0,-0.0,5000.0,0.0,1.0,-0.0,CustomerId_3042,1
37.0,13.0,15000.0,13.0,15000.0,190.0,1139.2307692307693,1403.5161888299301,3.0,0.012666666665822222,CustomerId_3043,1
2.0,14.0,7565.0,14.0,7565.0,12030.0,-318.92857142857144,1638.338955456725,2.0,1.5902181095055892,CustomerId_3044,0
61.0,2.0,160000.0,2.0,160000.0,-0.0,80000.0,0.0,1.0,-0.0,CustomerId_3045,1
5.0,6.0,26000.0,6.0,26000.0,6000.0,3333.3333333333335,6075.4149378183765,2.0,0.23076923076035502,CustomerId_3046,0
46.0,5.0,25000.0,5.0,25000.0,6000.0,3800.0,6685.805860178712,2.0,0.2399999999904,CustomerId_3047,1
7.0,77.0,153900.0,77.0,153900.0,15281.0,1800.2467532467533,3206.5632617289157,4.0,0.09929174788759394,CustomerId_3048,0
59.0,5.0,320000.0,5.0,320000.0,6000.0,62800.0,68386.40215715402,2.0,0.018749999999941407,CustomerId_3049,1
50.0,1.0,20000.0,1.0,20000.0,-0.0,20000.0,0.0,1.0,-0.0,CustomerId_3050,1
5.0,13.0,76000.0,13.0,76000.0,16000.0,4615.384615384615,6357.914510519697,2.0,0.2105263157867036,CustomerId_3051,0
61.0,12.0,10890.0,12.0,10890.0,190.0,891.6666666666666,691.7774646561281,2.0,0.017447199263778954,CustomerId_3052,1
2.0,1.0,100000.0,1.0,100000.0,-0.0,100000.0,0.0,1.0,-0.0,CustomerId_3053,0
24.0,19.0,21000.0,19.0,21000.0,1420.0,1030.5263157894738,2307.56840198174,3.0,0.06761904761582767,CustomerId_3054,0
34.0,8.0,5500.0,8.0,5500.0,1000.0,562.5,678.1013409302687,2.0,0.18181818178512396,CustomerId_3057,0
82.0,28.0,77000.0,28.0,77000.0,1420.0,2699.285714285714,4914.112088571812,3.0,0.018441558441318943,CustomerId_3058,1
0.0,14.0,86000.0,14.0,86000.0,26000.0,4285.714285714285,7917.153445609014,2.0,0.30232558139183346,CustomerId_3061,0
53.0,1.0,500.0,1.0,500.0,-0.0,500.0,0.0,1.0,-0.0,CustomerId_3062,1
59.0,10.0,330000.0,10.0,330000.0,11000.0,31900.0,41516.93095058395,4.0,0.03333333333323232,CustomerId_3063,1
0.0,23.0,126000.0,23.0,126000.0,46000.0,3478.2608695652175,7549.0490985613615,2.0,0.36507936507646765,CustomerId_3064,0
0.0,612.0,1144060.0,612.0,1144060.0,24944.0,1828.6209150326797,5212.148702625937,5.0,0.021803052287448384,CustomerId_3066,0
15.0,1.0,2000.0,1.0,2000.0,-0.0,2000.0,0.0,1.0,-0.0,CustomerId_3067,0
54.0,18.0,39010.0,18.0,39010.0,1215.0,2099.722222222222,2277.4472759585988,2.0,0.031145860035089828,CustomerId_3068,1
72.0,1.0,1000.0,1.0,1000.0,-0.0,1000.0,0.0,1.0,-0.0,CustomerId_3069,1
11.0,4.0,16000.0,4.0,16000.0,6000.0,2500.0,6757.711644237764,2.0,0.37499999997656247,CustomerId_3072,0
62.0,11.0,11000.0,11.0,11000.0,1170.0,893.6363636363636,1634.8594601816558,3.0,0.10636363635396694,CustomerId_3073,1
0.0,22.0,136000.0,22.0,136000.0,36000.0,4545.454545454545,7129.5980834243965,2.0,0.2647058823509948,CustomerId_3074,0
5.0,46.0,5318032.0,46.0,5318032.0,27990.0,115000.91304347826,203731.48438437036,4.0,0.005263225193077954,CustomerId_3075,0
0.0,4.0,2000.0,4.0,2000.0,1020.0,245.0,959.218431849597,2.0,0.509999999745,CustomerId_3076,0
4.0,20.0,126000.0,20.0,126000.0,26000.0,5000.0,6735.608439675779,2.0,0.20634920634756868,CustomerId_3077,0
0.0,573.0,2488800.0,573.0,2488800.0,50660.0,4255.043630017452,22554.029938690896,3.0,0.020355191256822423,CustomerId_3078,0
15.0,8.0,10000.0,8.0,10000.0,120.0,1235.0,1298.5926448054668,2.0,0.0119999999988,CustomerId_3079,0
27.0,2.0,22000.0,2.0,22000.0,-0.0,11000.0,1414.213562373095,2.0,-0.0,CustomerId_3081,0
49.0,27.0,27500.0,27.0,27500.0,1100.0,977.7777777777778,1636.5908123839286,2.0,0.039999999998545456,CustomerId_3083,1
0.0,14.0,76000.0,14.0,76000.0,26000.0,3571.4285714285716,7303.4689936125105,2.0,0.3421052631533934,CustomerId_3084,0
11.0,13.0,76000.0,13.0,76000.0,16000.0,4615.384615384615,6423.115307731152,2.0,0.2105263157867036,CustomerId_3085,0
87.0,2.0,1800.0,2.0,1800.0,-0.0,900.0,0.0,1.0,-0.0,CustomerId_3087,1
4.0,90.0,1127500.0,90.0,1127500.0,51291.0,11957.877777777778,20001.5866240475,5.0,0.045490909090868746,CustomerId_3088,0
68.0,18.0,271400.0,18.0,271400.0,5073.0,14795.944444444445,25526.517853060457,4.0,0.018691967575465394,CustomerId_3089,1
35.0,4.0,2006200.0,4.0,2006200.0,-0.0,501550.0,998968.8233373453,2.0,-0.0,CustomerId_3090,0
0.0,179.0,307000.0,179.0,307000.0,18675.0,1610.7541899441342,2939.4302868324803,4.0,0.06083061889231,CustomerId_3091,0
1.0,82.0,239796.0,82.0,239796.0,70957.5,2059.006097560976,5682.566904166878,3.0,0.295907771604631,CustomerId_3092,0
19.0,5.0,26000.0,5.0,26000.0,6000.0,4000.0,6745.368781616021,2.0,0.23076923076035502,CustomerId_3093,0
9.0,3.0,4000.0,3.0,4000.0,-0.0,1333.3333333333333,763.7626158259734,2.0,-0.0,CustomerId_3096,0
10.0,52.0,92267.0,52.0,92267.0,22017.0,1350.9615384615386,5821.069792392415,4.0,0.23862269283450616,CustomerId_3097,0
43.0,1.0,50000.0,1.0,50000.0,-0.0,50000.0,0.0,1.0,-0.0,CustomerId_3098,1
24.0,197.0,1715500.0,197.0,1715500.0,13620.0,8638.984771573603,24754.094528033696,3.0,0.007939376275133815,CustomerId_3102,0
6.0,77.0,1867000.0,77.0,1867000.0,86989.0,23117.025974025975,47325.97689679695,4.0,0.04659292983393327,CustomerId_3103,0
1.0,17.0,65500.0,17.0,65500.0,1100.0,3788.235294117647,3678.889498364482,2.0,0.016793893129514598,CustomerId_3104,0
0.0,199.0,162455.0,199.0,162455.0,2907.0,801.748743718593,713.068992855282,3.0,0.017894186082189564,CustomerId_3105,0
88.0,1.0,10000.0,1.0,10000.0,-0.0,10000.0,0.0,1.0,-0.0,CustomerId_3107,1
12.0,5.0,26000.0,5.0,26000.0,6000.0,4000.0,6745.368781616021,2.0,0.23076923076035502,CustomerId_3109,0
0.0,20.0,117000.0,20.0,117000.0,36000.0,4050.0,7308.790669641016,2.0,0.30769230768967787,CustomerId_3110,0
0.0,112.0,590990.0,112.0,590990.0,27610.0,5030.178571428572,9909.77058871587,3.0,0.046718218582299666,CustomerId_3111,0
43.0,26.0,47000.0,26.0,47000.0,1700.0,1742.3076923076924,3606.346969100236,3.0,0.036170212765187865,CustomerId_3112,1
22.0,13.0,137500.0,13.0,137500.0,5417.0,10160.23076923077,11641.91610914233,3.0,0.03939636363607712,CustomerId_3113,0
84.0,6.0,3000.0,6.0,3000.0,75.0,487.5,464.15245340297406,2.0,0.024999999991666667,CustomerId_3115,1
12.0,34.0,21300.0,34.0,21300.0,1440.0,584.1176470588235,869.8018501170386,2.0,0.06760563379964293,CustomerId_3116,0
45.0,1.0,1000.0,1.0,1000.0,-0.0,1000.0,0.0,1.0,-0.0,CustomerId_3117,1
36.0,1.0,500.0,1.0,500.0,-0.0,500.0,0.0,1.0,-0.0,CustomerId_3118,1
0.0,53.0,114967.0,53.0,114967.0,16375.0,1860.2264150943397,3148.9975550318413,3.0,0.14243217618845033,CustomerId_3120,0
1.0,75.0,112230.0,75.0,112230.0,11900.0,1337.7333333333333,4355.148886068055,2.0,0.10603225518928958,CustomerId_3121,0
1.0,57.0,46200.0,57.0,46200.0,1491.0,784.3684210526316,1494.0899359951882,2.0,0.03227272727202873,CustomerId_3123,0
0.0,89.0,182450.0,89.0,182450.0,23616.0,1784.6516853932585,4221.629236608679,4.0,0.12943820224648156,CustomerId_3124,0
81.0,11.0,16000.0,11.0,16000.0,220.0,1434.5454545454545,2353.229116071632,3.0,0.013749999999140625,CustomerId_3125,1
50.0,12.0,85600.0,12.0,85600.0,2500.0,6925.0,15729.250401141759,3.0,0.02920560747629433,CustomerId_3126,1
18.0,6.0,45000.0,6.0,45000.0,-0.0,7500.0,2738.6127875258308,1.0,-0.0,CustomerId_3127,0
75.0,1.0,20000.0,1.0,20000.0,-0.0,20000.0,0.0,1.0,-0.0,CustomerId_3128,1
1.0,2.0,5200.0,2.0,5200.0,-0.0,2600.0,1979.8989873223331,1.0,-0.0,CustomerId_3130,0
27.0,5.0,151800.0,5.0,151800.0,40.0,30352.0,44428.093814612395,3.0,0.0002635046113289624,CustomerId_3133,0
11.0,11.0,75200.0,11.0,75200.0,15200.0,5454.545454545455,8214.665378013111,2.0,0.20212765957178025,CustomerId_3135,0
11.0,9.0,51000.0,9.0,51000.0,11000.0,4444.444444444444,6463.573143221772,2.0,0.2156862745055748,CustomerId_3137,0
21.0,1.0,500.0,1.0,500.0,-0.0,500.0,0.0,1.0,-0.0,CustomerId_3138,0
41.0,54.0,50000.0,54.0,50000.0,2615.0,877.5,1783.8803237420282,3.0,0.052299999998954,CustomerId_3140,1
61.0,5.0,4000.0,5.0,4000.0,70.0,786.0,853.5103982963535,2.0,0.017499999995625,CustomerId_3141,1
3.0,7.0,10000.0,7.0,10000.0,80.0,1417.142857142857,995.4180744075038,2.0,0.0079999999992,CustomerId_3143,0
74.0,1.0,500.0,1.0,500.0,-0.0,500.0,0.0,1.0,-0.0,CustomerId_3145,1
19.0,6.0,26000.0,6.0,26000.0,6000.0,3333.3333333333335,6088.2400303098,2.0,0.23076923076035502,CustomerId_3147,0
69.0,1.0,5000.0,1.0,5000.0,-0.0,5000.0,0.0,1.0,-0.0,CustomerId_3148,1
25.0,1.0,1000.0,1.0,1000.0,-0.0,1000.0,0.0,1.0,-0.0,CustomerId_3149,0
4.0,58.0,48180.0,58.0,48180.0,2370.0,789.8275862068965,1043.474697075198,2.0,0.04919053549088438,CustomerId_3150,0
22.0,3.0,1000.0,3.0,1000.0,1020.0,-6.666666666666667,1000.0666644445926,2.0,1.01999999898,CustomerId_3151,0
14.0,1.0,1500.0,1.0,1500.0,-0.0,1500.0,0.0,1.0,-0.0,CustomerId_3152,0
20.0,30.0,35400.0,30.0,35400.0,1515.0,1129.5,2115.7522302954094,2.0,0.04279661016828258,CustomerId_3153,0
23.0,23.0,94600.0,23.0,94600.0,10080.0,3674.782608695652,7443.332507300023,4.0,0.10655391120394764,CustomerId_3156,0
51.0,1.0,1000.0,1.0,1000.0,-0.0,1000.0,0.0,1.0,-0.0,CustomerId_3158,1
31.0,8.0,22000.0,8.0,22000.0,1420.0,2572.5,6304.075212568001,4.0,0.06454545454252066,CustomerId_3159,0
52.0,2.0,40000.0,2.0,40000.0,-0.0,20000.0,0.0,2.0,-0.0,CustomerId_3160,1
0.0,7.0,13000.0,7.0,13000.0,1180.0,1688.5714285714287,2238.209318267832,2.0,0.09076923076224852,CustomerId_3162,0
2.0,44.0,100690.0,44.0,100690.0,9195.5,2079.4204545454545,4539.882491235102,3.0,0.09132485847560508,CustomerId_3163,0
0.0,25.0,141200.0,25.0,141200.0,36200.0,4200.0,6776.429738438967,2.0,0.25637393767523814,CustomerId_3164,0
13.0,19.0,111153.0,19.0,111153.0,12595.0,5187.263157894737,13221.291817208688,5.0,0.1133122812689418,CustomerId_3165,0
87.0,1.0,1000.0,1.0,1000.0,-0.0,1000.0,0.0,1.0,-0.0,CustomerId_3166,1
5.0,9.0,16350.0,9.0,16350.0,18080.0,-192.22222222222223,5514.675370721693,3.0,1.105810397485883,CustomerId_3167,0
52.0,7.0,9500.0,7.0,9500.0,1030.0,1210.0,2000.0749985938028,3.0,0.1084210526201662,CustomerId_3168,1
74.0,4.0,22500.0,4.0,22500.0,-0.0,5625.0,5088.794880257342,2.0,-0.0,CustomerId_3169,1
46.0,1.0,1000.0,1.0,1000.0,-0.0,1000.0,0.0,1.0,-0.0,CustomerId_3170,1
76.0,3.0,60000.0,3.0,60000.0,1840.0,19386.666666666668,35172.269379915386,2.0,0.030666666666155556,CustomerId_3171,1
2.0,20.0,127900.0,20.0,127900.0,14500.0,5670.0,7513.783824972677,2.0,0.113369820171123,CustomerId_3172,0
74.0,12.0,232500.0,12.0,232500.0,11031.4,18455.716666666667,32097.704247835467,3.0,0.047446881720226035,CustomerId_3174,1
63.0,7.0,24000.0,7.0,24000.0,600.0,3342.8571428571427,5292.008800338218,2.0,0.024999999998958335,CustomerId_3175,1
11.0,5.0,26000.0,5.0,26000.0,6000.0,4000.0,6745.368781616021,2.0,0.23076923076035502,CustomerId_3177,0
59.0,5.0,320000.0,5.0,320000.0,6000.0,62800.0,68386.40215715402,2.0,0.018749999999941407,CustomerId_3178,1
4.0,5.0,26000.0,5.0,26000.0,6000.0,4000.0,6745.368781616021,2.0,0.23076923076035502,CustomerId_3179,0
2.0,81.0,254924.0,81.0,254924.0,59375.0,2414.185185185185,5962.641302541834,3.0,0.23291255432900426,CustomerId_3180,0
23.0,18.0,52000.0,18.0,52000.0,11080.0,2273.3333333333335,5401.398511714623,4.0,0.21307692307282544,CustomerId_3181,0
2.0,9.0,51000.0,9.0,51000.0,11000.0,4444.444444444444,6463.573143221772,2.0,0.2156862745055748,CustomerId_3183,0
4.0,6.0,36000.0,6.0,36000.0,6000.0,5000.0,6511.528238439882,2.0,0.16666666666203703,CustomerId_3184,0
0.0,70.0,84060.0,70.0,84060.0,20270.0,911.2857142857143,1972.5389520068454,2.0,0.24113728289030292,CustomerId_3187,0
83.0,1.0,5000.0,1.0,5000.0,-0.0,5000.0,0.0,1.0,-0.0,CustomerId_3188,1
10.0,2.0,18000.0,2.0,18000.0,-0.0,9000.0,11313.70849898476,2.0,-0.0,CustomerId_3189,0
22.0,1.0,62000.0,1.0,62000.0,-0.0,62000.0,0.0,1.0,-0.0,CustomerId_319,0
0.0,34.0,211200.0,34.0,211200.0,51200.0,4705.882352941177,6882.430031410047,2.0,0.24242424242309457,CustomerId_3190,0
4.0,5.0,26000.0,5.0,26000.0,6000.0,4000.0,6745.368781616021,2.0,0.23076923076035502,CustomerId_3191,0
4.0,17.0,96000.0,17.0,96000.0,21000.0,4411.764705882353,6354.711082431401,2.0,0.21874999999772138,CustomerId_3192,0
81.0,9.0,61700.0,9.0,61700.0,456.0,6804.888888888889,12604.995165057031,3.0,0.0073905996757311085,CustomerId_3193,1
61.0,1.0,10000.0,1.0,10000.0,-0.0,10000.0,0.0,1.0,-0.0,CustomerId_3194,1
60.0,11.0,4635.0,11.0,4635.0,1105.0,320.90909090909093,663.9006634347422,2.0,0.2384034519442495,CustomerId_3196,1
61.0,1.0,80000.0,1.0,80000.0,-0.0,80000.0,0.0,1.0,-0.0,CustomerId_3197,1
13.0,32.0,306000.0,32.0,306000.0,40291.0,8303.40625,18195.648513577005,3.0,0.13166993464009258,CustomerId_3198,0
26.0,2.0,40000.0,2.0,40000.0,-0.0,20000.0,0.0,1.0,-0.0,CustomerId_320,0
27.0,44.0,265000.0,44.0,265000.0,17438.0,5626.409090909091,13783.578239505394,3.0,0.06580377358465735,CustomerId_3200,0
39.0,2.0,40000.0,2.0,40000.0,-0.0,20000.0,0.0,1.0,-0.0,CustomerId_3201,1
0.0,1.0,1000.0,1.0,1000.0,-0.0,1000.0,0.0,1.0,-0.0,CustomerId_3202,0
59.0,4.0,85000.0,4.0,85000.0,6000.0,19750.0,40376.354466444835,3.0,0.0705882352932872,CustomerId_3203,1
0.0,426.0,728007.0,426.0,728007.0,32094.5,1633.5974178403756,3360.8941668645134,4.0,0.044085427749947344,CustomerId_3204,0
8.0,30.0,31400.0,30.0,31400.0,2190.0,973.6666666666666,2094.400553418787,3.0,0.06974522292771512,CustomerId_3205,0
59.0,5.0,160000.0,5.0,160000.0,11000.0,29800.0,45855.20690172491,2.0,0.06874999999957031,CustomerId_3206,1
0.0,20.0,158000.0,20.0,158000.0,9050.0,7447.5,13632.772770828855,3.0,0.057278481012295705,CustomerId_3208,0
8.0,93.0,80657.0,93.0,80657.0,2740.75,837.8091397849462,1298.5986193515917,3.0,0.03398031168982258,CustomerId_3209,0
77.0,1.0,200000.0,1.0,200000.0,-0.0,200000.0,0.0,1.0,-0.0,CustomerId_321,1
67.0,12.0,90000.0,12.0,90000.0,15000.0,6250.0,6784.005252999681,2.0,0.16666666666481483,CustomerId_3210,1
46.0,6.0,30000.0,6.0,30000.0,11000.0,3166.6666666666665,7626.707459098367,2.0,0.3666666666544444,CustomerId_3211,1
5.0,5.0,3000.0,5.0,3000.0,1050.0,390.0,900.2777349240622,2.0,0.34999999988333336,CustomerId_3212,0
4.0,59.0,170994.0,59.0,170994.0,13764.0,2664.915254237288,3052.297457417347,4.0,0.08049405242242129,CustomerId_3213,0
14.0,1.0,500.0,1.0,500.0,-0.0,500.0,0.0,1.0,-0.0,CustomerId_3214,0
4.0,4.0,16000.0,4.0,16000.0,6000.0,2500.0,6757.711644237764,2.0,0.37499999997656247,CustomerId_3215,0
29.0,10.0,28000.0,10.0,28000.0,120.0,2788.0,3919.6932986594184,2.0,0.004285714285561224,CustomerId_3217,0
58.0,130.0,300855.0,130.0,300855.0,9990.0,2237.423076923077,12344.628452947609,2.0,0.033205364710464494,CustomerId_3218,1
81.0,8.0,50700.0,8.0,50700.0,10700.0,5000.0,8982.363672378064,2.0,0.21104536488735612,CustomerId_3219,1
64.0,1.0,500.0,1.0,500.0,-0.0,500.0,0.0,1.0,-0.0,CustomerId_322,1
47.0,7.0,17000.0,7.0,17000.0,6020.0,1568.5714285714287,4757.05591226138,4.0,0.3541176470379931,CustomerId_3220,1
1.0,30.0,27700.0,30.0,27700.0,1245.0,881.8333333333334,1205.8495955658968,2.0,0.044945848373828666,CustomerId_3221,0
26.0,15.0,89000.0,15.0,89000.0,2099.0,5793.4,9507.605067223067,3.0,0.02358426966265636,CustomerId_3222,0
6.0,45.0,74200.0,45.0,74200.0,11050.0,1403.3333333333333,2671.3845575928326,2.0,0.14892183288209002,CustomerId_3223,0
26.0,44.0,144225.0,44.0,144225.0,20696.2,2807.4727272727273,7994.2577158905815,5.0,0.1434993933080707,CustomerId_3224,0
5.0,291.0,781091.0,291.0,781091.0,92356.3,2366.785910652921,4229.210287052554,4.0,0.11824012823074617,CustomerId_3225,0
0.0,5.0,20000.0,5.0,20000.0,1400.0,3720.0,5742.125042177329,3.0,0.0699999999965,CustomerId_3226,0
8.0,10.0,18900.0,10.0,18900.0,5640.0,1326.0,3742.976237048682,3.0,0.29841269839690937,CustomerId_3229,0
33.0,9.0,747000.0,9.0,747000.0,-0.0,83000.0,25514.701644346147,2.0,-0.0,CustomerId_323,0
23.0,16.0,23500.0,16.0,23500.0,1475.0,1376.5625,2542.5949466047477,2.0,0.06276595744413761,CustomerId_3230,0
47.0,1.0,5000.0,1.0,5000.0,-0.0,5000.0,0.0,1.0,-0.0,CustomerId_3231,1
27.0,13.0,63200.0,13.0,63200.0,2195.0,4692.692307692308,8948.309108286096,3.0,0.034731012657678306,CustomerId_3232,0
0.0,141.0,607800.0,141.0,607800.0,82481.0,3725.6666666666665,9155.881044963602,4.0,0.1357041790060288,CustomerId_3233,0
35.0,3.0,2000.0,3.0,2000.0,1000.0,333.3333333333333,1154.7005383792516,2.0,0.49999999975,CustomerId_3234,0
0.0,164.0,149524.0,164.0,149524.0,4872.0,882.0243902439024,1288.359406192296,4.0,0.03258339798271459,CustomerId_3235,0
85.0,1.0,500.0,1.0,500.0,-0.0,500.0,0.0,1.0,-0.0,CustomerId_3236,1
17.0,2.0,10000.0,2.0,10000.0,-0.0,5000.0,0.0,1.0,-0.0,CustomerId_3237,0
2.0,74.0,104410.0,74.0,104410.0,2583.55,1376.033108108108,2927.3244903026766,3.0,0.024744277367831205,CustomerId_3238,0
67.0,1.0,1000.0,1.0,1000.0,-0.0,1000.0,0.0,1.0,-0.0,CustomerId_324,1
5.0,4.0,2000.0,4.0,2000.0,1050.0,237.5,962.0940702446928,2.0,0.5249999997375,CustomerId_3240,0
2.0,39.0,121200.0,39.0,121200.0,2235.0,3050.3846153846152,5759.681710026147,2.0,0.01844059405925379,CustomerId_3241,0
46.0,5.0,25000.0,5.0,25000.0,6000.0,3800.0,6685.805860178712,2.0,0.2399999999904,CustomerId_3242,1
0.0,47.0,115500.0,47.0,115500.0,1582.0,2423.7872340425533,5586.163126465755,4.0,0.01369696969685111,CustomerId_3243,0
4.0,25.0,121000.0,25.0,121000.0,21000.0,4000.0,5655.012525774515,2.0,0.17355371900683014,CustomerId_3245,0
11.0,12.0,16000.0,12.0,16000.0,1676.0,1193.6666666666667,2003.6406561027552,3.0,0.10474999999345312,CustomerId_3246,0
34.0,10.0,8000.0,10.0,8000.0,100.0,790.0,442.7188724235731,3.0,0.012499999998437499,CustomerId_3247,0
8.0,1.0,1000.0,1.0,1000.0,-0.0,1000.0,0.0,1.0,-0.0,CustomerId_3248,0
11.0,5.0,26000.0,5.0,26000.0,6000.0,4000.0,6745.368781616021,2.0,0.23076923076035502,CustomerId_3249,0
4.0,35.0,27700.0,35.0,27700.0,1150.0,758.5714285714286,1124.1130957785522,3.0,0.04151624548586584,CustomerId_3250,0
5.0,5.0,15000.0,5.0,15000.0,1722.0,2655.6,4773.254319643989,3.0,0.11479999999234666,CustomerId_3251,0
5.0,2.0,15000.0,2.0,15000.0,-0.0,7500.0,3535.5339059327375,2.0,-0.0,CustomerId_3252,0
54.0,3.0,1000.0,3.0,1000.0,25.0,325.0,303.10889132455355,2.0,0.024999999975,CustomerId_3253,1
86.0,1.0,2000.0,1.0,2000.0,-0.0,2000.0,0.0,1.0,-0.0,CustomerId_3254,1
33.0,8.0,71000.0,8.0,71000.0,11000.0,7500.0,10155.927192672127,2.0,0.15492957746260663,CustomerId_3255,0
67.0,1.0,500.0,1.0,500.0,-0.0,500.0,0.0,1.0,-0.0,CustomerId_3256,1
11.0,16.0,101100.0,16.0,101100.0,21100.0,5000.0,10076.4411707044,4.0,0.20870425321257466,CustomerId_3257,0
62.0,5.0,400000.0,5.0,400000.0,6000.0,78800.0,81515.02928908264,2.0,0.0149999999999625,CustomerId_3258,1
40.0,11.0,60000.0,11.0,60000.0,21000.0,3545.4545454545455,7501.514998500455,2.0,0.34999999999416664,CustomerId_3259,1
18.0,1.0,1000.0,1.0,1000.0,-0.0,1000.0,0.0,1.0,-0.0,CustomerId_3260,0
46.0,5.0,25200.0,5.0,25200.0,6000.0,3840.0,6732.235884162112,2.0,0.23809523808578986,CustomerId_3261,1
70.0,6.0,4500.0,6.0,4500.0,30.0,745.0,695.751392380928,2.0,0.006666666665185185,CustomerId_3262,1
11.0,13.0,76000.0,13.0,76000.0,16000.0,4615.384615384615,6357.914510519697,2.0,0.2105263157867036,CustomerId_3263,0
34.0,323.0,436958.0,323.0,436958.0,8488.75,1326.5301857585139,5216.313527019663,5.0,0.019426924326778713,CustomerId_3265,0
74.0,6.0,35000.0,6.0,35000.0,6000.0,4833.333333333333,6493.586579592719,2.0,0.17142857142367346,CustomerId_3266,1
25.0,12.0,51000.0,12.0,51000.0,11000.0,3333.3333333333335,5678.241298362042,2.0,0.2156862745055748,CustomerId_3267,0
33.0,3.0,500.0,3.0,500.0,1010.0,-170.0,762.6925986267338,2.0,2.01999999596,CustomerId_3268,0
12.0,5.0,26000.0,5.0,26000.0,6000.0,4000.0,6745.368781616021,2.0,0.23076923076035502,CustomerId_3269,0
52.0,1.0,500.0,1.0,500.0,-0.0,500.0,0.0,1.0,-0.0,CustomerId_327,1
0.0,23.0,133800.0,23.0,133800.0,31200.0,4460.869565217391,6650.887782874949,2.0,0.23318385650049936,CustomerId_3270,0
54.0,1.0,10080.0,1.0,10080.0,-0.0,10080.0,0.0,1.0,-0.0,CustomerId_3271,1
3.0,29.0,76208.0,29.0,76208.0,216.0,2620.4137931034484,8643.043170737465,3.0,0.0028343480998998223,CustomerId_3272,0
35.0,4.0,1500.0,4.0,1500.0,1000.0,125.0,750.0,2.0,0.6666666662222221,CustomerId_3273,0
58.0,1.0,1000.0,1.0,1000.0,-0.0,1000.0,0.0,1.0,-0.0,CustomerId_3274,1
46.0,6.0,25000.0,6.0,25000.0,6000.0,3166.6666666666665,6104.643041707408,2.0,0.2399999999904,CustomerId_3275,1
4.0,52.0,28300.0,52.0,28300.0,1110.0,522.8846153846154,538.8125525797409,2.0,0.03922261483960344,CustomerId_3276,0
18.0,5.0,26000.0,5.0,26000.0,6000.0,4000.0,6745.368781616021,2.0,0.23076923076035502,CustomerId_3278,0
40.0,5.0,120000.0,5.0,120000.0,2005.0,23599.0,24328.20390000051,2.0,0.0167083333331941,CustomerId_3279,1
0.0,68.0,263889.0,68.0,263889.0,15391.75,3654.3713235294117,21982.467097933753,4.0,0.058326607020154964,CustomerId_328,0
65.0,6.0,3800.0,6.0,3800.0,190.0,601.6666666666666,745.6987774340699,2.0,0.049999999986842104,CustomerId_3280,1
89.0,1.0,1000.0,1.0,1000.0,-0.0,1000.0,0.0,1.0,-0.0,CustomerId_3282,1
5.0,9.0,51000.0,9.0,51000.0,11000.0,4444.444444444444,6559.556218051475,2.0,0.2156862745055748,CustomerId_3285,0
58.0,3.0,5000.0,3.0,5000.0,1250.0,1250.0,3269.174207655505,2.0,0.24999999995,CustomerId_3287,1
11.0,5.0,26000.0,5.0,26000.0,6000.0,4000.0,6745.368781616021,2.0,0.23076923076035502,CustomerId_3288,0
1.0,34.0,175200.0,34.0,175200.0,56200.0,3500.0,6938.212152909991,2.0,0.3207762557059316,CustomerId_3289,0
33.0,6.0,9000.0,6.0,9000.0,360.0,1440.0,1709.2103439892937,2.0,0.039999999995555556,CustomerId_329,0
77.0,10.0,40500.0,10.0,40500.0,7822.0,3267.8,5779.0014093170885,3.0,0.193135802464367,CustomerId_3290,1
54.0,3.0,20000.0,3.0,20000.0,1644.0,6118.666666666667,12022.905028874398,2.0,0.08219999999589,CustomerId_3291,1
1.0,61.0,79200.0,61.0,79200.0,1545.0,1273.032786885246,1924.073213846198,2.0,0.019507575757329452,CustomerId_3292,0
62.0,2.0,17000.0,2.0,17000.0,-0.0,8500.0,4949.747468305833,1.0,-0.0,CustomerId_3293,1
37.0,1.0,3000.0,1.0,3000.0,-0.0,3000.0,0.0,1.0,-0.0,CustomerId_3294,1
29.0,2.0,800.0,2.0,800.0,14000.0,-6600.0,10465.180361560904,2.0,17.499999978125,CustomerId_3295,0
34.0,1.0,1000.0,1.0,1000.0,-0.0,1000.0,0.0,1.0,-0.0,CustomerId_3296,0
11.0,9.0,51000.0,9.0,51000.0,11000.0,4444.444444444444,6463.573143221772,2.0,0.2156862745055748,CustomerId_3297,0
1.0,6.0,17000.0,6.0,17000.0,1350.0,2608.3333333333335,4224.975345095716,2.0,0.07941176470121107,CustomerId_3298,0
15.0,21.0,215500.0,21.0,215500.0,8755.0,9845.0,22342.882535608514,3.0,0.04062645011582076,CustomerId_3299,0
2.0,22.0,122100.0,22.0,122100.0,21125.0,4589.772727272727,6188.192765888293,2.0,0.17301392301250604,CustomerId_330,0
52.0,3.0,500.0,3.0,500.0,1010.0,-170.0,762.6925986267338,2.0,2.01999999596,CustomerId_3301,1
7.0,3.0,1000.0,3.0,1000.0,1050.0,-16.666666666666668,1000.4165798972613,2.0,1.04999999895,CustomerId_3302,0
56.0,6.0,28500.0,6.0,28500.0,3622.0,4146.333333333333,6700.513462912128,3.0,0.1270877192937864,CustomerId_3303,1
37.0,3.0,2000.0,3.0,2000.0,1000.0,333.3333333333333,1154.7005383792516,2.0,0.49999999975,CustomerId_3306,1
4.0,48.0,142500.0,48.0,142500.0,16756.0,2619.6666666666665,5060.580983101132,4.0,0.11758596491145554,CustomerId_3307,0
4.0,17.0,101000.0,17.0,101000.0,21000.0,4705.882352941177,6302.427170169769,2.0,0.2079207920771493,CustomerId_3308,0
5.0,2.0,60000.0,2.0,60000.0,-0.0,30000.0,28284.2712474619,1.0,-0.0,CustomerId_3309,0
45.0,5.0,7500.0,5.0,7500.0,1360.0,1228.0,3272.3340294047,3.0,0.18133333330915555,CustomerId_331,1
2.0,43.0,34935.0,43.0,34935.0,1495.0,777.6744186046511,633.8528716519627,3.0,0.04279375983847735,CustomerId_3310,0
53.0,6.0,30000.0,6.0,30000.0,11000.0,3166.6666666666665,7626.707459098367,2.0,0.3666666666544444,CustomerId_3311,1
56.0,3.0,5000.0,3.0,5000.0,1100.0,1300.0,3235.737937472687,2.0,0.21999999995599998,CustomerId_3313,1
39.0,2.0,1000.0,2.0,1000.0,-0.0,500.0,0.0,1.0,-0.0,CustomerId_3314,1
77.0,1.0,23400.0,1.0,23400.0,-0.0,23400.0,0.0,1.0,-0.0,CustomerId_3315,1
5.0,9.0,51000.0,9.0,51000.0,11000.0,4444.444444444444,6463.573143221772,2.0,0.2156862745055748,CustomerId_3317,0
33.0,10.0,11300.0,10.0,11300.0,1040.0,1026.0,1044.8200270328325,3.0,0.09203539822194377,CustomerId_3318,0
3.0,1.0,1000.0,1.0,1000.0,-0.0,1000.0,0.0,1.0,-0.0,CustomerId_332,0
11.0,9.0,51000.0,9.0,51000.0,11000.0,4444.444444444444,6463.573143221772,2.0,0.2156862745055748,CustomerId_3320,0
5.0,5.0,26000.0,5.0,26000.0,6000.0,4000.0,6745.368781616021,2.0,0.23076923076035502,CustomerId_3321,0
4.0,6.0,22000.0,6.0,22000.0,6000.0,2666.6666666666665,6088.2400303098,2.0,0.272727272714876,CustomerId_3322,0
1.0,19.0,161772.0,19.0,161772.0,6392.0,8177.894736842105,9167.831331434792,4.0,0.039512400167893626,CustomerId_3323,0
32.0,6.0,31000.0,6.0,31000.0,11000.0,3333.3333333333335,7814.516406449389,2.0,0.3548387096659729,CustomerId_3326,0
64.0,1.0,10000.0,1.0,10000.0,-0.0,10000.0,0.0,1.0,-0.0,CustomerId_3327,1
0.0,60.0,68500.0,60.0,68500.0,2710.0,1096.5,1840.3726363641595,2.0,0.03956204379504289,CustomerId_3328,0
3.0,32.0,54782.0,32.0,54782.0,12510.0,1321.0,3775.3295604917166,4.0,0.22835968018275418,CustomerId_3329,0
1.0,120.0,1896245.0,120.0,1896245.0,141644.0,14621.675,57813.16949954016,6.0,0.07469709873983862,CustomerId_3330,0
57.0,3.0,31000.0,3.0,31000.0,6000.0,8333.333333333334,19731.53144926499,2.0,0.19354838709053068,CustomerId_3331,1
60.0,11.0,33647.0,11.0,33647.0,488.0,3014.4545454545455,8315.993210238166,3.0,0.0145035218588729,CustomerId_3332,1
42.0,1.0,2000.0,1.0,2000.0,-0.0,2000.0,0.0,1.0,-0.0,CustomerId_3333,1
51.0,13.0,9300.0,13.0,9300.0,67.0,710.2307692307693,393.2353311199613,2.0,0.007204301074494161,CustomerId_3334,1
6.0,4.0,1500.0,4.0,1500.0,1010.0,122.5,854.4150045498967,2.0,0.6733333328844444,CustomerId_3336,0
35.0,3.0,2000.0,3.0,2000.0,1000.0,333.3333333333333,1154.7005383792516,2.0,0.49999999975,CustomerId_3339,0
60.0,33.0,251400.0,33.0,251400.0,51400.0,6060.606060606061,9323.087585194731,2.0,0.20445505170960837,CustomerId_334,1
4.0,13.0,56000.0,13.0,56000.0,10616.0,3491.076923076923,9054.521802774738,3.0,0.18957142856804338,CustomerId_3340,0
15.0,9.0,10000.0,9.0,10000.0,14000.0,-444.44444444444446,3320.8098075285457,1.0,1.39999999986,CustomerId_3341,0
22.0,1.0,1000.0,1.0,1000.0,-0.0,1000.0,0.0,1.0,-0.0,CustomerId_3343,0
11.0,9.0,51000.0,9.0,51000.0,11000.0,4444.444444444444,6463.573143221772,2.0,0.2156862745055748,CustomerId_3344,0
0.0,5.0,2000.0,5.0,2000.0,1010.0,198.0,758.959814482954,2.0,0.5049999997475,CustomerId_3345,0
4.0,8.0,75000.0,8.0,75000.0,15000.0,7500.0,12247.44871391589,2.0,0.19999999999733334,CustomerId_3346,0
33.0,2.0,3000.0,2.0,3000.0,-0.0,1500.0,707.1067811865476,2.0,-0.0,CustomerId_3347,0
57.0,10.0,28500.0,10.0,28500.0,5644.0,2285.6,4765.9097580863,4.0,0.19803508771234965,CustomerId_3349,1
7.0,106.0,854729.0,106.0,854729.0,56256.25,7532.76179245283,21925.09462835588,5.0,0.06581764512486903,CustomerId_335,0
4.0,18.0,111000.0,18.0,111000.0,21000.0,5000.0,6287.241983947006,2.0,0.18918918918748479,CustomerId_3352,0
0.0,161.0,185610.0,161.0,185610.0,36368.0,926.9689440993789,2567.6175543253134,3.0,0.1959377188718499,CustomerId_3353,0
4.0,5.0,20000.0,5.0,20000.0,6200.0,2760.0,6854.779354581736,2.0,0.3099999999845,CustomerId_3354,0
4.0,5.0,26000.0,5.0,26000.0,6000.0,4000.0,6745.368781616021,2.0,0.23076923076035502,CustomerId_3355,0
37.0,1.0,5000.0,1.0,5000.0,-0.0,5000.0,0.0,1.0,-0.0,CustomerId_3356,1
12.0,6.0,7000.0,6.0,7000.0,1040.0,993.3333333333334,1271.3247683682823,2.0,0.14857142855020408,CustomerId_3357,0
2.0,3.0,500.0,3.0,500.0,1025.0,-175.0,761.1668673819164,2.0,2.0499999959,CustomerId_3359,0
0.0,37.0,138000.0,37.0,138000.0,3440.0,3636.7567567567567,5583.145794887232,2.0,0.024927536231703424,CustomerId_336,0
46.0,6.0,30000.0,6.0,30000.0,11000.0,3166.6666666666665,7626.707459098367,2.0,0.3666666666544444,CustomerId_3360,1
39.0,2.0,2000.0,2.0,2000.0,-0.0,1000.0,0.0,2.0,-0.0,CustomerId_3361,1
1.0,36.0,79300.0,36.0,79300.0,6949.5,2009.736111111111,2682.5876513069325,3.0,0.08763556115904622,CustomerId_3363,0
34.0,1.0,2000.0,1.0,2000.0,-0.0,2000.0,0.0,1.0,-0.0,CustomerId_3364,0
0.0,5.0,22000.0,5.0,22000.0,20.0,4396.0,4398.190537027699,3.0,0.0009090909090495868,CustomerId_3365,0
5.0,7.0,64000.0,7.0,64000.0,6700.0,8185.714285714285,10028.696919578431,2.0,0.10468749999836426,CustomerId_3366,0
43.0,7.0,194000.0,7.0,194000.0,1600.0,27485.714285714286,36288.44759109197,2.0,0.008247422680369858,CustomerId_337,1
0.0,299.0,1417370.0,299.0,1417370.0,165606.32,4186.5006020066885,10716.558736491084,3.0,0.11684057091647429,CustomerId_3371,0
55.0,12.0,40000.0,12.0,40000.0,8000.0,2666.6666666666665,5484.744683430966,3.0,0.199999999995,CustomerId_3373,1
4.0,94.0,335900.0,94.0,335900.0,10592.0,3460.723404255319,6491.115992331208,3.0,0.031533194403002285,CustomerId_3374,0
41.0,1.0,300.0,1.0,300.0,-0.0,300.0,0.0,1.0,-0.0,CustomerId_3375,1
67.0,2.0,2000.0,2.0,2000.0,-0.0,1000.0,0.0,1.0,-0.0,CustomerId_3376,1
74.0,5.0,3000.0,5.0,3000.0,1050.0,390.0,900.2777349240622,2.0,0.34999999988333336,CustomerId_3377,1
64.0,1.0,80000.0,1.0,80000.0,-0.0,80000.0,0.0,1.0,-0.0,CustomerId_3378,1
8.0,44.0,97700.0,44.0,97700.0,3380.0,2143.6363636363635,3268.6965547476298,2.0,0.0345957011255415,CustomerId_3379,0
37.0,2.0,55000.0,2.0,55000.0,-0.0,27500.0,31819.80515339464,1.0,-0.0,CustomerId_338,1
18.0,5.0,26000.0,5.0,26000.0,6000.0,4000.0,6745.368781616021,2.0,0.23076923076035502,CustomerId_3380,0
37.0,3.0,1000.0,3.0,1000.0,1000.0,0.0,866.0254037844386,2.0,0.999999999,CustomerId_3381,1
23.0,24.0,304500.0,24.0,304500.0,16118.0,12015.916666666666,8893.301875772755,3.0,0.05293267651870958,CustomerId_3385,0
63.0,6.0,4000.0,6.0,4000.0,1070.0,488.3333333333333,1055.6593516218509,2.0,0.267499999933125,CustomerId_3386,1
72.0,4.0,8000.0,4.0,8000.0,-0.0,2000.0,0.0,1.0,-0.0,CustomerId_3387,1
11.0,5.0,25000.0,5.0,25000.0,6000.0,3800.0,6685.805860178712,2.0,0.2399999999904,CustomerId_3388,0
1.0,96.0,169000.0,96.0,169000.0,1300.0,1746.875,1746.4691071144841,2.0,0.007692307692262175,CustomerId_3389,0
0.0,58.0,48600.0,58.0,48600.0,2880.0,788.2758620689655,912.3608049201299,2.0,0.05925925925803993,CustomerId_3390,0
3.0,121.0,245640.0,121.0,245640.0,23506.0,1835.8181818181818,3354.2311339560365,4.0,0.09569288389474152,CustomerId_3391,0
24.0,6.0,2500.0,6.0,2500.0,1010.0,248.33333333333334,689.9396108839285,2.0,0.4039999998384,CustomerId_3392,0
0.0,19.0,38600.0,19.0,38600.0,2282.0,1911.4736842105262,3056.8642496741118,3.0,0.05911917098292437,CustomerId_3397,0
85.0,16.0,45100.0,16.0,45100.0,220.0,2805.0,2848.7704950264656,3.0,0.004878048780379644,CustomerId_3398,1
4.0,45.0,47725.0,45.0,47725.0,1590.0,1025.2222222222222,1032.8809860352408,3.0,0.033315872183691655,CustomerId_3399,0
42.0,9.0,8000.0,9.0,8000.0,210.0,865.5555555555555,953.4032608386536,2.0,0.02624999999671875,CustomerId_340,1
78.0,2.0,500.0,2.0,500.0,10.0,245.0,360.62445840513925,2.0,0.01999999996,CustomerId_3400,1
2.0,16.0,53900.0,16.0,53900.0,1978.0,3245.125,8684.338085503889,2.0,0.03669758812547871,CustomerId_3401,0
8.0,2.0,3000.0,2.0,3000.0,-0.0,1500.0,707.1067811865476,2.0,-0.0,CustomerId_3402,0
10.0,26.0,65800.0,26.0,65800.0,7138.8,2256.2,4513.484147751047,4.0,0.10849240121415667,CustomerId_3403,0
56.0,6.0,8000.0,6.0,8000.0,1060.0,1156.6666666666667,2143.5826708262657,2.0,0.1324999999834375,CustomerId_3404,1
8.0,189.0,248900.0,189.0,248900.0,21970.0,1200.6878306878307,4237.97470232703,3.0,0.08826838087549913,CustomerId_3405,0
47.0,13.0,30000.0,13.0,30000.0,1440.0,2196.923076923077,3767.486749844836,3.0,0.047999999998399996,CustomerId_3407,1
46.0,6.0,30000.0,6.0,30000.0,11000.0,3166.6666666666665,7626.707459098367,2.0,0.3666666666544444,CustomerId_3408,1
1.0,34.0,262500.0,34.0,262500.0,36913.0,6634.911764705882,12639.751254667053,3.0,0.1406209523804167,CustomerId_341,0
47.0,6.0,6000.0,6.0,6000.0,1100.0,816.6666666666666,1732.2432469681235,2.0,0.18333333330277776,CustomerId_3410,1
67.0,6.0,30000.0,6.0,30000.0,11000.0,3166.6666666666665,7626.707459098367,2.0,0.3666666666544444,CustomerId_3412,1
76.0,6.0,10700.0,6.0,10700.0,350.0,1725.0,1903.0895932666965,2.0,0.03271028037077474,CustomerId_3413,1
82.0,1.0,1000.0,1.0,1000.0,-0.0,1000.0,0.0,1.0,-0.0,CustomerId_3414,1
4.0,471.0,1457759.0,471.0,1457759.0,68839.0,2948.8747346072187,7520.816917150456,4.0,0.04722248327738177,CustomerId_3415,0
83.0,4.0,4000.0,4.0,4000.0,200.0,950.0,1212.4355652982142,2.0,0.0499999999875,CustomerId_3416,1
47.0,5.0,25000.0,5.0,25000.0,6000.0,3800.0,6685.805860178712,2.0,0.2399999999904,CustomerId_3417,1
5.0,5.0,26000.0,5.0,26000.0,6000.0,4000.0,6745.368781616021,2.0,0.23076923076035502,CustomerId_3418,0
0.0,67.0,109000.0,67.0,109000.0,4215.0,1563.955223880597,3529.2176076585506,3.0,0.038669724770287434,CustomerId_3419,0
0.0,22.0,76000.0,22.0,76000.0,26000.0,2272.7272727272725,5649.96264784803,2.0,0.3421052631533934,CustomerId_3420,0
19.0,1.0,100000.0,1.0,100000.0,-0.0,100000.0,0.0,1.0,-0.0,CustomerId_3421,0
0.0,131.0,226965.0,131.0,226965.0,22693.3,1559.3259541984735,2760.753286238204,4.0,0.09998590090939137,CustomerId_3422,0
50.0,2.0,1000.0,2.0,1000.0,-0.0,500.0,0.0,2.0,-0.0,CustomerId_3424,1
61.0,1.0,1000.0,1.0,1000.0,-0.0,1000.0,0.0,1.0,-0.0,CustomerId_3425,1
59.0,1.0,2000.0,1.0,2000.0,-0.0,2000.0,0.0,1.0,-0.0,CustomerId_3426,1
2.0,116.0,295200.0,116.0,295200.0,46553.0,2143.5086206896553,4533.80335680606,4.0,0.15769986449811077,CustomerId_3427,0
87.0,7.0,19900.0,7.0,19900.0,-0.0,2842.8571428571427,190.23794624226838,1.0,-0.0,CustomerId_3428,1
11.0,18.0,101000.0,18.0,101000.0,21000.0,4444.444444444444,6166.5341798168665,2.0,0.2079207920771493,CustomerId_343,0
1.0,21.0,89450.0,21.0,89450.0,22645.0,3181.190476190476,6311.973127470107,3.0,0.2531581889295343,CustomerId_3430,0
7.0,8.0,8200.0,8.0,8200.0,200.0,1000.0,1065.9502802663922,2.0,0.024390243899464602,CustomerId_3431,0
58.0,98.0,137941.0,98.0,137941.0,28585.33,1115.8741836734694,3679.5983901087043,3.0,0.2072286702270737,CustomerId_3432,1
54.0,24.0,39300.0,24.0,39300.0,2196.9,1545.9624999999999,2484.1292217337927,3.0,0.05590076335735621,CustomerId_3433,1
46.0,6.0,30000.0,6.0,30000.0,11000.0,3166.6666666666665,7626.707459098367,2.0,0.3666666666544444,CustomerId_3434,1
3.0,4.0,17000.0,4.0,17000.0,200.0,4200.0,4415.125517279586,2.0,0.011764705881660899,CustomerId_3435,0
69.0,7.0,6300.0,7.0,6300.0,1056.0,749.1428571428571,1311.6843406566268,4.0,0.16761904759244142,CustomerId_3436,1
46.0,6.0,30000.0,6.0,30000.0,11000.0,3166.6666666666665,7626.707459098367,2.0,0.3666666666544444,CustomerId_3437,1
3.0,35.0,41800.0,35.0,41800.0,1215.0,1159.5714285714287,1859.3639691431852,2.0,0.02906698564523763,CustomerId_3438,0
0.0,37.0,196400.0,37.0,196400.0,66400.0,3513.5135135135133,7198.771583562873,2.0,0.3380855397131462,CustomerId_3439,0
13.0,22.0,21000.0,22.0,21000.0,1650.0,879.5454545454545,1216.1276455275781,2.0,0.07857142856768708,CustomerId_3440,0
75.0,7.0,17600.0,7.0,17600.0,1601.0,2285.5714285714284,3965.4798724804564,4.0,0.09096590908574056,CustomerId_3441,1
0.0,130.0,208300.0,130.0,208300.0,13344.0,1499.6615384615384,2485.054444067999,2.0,0.06406144983166556,CustomerId_3442,0
89.0,3.0,2000.0,3.0,2000.0,20.0,660.0,588.8972745734183,2.0,0.009999999995,CustomerId_3443,1
50.0,29.0,15735.0,29.0,15735.0,4794.0,377.2758620689655,824.3697981121147,2.0,0.30467111532858776,CustomerId_3444,1
5.0,54.0,27500.0,54.0,27500.0,1040.0,490.0,537.8494914673603,3.0,0.03781818181680661,CustomerId_3445,0
4.0,21.0,43500.0,21.0,43500.0,6106.0,1780.6666666666667,2895.3927079643845,4.0,0.14036781608872717,CustomerId_3447,0
63.0,1.0,1000.0,1.0,1000.0,-0.0,1000.0,0.0,1.0,-0.0,CustomerId_3448,1
10.0,18.0,11050.0,18.0,11050.0,1295.0,541.9444444444445,677.8949660288977,2.0,0.11719457012514076,CustomerId_3449,0
8.0,5.0,3000.0,5.0,3000.0,50.0,590.0,436.4630568559039,2.0,0.01666666666111111,CustomerId_345,0
0.0,7.0,45800.0,7.0,45800.0,15000.0,4400.0,8480.566018845677,3.0,0.3275109170234168,CustomerId_3451,0
1.0,130.0,529400.0,130.0,529400.0,30162.0,3840.2923076923075,6555.222211296522,3.0,0.05697393275395358,CustomerId_3452,0
2.0,37.0,22500.0,37.0,22500.0,555.0,593.1081081081081,768.8315009655086,2.0,0.02466666666557037,CustomerId_3453,0
5.0,86.0,399820.0,86.0,399820.0,65420.0,3888.3720930232557,5508.676548749387,2.0,0.16362363063337595,CustomerId_3454,0
69.0,1.0,1000.0,1.0,1000.0,-0.0,1000.0,0.0,1.0,-0.0,CustomerId_3456,1
72.0,3.0,20000.0,3.0,20000.0,1644.0,6118.666666666667,12022.905028874398,2.0,0.08219999999589,CustomerId_3457,1
81.0,2.0,3000.0,2.0,3000.0,-0.0,1500.0,707.1067811865476,1.0,-0.0,CustomerId_3458,1
20.0,10.0,7500.0,10.0,7500.0,11040.0,-354.0,3785.904265972809,4.0,1.4719999998037332,CustomerId_3459,0
0.0,11.0,3500.0,11.0,3500.0,1110.0,217.27272727272728,522.9309879724266,3.0,0.31714285705224493,CustomerId_3461,0
57.0,7.0,7000.0,7.0,7000.0,1060.0,848.5714285714286,1255.8586514337323,2.0,0.15142857140693877,CustomerId_3462,1
23.0,117.0,353000.0,117.0,353000.0,6210.0,2964.017094017094,7323.557179289718,3.0,0.017592067988618718,CustomerId_3463,0
15.0,20.0,123400.0,20.0,123400.0,11575.0,5591.25,6747.6276289093685,2.0,0.09380064829745705,CustomerId_3464,0
32.0,6.0,26000.0,6.0,26000.0,6000.0,3333.3333333333335,6088.2400303098,2.0,0.23076923076035502,CustomerId_3465,0
38.0,3.0,1000.0,3.0,1000.0,1000.0,0.0,866.0254037844386,2.0,0.999999999,CustomerId_3466,1
7.0,45.0,1095000.0,45.0,1095000.0,21008.0,23866.48888888889,74476.08396587403,4.0,0.01918538812783636,CustomerId_3467,0
54.0,26.0,131400.0,26.0,131400.0,51400.0,3076.923076923077,7831.746047583908,2.0,0.39117199390874297,CustomerId_3468,1
58.0,6.0,6000.0,6.0,6000.0,-0.0,1000.0,0.0,1.0,-0.0,CustomerId_347,1
5.0,9.0,7000.0,9.0,7000.0,265.0,748.3333333333334,967.0961689511545,2.0,0.03785714285173469,CustomerId_3470,0
20.0,26.0,221000.0,26.0,221000.0,8800.0,8161.538461538462,10279.74034392219,3.0,0.0398190045247067,CustomerId_3471,0
85.0,5.0,22000.0,5.0,22000.0,-0.0,4400.0,5116.150896914593,1.0,-0.0,CustomerId_3473,1
0.0,52.0,52450.0,52.0,52450.0,11664.0,784.3461538461538,2579.772849740734,3.0,0.22238322211206132,CustomerId_3474,0
25.0,14.0,88500.0,14.0,88500.0,2884.0,6115.428571428572,8794.617214867509,3.0,0.03258757062110071,CustomerId_3475,0
58.0,18.0,639596.0,18.0,639596.0,20527.8,34392.677777777775,54958.510481962185,4.0,0.03209494743551852,CustomerId_3476,1
23.0,35.0,200100.0,35.0,200100.0,5405.75,5562.692857142857,7235.215961370336,4.0,0.027015242378675586,CustomerId_3477,0
17.0,6.0,4500.0,6.0,4500.0,90.0,735.0,838.0155129829042,2.0,0.019999999995555556,CustomerId_3478,0
5.0,4.0,3000.0,4.0,3000.0,1040.0,490.0,1296.3024338479042,3.0,0.3466666665511111,CustomerId_3479,0
68.0,5.0,4000.0,5.0,4000.0,100.0,780.0,860.6683449505972,2.0,0.02499999999375,CustomerId_348,1
72.0,11.0,45000.0,11.0,45000.0,6000.0,3545.4545454545455,5424.272050029135,2.0,0.13333333333037037,CustomerId_3482,1
46.0,5.0,2000.0,5.0,2000.0,1100.0,180.0,843.0599029724993,2.0,0.549999999725,CustomerId_3483,1
21.0,1.0,500.0,1.0,500.0,-0.0,500.0,0.0,1.0,-0.0,CustomerId_3485,0
26.0,2.0,3000.0,2.0,3000.0,-0.0,1500.0,707.1067811865476,1.0,-0.0,CustomerId_3486,0
5.0,110.0,86500.0,110.0,86500.0,2795.0,760.9545454545455,929.7986107918884,2.0,0.03231213872795015,CustomerId_3487,0
34.0,1.0,30000.0,1.0,30000.0,-0.0,30000.0,0.0,1.0,-0.0,CustomerId_3488,0
4.0,5.0,26000.0,5.0,26000.0,6000.0,4000.0,6745.368781616021,2.0,0.23076923076035502,CustomerId_3489,0
5.0,40.0,60000.0,40.0,60000.0,3275.0,1418.125,2124.46062159135,2.0,0.054583333332423614,CustomerId_349,0
33.0,1.0,1000.0,1.0,1000.0,-0.0,1000.0,0.0,1.0,-0.0,CustomerId_3490,0
6.0,22.0,49600.0,22.0,49600.0,1574.0,2183.0,3100.0181105461766,3.0,0.03173387096710214,CustomerId_3491,0
31.0,4.0,1000.0,4.0,1000.0,12000.0,-2750.0,4924.428900898052,1.0,11.999999988,CustomerId_3492,0
21.0,6.0,17000.0,6.0,17000.0,1100.0,2650.0,6097.04846626628,3.0,0.06470588234913495,CustomerId_3493,0
7.0,7.0,15000.0,7.0,15000.0,1750.0,1892.857142857143,2918.5368154020507,2.0,0.11666666665888889,CustomerId_3494,0
37.0,2.0,1000.0,2.0,1000.0,-0.0,500.0,0.0,2.0,-0.0,CustomerId_3495,1
0.0,39.0,106200.0,39.0,106200.0,7054.4,2542.194871794872,8425.157180290738,4.0,0.06642561205210522,CustomerId_3496,0
41.0,58.0,232900.0,58.0,232900.0,4185.0,3943.362068965517,11740.981137008466,2.0,0.017969085444319584,CustomerId_3497,1
6.0,9.0,646600.0,9.0,646600.0,2629.0,71552.33333333333,62347.399697180634,2.0,0.004065883080723684,CustomerId_3498,0
0.0,18.0,101000.0,18.0,101000.0,31000.0,3888.8888888888887,7028.420363812734,2.0,0.306930693066268,CustomerId_350,0
52.0,4.0,3000.0,4.0,3000.0,1100.0,475.0,1304.7988350699889,2.0,0.36666666654444446,CustomerId_3500,1
45.0,296.0,718500.0,296.0,718500.0,9564.0,2395.054054054054,9114.993850725472,2.0,0.013311064718144312,CustomerId_3501,0
15.0,3.0,500.0,3.0,500.0,1010.0,-170.0,762.6925986267338,2.0,2.01999999596,CustomerId_3503,0
30.0,36.0,90500.0,36.0,90500.0,2650.0,2440.277777777778,2803.946694124563,2.0,0.02928176795547755,CustomerId_3504,0
2.0,1.0,1500.0,1.0,1500.0,-0.0,1500.0,0.0,1.0,-0.0,CustomerId_3505,0
4.0,17.0,28500.0,17.0,28500.0,365.0,1655.0,1955.9812115662053,3.0,0.01280701754341028,CustomerId_3506,0
40.0,11.0,6500.0,11.0,6500.0,150.0,577.2727272727273,780.3696676459293,2.0,0.02307692307337278,CustomerId_3507,1
75.0,14.0,30000.0,14.0,30000.0,1100.0,2064.285714285714,2025.7143632108357,2.0,0.03666666666544444,CustomerId_3508,1
9.0,42.0,48795.0,42.0,48795.0,16041.85,779.8369047619047,2459.921034600638,3.0,0.3287601188579002,CustomerId_3509,0
33.0,2.0,10550.0,2.0,10550.0,10000.0,275.0,14531.044353383551,2.0,0.9478672984883538,CustomerId_351,0
18.0,2.0,14860.0,2.0,14860.0,-0.0,7430.0,3436.538956566621,1.0,-0.0,CustomerId_3510,0
2.0,47.0,136100.0,47.0,136100.0,28210.0,2295.531914893617,4548.9029152813255,4.0,0.2072740631873088,CustomerId_3511,0
64.0,3.0,1000.0,3.0,1000.0,1020.0,-6.666666666666667,1000.0666644445926,2.0,1.01999999898,CustomerId_3512,1
33.0,6.0,4890.0,6.0,4890.0,1020.0,645.0,1029.208433700385,2.0,0.20858895701255847,CustomerId_3513,0
1.0,86.0,289161.0,86.0,289161.0,72914.1,2514.498837209302,5367.588912340529,3.0,0.2521574486177176,CustomerId_3515,0
76.0,2.0,1000.0,2.0,1000.0,20.0,490.0,721.2489168102785,2.0,0.01999999998,CustomerId_3516,1
30.0,21.0,72000.0,21.0,72000.0,1350.0,3364.285714285714,5881.6346124428455,3.0,0.018749999999739586,CustomerId_3517,0
59.0,24.0,21400.0,24.0,21400.0,1405.0,833.125,1060.3340454986242,2.0,0.06565420560440868,CustomerId_3519,1
1.0,49.0,276234.0,49.0,276234.0,85900.0,3884.3673469387754,7051.483268001957,3.0,0.31096823707323873,CustomerId_352,0
15.0,1.0,1000.0,1.0,1000.0,-0.0,1000.0,0.0,1.0,-0.0,CustomerId_3520,0
50.0,30.0,24600.0,30.0,24600.0,1430.0,772.3333333333334,850.9738167426829,3.0,0.058130081298449994,CustomerId_3521,1
71.0,3.0,1000.0,3.0,1000.0,1020.0,-6.666666666666667,1000.0666644445926,2.0,1.01999999898,CustomerId_3522,1
89.0,1.0,1000.0,1.0,1000.0,-0.0,1000.0,0.0,1.0,-0.0,CustomerId_3523,1
0.0,44.0,33500.0,44.0,33500.0,2350.0,707.9545454545455,1015.5158605369561,2.0,0.07014925372924928,CustomerId_3524,0
1.0,113.0,242500.0,113.0,242500.0,27870.0,1899.3805309734514,4450.319367188687,3.0,0.11492783505107246,CustomerId_3525,0
15.0,10.0,24000.0,10.0,24000.0,1650.0,2235.0,3385.6765284881476,2.0,0.06874999999713542,CustomerId_3526,0
59.0,1.0,4500.0,1.0,4500.0,-0.0,4500.0,0.0,1.0,-0.0,CustomerId_3527,1
59.0,2.0,110000.0,2.0,110000.0,-0.0,55000.0,63639.61030678928,1.0,-0.0,CustomerId_3528,1
0.0,123.0,401050.0,123.0,401050.0,29382.5,3021.6869918699185,4176.055605432651,4.0,0.07326393217784999,CustomerId_3530,0
66.0,1.0,1000.0,1.0,1000.0,-0.0,1000.0,0.0,1.0,-0.0,CustomerId_3533,1
51.0,4.0,81200.0,4.0,81200.0,23000.0,14550.0,38503.80933535451,2.0,0.2832512315236053,CustomerId_3534,1
0.0,98.0,285500.0,98.0,285500.0,20066.0,2708.5102040816328,6526.163945236205,3.0,0.07028371278434226,CustomerId_3535,0
32.0,6.0,31000.0,6.0,31000.0,11000.0,3333.3333333333335,7814.516406449389,2.0,0.3548387096659729,CustomerId_3536,0
62.0,1.0,80000.0,1.0,80000.0,-0.0,80000.0,0.0,1.0,-0.0,CustomerId_3537,1
25.0,11.0,270000.0,11.0,270000.0,-0.0,24545.454545454544,26313.9264890804,3.0,-0.0,CustomerId_3540,0
11.0,14.0,19000.0,14.0,19000.0,1450.0,1253.5714285714287,1799.087833588742,2.0,0.07631578946966759,CustomerId_3541,0
55.0,5.0,322000.0,5.0,322000.0,5000.0,63400.0,67696.38099632801,3.0,0.015527950310510782,CustomerId_3542,1
9.0,140.0,299960.0,140.0,299960.0,22334.0,1983.0428571428572,3582.0280113936915,3.0,0.07445659421231345,CustomerId_3543,0
58.0,6.0,8000.0,6.0,8000.0,1200.0,1133.3333333333333,1965.6211910402947,2.0,0.14999999998125,CustomerId_3545,1
4.0,2.0,10000.0,2.0,10000.0,-0.0,5000.0,0.0,1.0,-0.0,CustomerId_3547,0
22.0,4.0,10000.0,4.0,10000.0,4000.0,1500.0,4041.4518843273804,2.0,0.39999999995999996,CustomerId_3548,0
0.0,49.0,401054.0,49.0,401054.0,11621.08,7947.610612244897,17599.990748468736,2.0,0.028976347324726905,CustomerId_3549,0
46.0,7.0,45000.0,7.0,45000.0,6000.0,5571.428571428572,6241.184258807054,2.0,0.13333333333037037,CustomerId_355,1
13.0,10.0,39000.0,10.0,39000.0,1100.0,3790.0,8668.990714033554,4.0,0.028205128204404996,CustomerId_3550,0
2.0,152.0,534600.0,152.0,534600.0,82966.0,2971.2763157894738,5145.392360710746,4.0,0.15519266741459933,CustomerId_3551,0
37.0,1.0,10000.0,1.0,10000.0,-0.0,10000.0,0.0,1.0,-0.0,CustomerId_3554,1
0.0,125.0,309500.0,125.0,309500.0,21694.0,2302.448,6158.725574410927,6.0,0.07009369951512086,CustomerId_3555,0
53.0,32.0,135900.0,32.0,135900.0,16950.0,3717.1875,6630.122601102121,2.0,0.12472406180923676,CustomerId_3556,1
49.0,17.0,47000.0,17.0,47000.0,8000.0,2294.1176470588234,3518.073085553243,3.0,0.17021276595382526,CustomerId_3557,1
4.0,23.0,47250.0,23.0,47250.0,1250.0,2000.0,2796.444069138194,3.0,0.02645502645446656,CustomerId_3558,0
18.0,5.0,26000.0,5.0,26000.0,6000.0,4000.0,6745.368781616021,2.0,0.23076923076035502,CustomerId_3559,0
29.0,20.0,32610.0,20.0,32610.0,1760.0,1542.5,2076.4161305885727,2.0,0.053971174484698826,CustomerId_356,0
2.0,24.0,26500.0,24.0,26500.0,835.0,1069.375,1251.8241581093118,2.0,0.03150943396107512,CustomerId_3561,0
25.0,7.0,2000.0,7.0,2000.0,150.0,264.2857142857143,411.76883251233505,2.0,0.0749999999625,CustomerId_3562,0
60.0,4.0,20000.0,4.0,20000.0,7000.0,3250.0,7889.86691902975,2.0,0.3499999999825,CustomerId_3564,1
31.0,1.0,500.0,1.0,500.0,-0.0,500.0,0.0,1.0,-0.0,CustomerId_3566,0
24.0,1.0,10000.0,1.0,10000.0,-0.0,10000.0,0.0,1.0,-0.0,CustomerId_3567,0
2.0,7.0,4000.0,7.0,4000.0,1030.0,424.2857142857143,840.6715003070888,3.0,0.257499999935625,CustomerId_3569,0
46.0,6.0,25000.0,6.0,25000.0,6000.0,3166.6666666666665,6104.643041707408,2.0,0.2399999999904,CustomerId_357,1
45.0,2.0,20500.0,2.0,20500.0,-0.0,10250.0,13788.582233137677,1.0,-0.0,CustomerId_3570,1
19.0,10.0,8500.0,10.0,8500.0,1070.0,743.0,1300.9487990608154,3.0,0.12588235292636676,CustomerId_3571,0
82.0,4.0,1000.0,4.0,1000.0,1010.0,-2.5,707.1244586351119,2.0,1.00999999899,CustomerId_3572,1
39.0,2.0,10000.0,2.0,10000.0,1000.0,4500.0,7778.174593052023,2.0,0.09999999998999999,CustomerId_3573,1
48.0,1.0,1000.0,1.0,1000.0,-0.0,1000.0,0.0,1.0,-0.0,CustomerId_3574,1
50.0,25.0,1225000.0,25.0,1225000.0,36000.0,47560.0,83004.05612579022,3.0,0.029387755102016827,CustomerId_3575,1
15.0,1.0,1000.0,1.0,1000.0,-0.0,1000.0,0.0,1.0,-0.0,CustomerId_3577,0
48.0,5.0,8000.0,5.0,8000.0,1400.0,1320.0,2493.453929792969,2.0,0.174999999978125,CustomerId_3578,1
14.0,3.0,7800.0,3.0,7800.0,100.0,2566.6666666666665,2990.5406423142513,3.0,0.012820512818869164,CustomerId_3579,0
31.0,30.0,2686000.0,30.0,2686000.0,36000.0,88333.33333333333,130068.77049265619,3.0,0.01340282948621988,CustomerId_3581,0
0.0,69.0,68500.0,69.0,68500.0,1835.0,966.1594202898551,1352.4167216199694,3.0,0.026788321167492146,CustomerId_3582,0
46.0,5.0,25000.0,5.0,25000.0,6000.0,3800.0,6685.805860178712,2.0,0.2399999999904,CustomerId_3583,1
58.0,1.0,1000.0,1.0,1000.0,-0.0,1000.0,0.0,1.0,-0.0,CustomerId_3589,1
60.0,10.0,30000.0,10.0,30000.0,6000.0,2400.0,4087.9225911349045,2.0,0.19999999999333334,CustomerId_359,1
0.0,61.0,472872.0,61.0,472872.0,8563.8,7611.609836065574,20575.271165630722,6.0,0.018110186266012556,CustomerId_3590,0
23.0,2.0,4000.0,2.0,4000.0,-0.0,2000.0,0.0,1.0,-0.0,CustomerId_3592,0
79.0,2.0,26000.0,2.0,26000.0,-0.0,13000.0,0.0,1.0,-0.0,CustomerId_3593,1
0.0,23.0,42420.0,23.0,42420.0,24650.0,772.6086956521739,3939.925815396787,4.0,0.5810938236543826,CustomerId_3595,0
3.0,26.0,67840.0,26.0,67840.0,1320.0,2558.4615384615386,3325.9172476869503,4.0,0.019457547169524508,CustomerId_3597,0
8.0,15.0,31500.0,15.0,31500.0,420.0,2072.0,1810.3204136284826,2.0,0.013333333332910053,CustomerId_3599,0
1.0,74.0,456372.0,74.0,456372.0,101600.0,4794.216216216216,6697.207666479563,3.0,0.22262540208377676,CustomerId_3600,0
5.0,9.0,91000.0,9.0,91000.0,11000.0,8888.888888888889,10373.577546396957,2.0,0.12087912087779254,CustomerId_3601,0
0.0,218.0,273371.0,218.0,273371.0,3529.66,1237.8043119266056,2502.7460410494496,2.0,0.012911610960881323,CustomerId_3602,0
0.0,75.0,331000.0,75.0,331000.0,57350.0,3648.6666666666665,5472.628286331929,2.0,0.17326283987863061,CustomerId_3605,0
56.0,19.0,30000.0,19.0,30000.0,851.6,1534.1263157894737,2155.014254359174,4.0,0.028386666665720445,CustomerId_3608,1
46.0,12.0,12800.0,12.0,12800.0,1592.8,933.9333333333334,1578.3446963848107,4.0,0.12443749999027831,CustomerId_3609,1
46.0,5.0,25000.0,5.0,25000.0,6000.0,3800.0,6685.805860178712,2.0,0.2399999999904,CustomerId_361,1
28.0,31.0,75430.0,31.0,75430.0,590.0,2414.1935483870966,6410.139766647604,3.0,0.007821821556306221,CustomerId_3610,0
19.0,29.0,56200.0,29.0,56200.0,15237.0,1412.5172413793102,4209.498889592184,4.0,0.27112099643645693,CustomerId_3611,0
0.0,236.0,371973.0,236.0,371973.0,7869.85,1542.8099576271188,1997.375715409299,4.0,0.021157046344704705,CustomerId_3613,0
1.0,4.0,1000.0,4.0,1000.0,1010.0,-2.5,707.1244586351119,2.0,1.00999999899,CustomerId_3614,0
50.0,3.0,11000.0,3.0,11000.0,1220.0,3260.0,6714.372643814164,2.0,0.11090909089900826,CustomerId_3615,1
5.0,1.0,1000.0,1.0,1000.0,-0.0,1000.0,0.0,1.0,-0.0,CustomerId_3616,0
71.0,12.0,90200.0,12.0,90200.0,742.0,7454.833333333333,9691.00653214415,4.0,0.008226164079731419,CustomerId_3617,1
48.0,8.0,31000.0,8.0,31000.0,3000.0,3500.0,3927.9220242478627,2.0,0.09677419354526534,CustomerId_362,1
11.0,10.0,51000.0,10.0,51000.0,11000.0,4000.0,6164.414002968976,2.0,0.2156862745055748,CustomerId_3621,0
11.0,3.0,9000.0,3.0,9000.0,-0.0,3000.0,1732.0508075688772,2.0,-0.0,CustomerId_3622,0
7.0,3.0,500.0,3.0,500.0,1010.0,-170.0,762.6925986267338,2.0,2.01999999596,CustomerId_3623,0
32.0,5.0,26000.0,5.0,26000.0,6000.0,4000.0,6745.368781616021,2.0,0.23076923076035502,CustomerId_3624,0
29.0,8.0,47000.0,8.0,47000.0,7000.0,5000.0,7704.358692139331,2.0,0.1489361702095971,CustomerId_3625,0
0.0,14.0,81000.0,14.0,81000.0,31000.0,3571.4285714285716,8741.715073003834,2.0,0.3827160493779912,CustomerId_3626,0
46.0,1.0,1500.0,1.0,1500.0,-0.0,1500.0,0.0,1.0,-0.0,CustomerId_3627,1
27.0,17.0,20100.0,17.0,20100.0,1100.0,1117.6470588235295,1005.5814823509127,2.0,0.05472636815648128,CustomerId_3628,0
55.0,2.0,22000.0,2.0,22000.0,-0.0,11000.0,12727.922061357855,1.0,-0.0,CustomerId_3629,1
65.0,2.0,22000.0,2.0,22000.0,-0.0,11000.0,0.0,2.0,-0.0,CustomerId_3630,1
18.0,5.0,26000.0,5.0,26000.0,6000.0,4000.0,6745.368781616021,2.0,0.23076923076035502,CustomerId_3631,0
3.0,21.0,12040.0,21.0,12040.0,5175.0,326.9047619047619,1004.8463019169601,2.0,0.42981727571180917,CustomerId_3632,0
38.0,1.0,500.0,1.0,500.0,-0.0,500.0,0.0,1.0,-0.0,CustomerId_3633,1
33.0,2085.0,2677500.0,2085.0,2677500.0,48707.0,1260.8119904076739,5388.206927594541,2.0,0.018191223155922247,CustomerId_3634,0
0.0,55.0,430702.0,55.0,430702.0,80900.04000000001,6360.0356363636365,8861.137664952501,2.0,0.18783297964674456,CustomerId_3635,0
4.0,51.0,415900.0,51.0,415900.0,76200.0,6660.78431372549,9004.889303736554,2.0,0.18321711949943925,CustomerId_3636,0
9.0,14.0,10000.0,14.0,10000.0,250.0,696.4285714285714,633.8115121761618,2.0,0.024999999997499998,CustomerId_3637,0
0.0,338.0,826891.0,338.0,826891.0,46424.84,2309.0714792899407,3696.508363264668,4.0,0.056143844835587584,CustomerId_3638,0
37.0,1.0,2000.0,1.0,2000.0,-0.0,2000.0,0.0,1.0,-0.0,CustomerId_3639,1
19.0,9.0,51000.0,9.0,51000.0,11000.0,4444.444444444444,6463.573143221772,2.0,0.2156862745055748,CustomerId_3641,0
18.0,10.0,110200.0,10.0,110200.0,10200.0,10000.0,11566.61863582727,2.0,0.09255898366522179,CustomerId_3642,0
18.0,5.0,26000.0,5.0,26000.0,6000.0,4000.0,6745.368781616021,2.0,0.23076923076035502,CustomerId_3643,0
4.0,11.0,188500.0,11.0,188500.0,8425.0,16370.454545454546,37031.69032764677,3.0,0.04469496021196448,CustomerId_3645,0
60.0,3.0,80000.0,3.0,80000.0,6000.0,24666.666666666668,47961.7903474561,2.0,0.07499999999906251,CustomerId_3646,1
89.0,2.0,500.0,2.0,500.0,10.0,245.0,360.62445840513925,2.0,0.01999999996,CustomerId_3647,1
6.0,17.0,176000.0,17.0,176000.0,18280.0,9277.64705882353,17182.499192278377,3.0,0.10386363636304623,CustomerId_3648,0
13.0,1.0,10000.0,1.0,10000.0,-0.0,10000.0,0.0,1.0,-0.0,CustomerId_3649,0
1.0,44.0,55000.0,44.0,55000.0,3260.0,1175.909090909091,2147.032910116828,2.0,0.05927272727164959,CustomerId_3650,0
6.0,18.0,30000.0,18.0,30000.0,1346.0,1591.888888888889,1951.7643869643236,3.0,0.04486666666517111,CustomerId_3651,0
38.0,1.0,100000.0,1.0,100000.0,-0.0,100000.0,0.0,1.0,-0.0,CustomerId_3653,1
5.0,14.0,76000.0,14.0,76000.0,16000.0,4285.714285714285,6169.759644097497,2.0,0.2105263157867036,CustomerId_3654,0
11.0,27.0,84900.0,27.0,84900.0,6650.0,2898.1481481481483,3822.5917879376,2.0,0.0783274440509031,CustomerId_3655,0
1.0,62.0,153816.0,62.0,153816.0,31851.0,1967.1774193548388,5099.360324796111,5.0,0.20707208612753503,CustomerId_3656,0
55.0,47.0,213157.0,47.0,213157.0,70430.0,3036.744680851064,9445.832795167642,4.0,0.3304137325993028,CustomerId_3658,1
46.0,6.0,30000.0,6.0,30000.0,11000.0,3166.6666666666665,7626.707459098367,2.0,0.3666666666544444,CustomerId_3659,1
18.0,8.0,7200.0,8.0,7200.0,1200.0,750.0,1306.8500843085035,2.0,0.1666666666435185,CustomerId_366,0
42.0,1.0,500.0,1.0,500.0,-0.0,500.0,0.0,1.0,-0.0,CustomerId_3660,1
11.0,11.0,175800.0,11.0,175800.0,6000.0,15436.363636363636,10479.148126376755,2.0,0.03412969283257036,CustomerId_3663,0
19.0,1.0,1000000.0,1.0,1000000.0,-0.0,1000000.0,0.0,1.0,-0.0,CustomerId_3664,0
69.0,2.0,10000.0,2.0,10000.0,-0.0,5000.0,0.0,1.0,-0.0,CustomerId_3665,1
32.0,6.0,31000.0,6.0,31000.0,11000.0,3333.3333333333335,7814.516406449389,2.0,0.3548387096659729,CustomerId_3666,0
17.0,6.0,7500.0,6.0,7500.0,1050.0,1075.0,2159.5346720995244,3.0,0.13999999998133333,CustomerId_3667,0
4.0,6.0,36000.0,6.0,36000.0,6000.0,5000.0,6511.528238439882,2.0,0.16666666666203703,CustomerId_3668,0
0.0,13.0,82800.0,13.0,82800.0,2884.0,6147.384615384615,10220.080442756323,5.0,0.03483091787397548,CustomerId_3670,0
8.0,1.0,10000.0,1.0,10000.0,-0.0,10000.0,0.0,1.0,-0.0,CustomerId_3671,0
2.0,106.0,105500.0,106.0,105500.0,4869.0,949.3490566037735,1936.4220763954029,3.0,0.04615165876733506,CustomerId_3672,0
56.0,1.0,10000.0,1.0,10000.0,-0.0,10000.0,0.0,1.0,-0.0,CustomerId_3673,1
19.0,48.0,101000.0,48.0,101000.0,2959.0,2042.5208333333333,5493.825151697957,4.0,0.02929702970268023,CustomerId_3678,0
23.0,2.0,25000.0,2.0,25000.0,-0.0,12500.0,10606.601717798212,1.0,-0.0,CustomerId_368,0
11.0,19.0,96200.0,19.0,96200.0,16200.0,4210.526315789473,5779.193978483131,2.0,0.1683991683974179,CustomerId_3680,0
67.0,1.0,5000.0,1.0,5000.0,-0.0,5000.0,0.0,1.0,-0.0,CustomerId_3681,1
85.0,2.0,500.0,2.0,500.0,25.0,237.5,371.23106012293744,2.0,0.0499999999,CustomerId_3682,1
6.0,24.0,12500.0,24.0,12500.0,625.0,494.7916666666667,604.6908645470565,2.0,0.049999999996,CustomerId_3683,0
12.0,5.0,3000.0,5.0,3000.0,1020.0,396.0,896.7050797224247,2.0,0.3399999998866667,CustomerId_3684,0
19.0,5.0,26000.0,5.0,26000.0,6000.0,4000.0,6745.368781616021,2.0,0.23076923076035502,CustomerId_3685,0
89.0,3.0,1400.0,3.0,1400.0,30.0,456.6666666666667,433.16663460305125,2.0,0.021428571413265304,CustomerId_3686,1
26.0,1.0,1500.0,1.0,1500.0,-0.0,1500.0,0.0,1.0,-0.0,CustomerId_3687,0
11.0,25.0,151000.0,25.0,151000.0,31000.0,4800.0,6278.269400612454,2.0,0.2052980132436735,CustomerId_3688,0
11.0,9.0,51000.0,9.0,51000.0,11000.0,4444.444444444444,6559.556218051475,2.0,0.2156862745055748,CustomerId_3689,0
0.0,16.0,106000.0,16.0,106000.0,26000.0,5000.0,8132.240363721016,2.0,0.24528301886561055,CustomerId_369,0
28.0,40.0,446775.0,40.0,446775.0,30560.0,10405.375,20076.58801674803,2.0,0.06840132057508051,CustomerId_3690,0
80.0,1.0,10000.0,1.0,10000.0,-0.0,10000.0,0.0,1.0,-0.0,CustomerId_3691,1
31.0,2.0,1000.0,2.0,1000.0,20.0,490.0,721.2489168102785,2.0,0.01999999998,CustomerId_3693,0
8.0,88.0,44600.0,88.0,44600.0,1760.0,486.8181818181818,498.3975366042733,2.0,0.039461883407186954,CustomerId_3694,0
59.0,7.0,10000.0,7.0,10000.0,-0.0,1428.5714285714287,534.5224838248488,2.0,-0.0,CustomerId_3696,1
10.0,8.0,22200.0,8.0,22200.0,190.0,2751.25,3609.572343089968,2.0,0.008558558558173038,CustomerId_3697,0
11.0,5.0,26000.0,5.0,26000.0,6000.0,4000.0,6745.368781616021,2.0,0.23076923076035502,CustomerId_3698,0
80.0,1.0,5000.0,1.0,5000.0,-0.0,5000.0,0.0,1.0,-0.0,CustomerId_3700,1
26.0,40.0,1088500.0,40.0,1088500.0,26000.0,26562.5,49028.79681031003,4.0,0.023886081763873326,CustomerId_3701,0
0.0,46.0,231500.0,46.0,231500.0,19525.0,4608.152173913043,5578.1469801255735,3.0,0.0843412526994197,CustomerId_3703,0
24.0,115.0,240800.0,115.0,240800.0,3210.0,2066.0,7717.821600889585,2.0,0.013330564783997797,CustomerId_3706,0
11.0,35.0,151000.0,35.0,151000.0,31000.0,3428.5714285714284,5476.128485826215,2.0,0.2052980132436735,CustomerId_3707,0
86.0,1.0,20000.0,1.0,20000.0,-0.0,20000.0,0.0,1.0,-0.0,CustomerId_3708,1
6.0,81.0,99561.0,81.0,99561.0,6129.0,1153.4814814814815,2157.521373654912,4.0,0.061560249494665986,CustomerId_3711,0
5.0,39.0,324466.0,39.0,324466.0,36205.2,7391.302564102564,9863.598138276635,3.0,0.11158395640803169,CustomerId_3712,0
8.0,7.0,32000.0,7.0,32000.0,6000.0,3714.285714285714,6872.997543873796,3.0,0.18749999999414063,CustomerId_3714,0
3.0,34.0,35900.0,34.0,35900.0,2130.0,993.2352941176471,1092.3861027605835,2.0,0.05933147632146709,CustomerId_3715,0
14.0,24.0,82296.0,24.0,82296.0,15005.0,2803.7916666666665,5767.3763455519265,4.0,0.1823296393484212,CustomerId_3716,0
9.0,4.0,16000.0,4.0,16000.0,1160.0,3710.0,4965.5211206881395,2.0,0.07249999999546874,CustomerId_3717,0
27.0,1.0,500.0,1.0,500.0,-0.0,500.0,0.0,1.0,-0.0,CustomerId_3719,0
12.0,50.0,37800.0,50.0,37800.0,1306.0,729.88,733.4466478934391,2.0,0.03455026454935052,CustomerId_3720,0
24.0,24.0,30000.0,24.0,30000.0,1425.0,1190.625,1726.3547374012753,3.0,0.04749999999841666,CustomerId_3721,0
38.0,5.0,12000.0,5.0,12000.0,1050.0,2190.0,4444.715963928404,2.0,0.08749999999270833,CustomerId_3722,1
15.0,5.0,107000.0,5.0,107000.0,-0.0,21400.0,26159.12842584783,2.0,-0.0,CustomerId_3723,0
62.0,1.0,80000.0,1.0,80000.0,-0.0,80000.0,0.0,1.0,-0.0,CustomerId_3724,1
59.0,1.0,1000.0,1.0,1000.0,-0.0,1000.0,0.0,1.0,-0.0,CustomerId_3725,1
59.0,5.0,25000.0,5.0,25000.0,-0.0,5000.0,0.0,1.0,-0.0,CustomerId_3727,1
1.0,78.0,75800.0,78.0,75800.0,2715.0,936.9871794871794,1038.8625709842188,4.0,0.03581794195203407,CustomerId_3729,0
33.0,1.0,1000.0,1.0,1000.0,-0.0,1000.0,0.0,1.0,-0.0,CustomerId_373,0
1.0,256.0,462200.0,256.0,462200.0,12323.0,1757.33203125,3149.477382589143,4.0,0.02666161834697823,CustomerId_3730,0
11.0,3.0,10000.0,3.0,10000.0,6000.0,1333.3333333333333,7767.453465154029,2.0,0.59999999994,CustomerId_3732,0
63.0,1.0,5000.0,1.0,5000.0,-0.0,5000.0,0.0,1.0,-0.0,CustomerId_3733,1
20.0,2.0,1600.0,2.0,1600.0,-0.0,800.0,282.842712474619,2.0,-0.0,CustomerId_3734,0
80.0,14.0,15100.0,14.0,15100.0,1170.0,995.0,1512.9111011556495,3.0,0.07748344370347791,CustomerId_3735,1
0.0,13.0,76000.0,13.0,76000.0,26000.0,3846.153846153846,8060.667402539258,2.0,0.3421052631533934,CustomerId_3736,0
1.0,67.0,323351.0,67.0,323351.0,50161.0,4077.4626865671644,8756.292695400605,5.0,0.1551286373007811,CustomerId_3737,0
40.0,3.0,4000.0,3.0,4000.0,1000.0,1000.0,1732.0508075688772,2.0,0.2499999999375,CustomerId_3738,1
84.0,1.0,500.0,1.0,500.0,-0.0,500.0,0.0,1.0,-0.0,CustomerId_3739,1
32.0,5.0,26000.0,5.0,26000.0,6000.0,4000.0,6745.368781616021,2.0,0.23076923076035502,CustomerId_374,0
72.0,1.0,500.0,1.0,500.0,-0.0,500.0,0.0,1.0,-0.0,CustomerId_3741,1
43.0,1.0,12000.0,1.0,12000.0,-0.0,12000.0,0.0,1.0,-0.0,CustomerId_3742,1
64.0,2.0,2000.0,2.0,2000.0,-0.0,1000.0,0.0,2.0,-0.0,CustomerId_3743,1
0.0,31.0,51500.0,31.0,51500.0,7001.0,1435.4516129032259,2863.3964661884747,3.0,0.13594174757017588,CustomerId_3745,0
1.0,19.0,39300.0,19.0,39300.0,5255.0,1791.842105263158,3610.188210901013,2.0,0.13371501271924388,CustomerId_3746,0
6.0,2.0,190000.0,2.0,190000.0,-0.0,95000.0,0.0,1.0,-0.0,CustomerId_3749,0
81.0,2.0,0.0,2.0,0.0,14500.0,-7250.0,8131.727983645296,1.0,14500000000.0,CustomerId_3752,1
40.0,2.0,7500.0,2.0,7500.0,-0.0,3750.0,4596.194077712559,2.0,-0.0,CustomerId_3756,1
0.0,47.0,96000.0,47.0,96000.0,3262.0,1973.1489361702127,5605.46202563304,3.0,0.03397916666631272,CustomerId_3758,0
7.0,4.0,1000.0,4.0,1000.0,1025.0,-6.25,707.2172579907818,2.0,1.024999998975,CustomerId_3759,0
0.0,180.0,364000.0,180.0,364000.0,3596.2,2002.2433333333333,3935.282334381623,3.0,0.009879670329643188,CustomerId_3760,0
30.0,1.0,30000.0,1.0,30000.0,-0.0,30000.0,0.0,1.0,-0.0,CustomerId_3762,0
56.0,28.0,28800.0,28.0,28800.0,1575.0,972.3214285714286,1750.2833009538435,3.0,0.05468749999810113,CustomerId_3763,1
39.0,1.0,500.0,1.0,500.0,-0.0,500.0,0.0,1.0,-0.0,CustomerId_3764,1
14.0,23.0,109500.0,23.0,109500.0,2920.5,4633.891304347826,5565.447115005312,3.0,0.026671232876468758,CustomerId_3765,0
32.0,129.0,193600.0,129.0,193600.0,3598.0,1472.8837209302326,2828.8020753820942,3.0,0.018584710743705657,CustomerId_3766,0
4.0,108.0,148600.0,108.0,148600.0,3674.2,1341.9055555555553,2500.352954293376,5.0,0.02472543741571517,CustomerId_3767,0
8.0,18.0,3300000.0,18.0,3300000.0,5000.0,183055.55555555556,185002.5348704626,3.0,0.001515151515151056,CustomerId_3768,0
11.0,21.0,101000.0,21.0,101000.0,21000.0,3809.5238095238096,5784.626587940207,2.0,0.2079207920771493,CustomerId_3771,0
18.0,18.0,90000.0,18.0,90000.0,16000.0,4111.111111111111,6047.740354768284,2.0,0.17777777777580248,CustomerId_3774,0
11.0,5.0,26000.0,5.0,26000.0,6000.0,4000.0,6745.368781616021,2.0,0.23076923076035502,CustomerId_3777,0
1.0,22.0,47500.0,22.0,47500.0,1349.0,2097.7727272727275,3467.305334005181,4.0,0.028399999999402105,CustomerId_3778,0
17.0,9.0,12060.0,9.0,12060.0,1060.0,1222.2222222222222,1578.0191521158558,3.0,0.08789386400597894,CustomerId_3779,0
5.0,7.0,51000.0,7.0,51000.0,11000.0,5714.285714285715,9516.902257112266,2.0,0.2156862745055748,CustomerId_378,0
3.0,1.0,2000.0,1.0,2000.0,-0.0,2000.0,0.0,1.0,-0.0,CustomerId_3780,0
11.0,46.0,286600.0,46.0,286600.0,36660.0,5433.478260869565,9272.614929611294,2.0,0.12791346824798355,CustomerId_3781,0
11.0,9.0,51000.0,9.0,51000.0,11000.0,4444.444444444444,6463.573143221772,2.0,0.2156862745055748,CustomerId_3782,0
4.0,5.0,26000.0,5.0,26000.0,6000.0,4000.0,6745.368781616021,2.0,0.23076923076035502,CustomerId_3785,0
9.0,5.0,13000.0,5.0,13000.0,-0.0,2600.0,2190.8902300206646,2.0,-0.0,CustomerId_3786,0
0.0,24.0,132600.0,24.0,132600.0,1847.0,5448.041666666667,12065.36904957889,3.0,0.013929110105475647,CustomerId_3787,0
1.0,88.0,132560.0,88.0,132560.0,4180.5,1458.8579545454545,2268.311376267842,2.0,0.03153666264309341,CustomerId_3788,0
0.0,19.0,42200.0,19.0,42200.0,7125.0,1846.0526315789473,3170.28590497738,2.0,0.16883886255524078,CustomerId_379,0
7.0,5.0,2000.0,5.0,2000.0,1100.0,180.0,843.0599029724993,2.0,0.549999999725,CustomerId_3790,0
49.0,3.0,105000.0,3.0,105000.0,-0.0,35000.0,25980.76211353316,1.0,-0.0,CustomerId_3793,1
0.0,60.0,168700.0,60.0,168700.0,6424.0,2704.6,9296.65708681516,4.0,0.038079430942275755,CustomerId_3794,0
0.0,100.0,872458.0,100.0,872458.0,37916.0,8345.42,27427.285124794384,3.0,0.04345882552507575,CustomerId_3795,0
44.0,1.0,500.0,1.0,500.0,-0.0,500.0,0.0,1.0,-0.0,CustomerId_3796,1
3.0,17.0,21000.0,17.0,21000.0,1250.0,1161.764705882353,1501.4617265106929,2.0,0.05952380952097506,CustomerId_3797,0
1.0,13.0,122700.0,13.0,122700.0,1200.0,9346.153846153846,18368.83344983269,2.0,0.009779951100164793,CustomerId_3799,0
4.0,66.0,316400.0,66.0,316400.0,55400.0,3954.5454545454545,5610.325146704802,2.0,0.17509481668718363,CustomerId_3802,0
0.0,47.0,127500.0,47.0,127500.0,2256.0,2664.7659574468084,4331.2625492020525,3.0,0.017694117646920048,CustomerId_3803,0
57.0,5.0,3000.0,5.0,3000.0,1020.0,396.0,896.7050797224247,2.0,0.3399999998866667,CustomerId_3805,1
0.0,8.0,21300.0,8.0,21300.0,1500.0,2475.0,2772.5697208804067,2.0,0.07042253520796138,CustomerId_3806,0
33.0,7.0,49000.0,7.0,49000.0,1000.0,6857.142857142857,4140.393356054125,2.0,0.020408163264889628,CustomerId_3807,0
22.0,43.0,129000.0,43.0,129000.0,6639.0,2845.6046511627906,5542.766049801759,3.0,0.051465116278670814,CustomerId_3808,0
5.0,49.0,94530.0,49.0,94530.0,6412.4,1798.3183673469389,2766.4022318161324,4.0,0.0678345498776279,CustomerId_3809,0
14.0,10.0,202500.0,10.0,202500.0,1113.0,20138.7,14377.801354480067,2.0,0.005496296296269154,CustomerId_381,0
26.0,9.0,8000.0,9.0,8000.0,1150.0,761.1111111111111,1214.4385991523454,2.0,0.14374999998203125,CustomerId_3810,0
18.0,13.0,23390.0,13.0,23390.0,17250.0,472.3076923076923,4370.170007841331,2.0,0.737494655804297,CustomerId_3811,0
11.0,5.0,26000.0,5.0,26000.0,6000.0,4000.0,6745.368781616021,2.0,0.23076923076035502,CustomerId_3812,0
38.0,1.0,0.0,1.0,0.0,1000.0,-1000.0,0.0,1.0,1000000000.0,CustomerId_3814,1
2.0,53.0,52716.0,53.0,52716.0,2315.39,950.9549056603773,1356.4906780586762,4.0,0.04392195917664614,CustomerId_3815,0
87.0,2.0,2000.0,2.0,2000.0,-0.0,1000.0,0.0,1.0,-0.0,CustomerId_3816,1
2.0,14.0,16900.0,14.0,16900.0,370.0,1180.7142857142858,1445.5047789385085,2.0,0.021893491122964882,CustomerId_3817,0
0.0,64.0,64700.0,64.0,64700.0,1640.0,985.3125,1930.389358496577,3.0,0.025347758886779787,CustomerId_3818,0
5.0,33.0,200000.0,33.0,200000.0,41000.0,4818.181818181818,6212.158166926296,2.0,0.204999999998975,CustomerId_3819,0
62.0,1.0,1000.0,1.0,1000.0,-0.0,1000.0,0.0,1.0,-0.0,CustomerId_382,1
7.0,68.0,118824.0,68.0,118824.0,27331.0,1345.485294117647,3690.7279597546653,5.0,0.23001245539428053,CustomerId_3820,0
38.0,13.0,44000.0,13.0,44000.0,1600.0,3261.5384615384614,3767.6890489039524,2.0,0.03636363636280992,CustomerId_3824,1
12.0,45.0,66200.0,45.0,66200.0,1292.0,1442.4,2749.1638596621933,4.0,0.019516616313904583,CustomerId_3825,0
8.0,2.0,190000.0,2.0,190000.0,-0.0,95000.0,0.0,1.0,-0.0,CustomerId_3826,0
0.0,51.0,34625.0,51.0,34625.0,3845.0,603.5294117647059,936.6623159483078,3.0,0.11104693140473511,CustomerId_3827,0
5.0,1.0,10000.0,1.0,10000.0,-0.0,10000.0,0.0,1.0,-0.0,CustomerId_3828,0
64.0,6.0,18000.0,6.0,18000.0,1100.0,2816.6666666666665,3206.5038073681853,2.0,0.06111111110771605,CustomerId_3829,1
41.0,1.0,2000.0,1.0,2000.0,-0.0,2000.0,0.0,1.0,-0.0,CustomerId_383,1
45.0,5.0,3000.0,5.0,3000.0,1060.0,388.0,1145.5653626048581,3.0,0.35333333321555555,CustomerId_3830,1
41.0,73.0,221500.0,73.0,221500.0,4565.0,2971.7123287671234,5517.810255284075,3.0,0.02060948081254804,CustomerId_3831,1
32.0,37.0,39300.0,37.0,39300.0,560.0,1047.027027027027,1245.6053077048855,2.0,0.0142493638673219,CustomerId_3834,0
18.0,18.0,13900.0,18.0,13900.0,345.0,753.0555555555555,934.0584105820603,3.0,0.024820143883106462,CustomerId_3835,0
58.0,4.0,2000.0,4.0,2000.0,1050.0,237.5,962.0940702446928,2.0,0.5249999997375,CustomerId_3836,1
46.0,8.0,21700.0,8.0,21700.0,470.0,2653.75,3688.8594346452705,2.0,0.021658986174117097,CustomerId_3838,1
11.0,5.0,25000.0,5.0,25000.0,6000.0,3800.0,6685.805860178712,2.0,0.2399999999904,CustomerId_3839,0
81.0,1.0,10000.0,1.0,10000.0,-0.0,10000.0,0.0,1.0,-0.0,CustomerId_384,1
31.0,5.0,1000.0,5.0,1000.0,1050.0,-10.0,612.5255096728625,2.0,1.04999999895,CustomerId_3840,0
23.0,5.0,3000.0,5.0,3000.0,1020.0,396.0,896.7050797224247,2.0,0.3399999998866667,CustomerId_3841,0
0.0,27.0,660750.0,27.0,660750.0,11889.2,24031.881481481483,42910.19976302063,4.0,0.017993492243635275,CustomerId_3842,0
5.0,5.0,26000.0,5.0,26000.0,6000.0,4000.0,6745.368781616021,2.0,0.23076923076035502,CustomerId_3843,0
4.0,5.0,26000.0,5.0,26000.0,6000.0,4000.0,6745.368781616021,2.0,0.23076923076035502,CustomerId_3844,0
5.0,49.0,63300.0,49.0,63300.0,2429.0,1242.265306122449,2660.3940401714162,4.0,0.03837282780350122,CustomerId_3845,0
8.0,1.0,5000.0,1.0,5000.0,-0.0,5000.0,0.0,1.0,-0.0,CustomerId_3846,0
46.0,6.0,35000.0,6.0,35000.0,6000.0,4833.333333333333,6493.586579592719,2.0,0.17142857142367346,CustomerId_3847,1
22.0,2.0,101000.0,2.0,101000.0,-0.0,50500.0,70003.57133746821,1.0,-0.0,CustomerId_3848,0
32.0,6.0,31000.0,6.0,31000.0,11000.0,3333.3333333333335,7814.516406449389,2.0,0.3548387096659729,CustomerId_3850,0
4.0,5.0,26000.0,5.0,26000.0,6000.0,4000.0,6745.368781616021,2.0,0.23076923076035502,CustomerId_3855,0
10.0,19.0,71500.0,19.0,71500.0,759.0,3723.2105263157896,6109.1189815712505,4.0,0.010615384615236149,CustomerId_3856,0
52.0,1.0,2000.0,1.0,2000.0,-0.0,2000.0,0.0,1.0,-0.0,CustomerId_3858,1
52.0,13.0,11500.0,13.0,11500.0,190.0,870.0,1335.9952594726276,2.0,0.016521739128998108,CustomerId_3859,1
68.0,2.0,2000.0,2.0,2000.0,-0.0,1000.0,0.0,1.0,-0.0,CustomerId_3860,1
0.0,7.0,2000.0,7.0,2000.0,1085.0,130.71428571428572,630.293771264827,2.0,0.54249999972875,CustomerId_3862,0
70.0,1.0,1000.0,1.0,1000.0,-0.0,1000.0,0.0,1.0,-0.0,CustomerId_3863,1
0.0,11.0,71000.0,11.0,71000.0,21000.0,4545.454545454545,9026.224419585815,2.0,0.29577464788315816,CustomerId_3864,0
11.0,8.0,51000.0,8.0,51000.0,11000.0,5000.0,8880.154438811458,2.0,0.2156862745055748,CustomerId_3866,0
0.0,273.0,894300.0,273.0,894300.0,23565.0,3189.5054945054944,10814.400430784846,4.0,0.026350218047605557,CustomerId_3867,0
17.0,22.0,11000.0,22.0,11000.0,1145.0,447.95454545454544,1093.0349394177108,3.0,0.10409090908144628,CustomerId_3868,0
11.0,1.0,10000.0,1.0,10000.0,-0.0,10000.0,0.0,1.0,-0.0,CustomerId_3869,0
5.0,32.0,255600.0,32.0,255600.0,45200.0,6575.0,8372.420161150461,2.0,0.17683881064093568,CustomerId_3870,0
41.0,3.0,25000.0,3.0,25000.0,-0.0,8333.333333333334,2886.751345948129,2.0,-0.0,CustomerId_3871,1
32.0,11.0,111000.0,11.0,111000.0,11000.0,9090.90909090909,10212.29205863743,2.0,0.09909909909820631,CustomerId_3872,0
34.0,11.0,398300.0,11.0,398300.0,6644.0,35605.09090909091,43054.566831997145,4.0,0.016680893798602357,CustomerId_3873,0
0.0,43.0,60208.0,43.0,60208.0,1708.4,1360.4558139534884,2274.756581566929,3.0,0.02837496678135173,CustomerId_3874,0
8.0,14.0,100800.0,14.0,100800.0,2877.0,6994.5,7909.959571519752,3.0,0.028541666666383518,CustomerId_3875,0
28.0,381.0,483000.0,381.0,483000.0,8109.0,1246.4330708661416,3409.446665841721,5.0,0.01678881987574164,CustomerId_3876,0
5.0,2.0,15000.0,2.0,15000.0,-0.0,7500.0,3535.5339059327375,1.0,-0.0,CustomerId_3877,0
29.0,36.0,140500.0,36.0,140500.0,12374.0,3559.0555555555557,5608.044053955989,3.0,0.08807117437659735,CustomerId_3878,0
34.0,2.0,30000.0,2.0,30000.0,-0.0,15000.0,7071.067811865475,1.0,-0.0,CustomerId_3879,0
5.0,25.0,310000.0,25.0,310000.0,15629.0,11774.84,27110.005237427256,3.0,0.05041612903209543,CustomerId_388,0
44.0,25.0,28500.0,25.0,28500.0,14610.0,555.6,3345.807177149733,3.0,0.5126315789293814,CustomerId_3880,1
0.0,268.0,425316.0,268.0,425316.0,18456.0,1518.134328358209,4454.264274723641,5.0,0.04339361792163146,CustomerId_3882,0
45.0,7.0,180600.0,7.0,180600.0,6200.0,24914.285714285714,41398.97054160601,3.0,0.03433001107400703,CustomerId_3883,1
8.0,3.0,1000.0,3.0,1000.0,1050.0,-16.666666666666668,1000.4165798972613,2.0,1.04999999895,CustomerId_3885,0
20.0,1.0,500.0,1.0,500.0,-0.0,500.0,0.0,1.0,-0.0,CustomerId_3888,0
60.0,20.0,117000.0,20.0,117000.0,18000.0,4950.0,6223.681428729766,2.0,0.15384615384483893,CustomerId_389,1
25.0,58.0,86500.0,58.0,86500.0,1023.0,1473.7413793103449,2199.9667346794836,3.0,0.011826589595239,CustomerId_3890,0
46.0,6.0,25000.0,6.0,25000.0,6000.0,3166.6666666666665,6104.643041707408,2.0,0.2399999999904,CustomerId_3891,1
5.0,5.0,26000.0,5.0,26000.0,6000.0,4000.0,6745.368781616021,2.0,0.23076923076035502,CustomerId_3892,0
58.0,3.0,500.0,3.0,500.0,1010.0,-170.0,762.6925986267338,2.0,2.01999999596,CustomerId_3893,1
0.0,21.0,131000.0,21.0,131000.0,1780.0,6153.333333333333,13230.546977858978,2.0,0.013587786259438262,CustomerId_3894,0
0.0,29.0,160000.0,29.0,160000.0,56000.0,3586.206896551724,7203.755178374036,2.0,0.3499999999978125,CustomerId_3897,0
84.0,1.0,1000.0,1.0,1000.0,-0.0,1000.0,0.0,1.0,-0.0,CustomerId_3898,1
6.0,18.0,44100.0,18.0,44100.0,2576.0,2306.8888888888887,2515.3881442711518,4.0,0.058412698411373865,CustomerId_390,0
3.0,40.0,58000.0,40.0,58000.0,3040.0,1374.0,1719.0509456808295,2.0,0.05241379310254459,CustomerId_3900,0
63.0,1.0,2000.0,1.0,2000.0,-0.0,2000.0,0.0,1.0,-0.0,CustomerId_3904,1
78.0,5.0,34000.0,5.0,34000.0,3000.0,6200.0,7224.956747275377,2.0,0.0882352941150519,CustomerId_3905,1
19.0,9.0,48220.0,9.0,48220.0,6220.0,4666.666666666667,5598.401557587666,3.0,0.12899211944983427,CustomerId_3906,0
43.0,1.0,1000.0,1.0,1000.0,-0.0,1000.0,0.0,1.0,-0.0,CustomerId_3907,1
2.0,11.0,56500.0,11.0,56500.0,1644.0,4986.909090909091,5423.125029990466,4.0,0.029097345132228364,CustomerId_3909,0
69.0,21.0,145500.0,21.0,145500.0,2069.0,6830.047619047619,14709.002007193385,3.0,0.01421993127137993,CustomerId_391,1
5.0,64.0,354400.0,64.0,354400.0,70340.0,4438.4375,6042.753818443828,3.0,0.19847629796783725,CustomerId_3910,0
46.0,2.0,5500.0,2.0,5500.0,-0.0,2750.0,3181.9805153394636,2.0,-0.0,CustomerId_3911,1
0.0,425.0,2643914.0,425.0,2643914.0,65248.26,6067.4488,97013.23184145708,3.0,0.02467866201395935,CustomerId_3912,0
0.0,27.0,92800.0,27.0,92800.0,7175.0,3171.296296296296,3642.053412935903,3.0,0.07731681034399443,CustomerId_3913,0
1.0,72.0,140500.0,72.0,140500.0,8205.0,1837.4305555555557,6109.581484079127,3.0,0.05839857651203986,CustomerId_3914,0
47.0,1.0,50000.0,1.0,50000.0,-0.0,50000.0,0.0,1.0,-0.0,CustomerId_3916,1
25.0,145.0,954600.0,145.0,954600.0,12710.0,6495.793103448276,22315.28125115182,3.0,0.013314477267951692,CustomerId_3917,0
3.0,31.0,110400.0,31.0,110400.0,15861.0,3049.6451612903224,5571.885489062548,5.0,0.14366847825956822,CustomerId_3919,0
5.0,7.0,51000.0,7.0,51000.0,11000.0,5714.285714285715,9516.902257112266,2.0,0.2156862745055748,CustomerId_392,0
64.0,4.0,1500.0,4.0,1500.0,45.0,363.75,490.499320420868,2.0,0.029999999979999997,CustomerId_3923,1
30.0,9.0,23000.0,9.0,23000.0,546.0,2494.8888888888887,3263.9753539374515,3.0,0.023739130433750474,CustomerId_3925,0
36.0,1.0,1000.0,1.0,1000.0,-0.0,1000.0,0.0,1.0,-0.0,CustomerId_3930,1
20.0,8.0,12500.0,8.0,12500.0,1125.0,1421.875,2107.3611418413448,2.0,0.08999999999279999,CustomerId_3931,0
18.0,3.0,1500.0,3.0,1500.0,-0.0,500.0,0.0,2.0,-0.0,CustomerId_3933,0
41.0,1.0,1000.0,1.0,1000.0,-0.0,1000.0,0.0,1.0,-0.0,CustomerId_3934,1
1.0,32.0,497000.0,32.0,497000.0,7748.4,15289.1125,34603.0176178764,4.0,0.015590342052282513,CustomerId_3935,0
48.0,1.0,5000.0,1.0,5000.0,-0.0,5000.0,0.0,1.0,-0.0,CustomerId_3940,1
36.0,3.0,210000.0,3.0,210000.0,-0.0,70000.0,112583.30249197703,2.0,-0.0,CustomerId_3941,1
88.0,8.0,50700.0,8.0,50700.0,10700.0,5000.0,8982.363672378064,2.0,0.21104536488735612,CustomerId_3942,1
72.0,1.0,1000.0,1.0,1000.0,-0.0,1000.0,0.0,1.0,-0.0,CustomerId_3943,1
7.0,483.0,867500.0,483.0,867500.0,20063.0,1754.527950310559,5950.263410671401,4.0,0.023127377521587174,CustomerId_3944,0
18.0,1.0,2000.0,1.0,2000.0,-0.0,2000.0,0.0,1.0,-0.0,CustomerId_3946,0
46.0,6.0,30000.0,6.0,30000.0,11000.0,3166.6666666666665,7626.707459098367,2.0,0.3666666666544444,CustomerId_3947,1
75.0,3.0,500.0,3.0,500.0,1025.0,-175.0,761.1668673819164,2.0,2.0499999959,CustomerId_3948,1
88.0,2.0,1000.0,2.0,1000.0,-0.0,500.0,0.0,2.0,-0.0,CustomerId_3949,1
9.0,3.0,2000.0,3.0,2000.0,1040.0,320.0,1532.0574401764445,2.0,0.51999999974,CustomerId_395,0
0.0,81.0,1069500.0,81.0,1069500.0,20663.0,12948.604938271605,25210.530785605748,4.0,0.01932024310423626,CustomerId_3951,0
0.0,46.0,181100.0,46.0,181100.0,11530.0,3686.304347826087,5275.593429998879,3.0,0.0636664826059433,CustomerId_3952,0
55.0,1.0,2000.0,1.0,2000.0,-0.0,2000.0,0.0,1.0,-0.0,CustomerId_3953,1
88.0,5.0,25200.0,5.0,25200.0,5200.0,4000.0,6558.963332722634,2.0,0.2063492063410179,CustomerId_3954,1
33.0,1.0,1000.0,1.0,1000.0,-0.0,1000.0,0.0,1.0,-0.0,CustomerId_3955,0
35.0,1.0,2000000.0,1.0,2000000.0,-0.0,2000000.0,0.0,1.0,-0.0,CustomerId_3956,0
0.0,56.0,356030.0,56.0,356030.0,7326.0,6226.857142857143,12648.849543702416,3.0,0.020576917675418988,CustomerId_3957,0
1.0,16.0,101000.0,16.0,101000.0,31000.0,4375.0,8429.116205154607,2.0,0.306930693066268,CustomerId_396,0
57.0,6.0,30000.0,6.0,30000.0,6000.0,4000.0,6000.0,2.0,0.19999999999333334,CustomerId_3960,1
0.0,1.0,20000.0,1.0,20000.0,-0.0,20000.0,0.0,1.0,-0.0,CustomerId_3961,0
12.0,21.0,55713.0,21.0,55713.0,5435.5,2394.1666666666665,4000.7004990792966,4.0,0.09756250785099416,CustomerId_3964,0
42.0,20.0,35140.0,20.0,35140.0,14295.25,1042.2375,5236.985899573869,2.0,0.40680848035268047,CustomerId_3967,1
40.0,8.0,14500.0,8.0,14500.0,1310.0,1648.75,2452.2027269958153,2.0,0.09034482757997622,CustomerId_3968,1
25.0,5.0,26000.0,5.0,26000.0,6000.0,4000.0,6745.368781616021,2.0,0.23076923076035502,CustomerId_3969,0
40.0,13.0,5000.0,13.0,5000.0,1100.0,300.0,526.9803917920792,2.0,0.21999999995599998,CustomerId_397,1
2.0,57.0,115000.0,57.0,115000.0,1350.0,1993.859649122807,2746.8382827131354,3.0,0.01173913043468053,CustomerId_3970,0
11.0,11.0,66000.0,11.0,66000.0,11200.0,4981.818181818182,6511.80745750643,2.0,0.16969696969439854,CustomerId_3971,0
25.0,5.0,26000.0,5.0,26000.0,6000.0,4000.0,6745.368781616021,2.0,0.23076923076035502,CustomerId_3973,0
40.0,5.0,9000.0,5.0,9000.0,1450.0,1510.0,3700.0675669506363,2.0,0.16111111109320986,CustomerId_3975,1
11.0,6.0,26000.0,6.0,26000.0,6000.0,3333.3333333333335,6088.2400303098,2.0,0.23076923076035502,CustomerId_3977,0
4.0,33.0,200000.0,33.0,200000.0,41000.0,4818.181818181818,6212.158166926296,2.0,0.204999999998975,CustomerId_3982,0
7.0,32.0,245900.0,32.0,245900.0,5712.0,7505.875,8203.981801736629,3.0,0.0232289548596046,CustomerId_3984,0
4.0,5.0,26000.0,5.0,26000.0,6000.0,4000.0,6745.368781616021,2.0,0.23076923076035502,CustomerId_3985,0
5.0,5.0,26000.0,5.0,26000.0,6000.0,4000.0,6745.368781616021,2.0,0.23076923076035502,CustomerId_3987,0
25.0,18.0,33000.0,18.0,33000.0,1075.0,1773.611111111111,4613.785865895801,3.0,0.03257575757477043,CustomerId_3988,0
0.0,115.0,113750.0,115.0,113750.0,3699.5,956.9608695652174,1400.616023848933,3.0,0.03252307692279101,CustomerId_3989,0
19.0,6.0,26000.0,6.0,26000.0,6000.0,3333.3333333333335,6088.2400303098,2.0,0.23076923076035502,CustomerId_399,0
43.0,7.0,8700.0,7.0,8700.0,1047.0,1093.2857142857142,1926.967108721692,2.0,0.12034482757237415,CustomerId_3990,1
11.0,14.0,76000.0,14.0,76000.0,16000.0,4285.714285714285,6244.118111391791,2.0,0.2105263157867036,CustomerId_3993,0
76.0,3.0,3000.0,3.0,3000.0,-0.0,1000.0,0.0,1.0,-0.0,CustomerId_3994,1
65.0,1.0,10000.0,1.0,10000.0,-0.0,10000.0,0.0,1.0,-0.0,CustomerId_3995,1
85.0,4.0,2000.0,4.0,2000.0,100.0,475.0,606.2177826491071,2.0,0.049999999974999994,CustomerId_3998,1
83.0,1.0,0.0,1.0,0.0,10000.0,-10000.0,0.0,1.0,10000000000.0,CustomerId_4,1
86.0,2.0,2000.0,2.0,2000.0,-0.0,1000.0,0.0,1.0,-0.0,CustomerId_400,1
2.0,39.0,195500.0,39.0,195500.0,11050.0,4729.48717948718,10015.3989196421,4.0,0.056521739130145666,CustomerId_4000,0
44.0,9.0,16000.0,9.0,16000.0,1070.0,1658.888888888889,3292.690558055997,3.0,0.0668749999958203,CustomerId_4001,1
10.0,8.0,15300.0,8.0,15300.0,390.0,1863.75,2623.9443455552614,2.0,0.025490196076765347,CustomerId_4002,0
4.0,6.0,26000.0,6.0,26000.0,6000.0,3333.3333333333335,6088.2400303098,2.0,0.23076923076035502,CustomerId_4003,0
83.0,2.0,1000.0,2.0,1000.0,-0.0,500.0,0.0,1.0,-0.0,CustomerId_4005,1
85.0,1.0,50000.0,1.0,50000.0,-0.0,50000.0,0.0,1.0,-0.0,CustomerId_4006,1
4.0,37.0,297300.0,37.0,297300.0,46067.0,6790.081081081081,8518.77346537366,3.0,0.15495122771559047,CustomerId_4007,0
47.0,25.0,86000.0,25.0,86000.0,26000.0,2400.0,5471.517157059822,4.0,0.30232558139183346,CustomerId_4008,1
69.0,1.0,2000.0,1.0,2000.0,-0.0,2000.0,0.0,1.0,-0.0,CustomerId_4009,1
8.0,28.0,25600.0,28.0,25600.0,221.6,906.3714285714286,813.8876138892446,3.0,0.008656249999661865,CustomerId_401,0
2.0,57.0,354896.0,57.0,354896.0,3056.0,6172.631578947368,20570.709936904725,5.0,0.008610973355550328,CustomerId_4011,0
86.0,1.0,1000.0,1.0,1000.0,-0.0,1000.0,0.0,1.0,-0.0,CustomerId_4012,1
68.0,4.0,20000.0,4.0,20000.0,6000.0,3500.0,7681.145747868608,2.0,0.299999999985,CustomerId_4013,1
13.0,148.0,288200.0,148.0,288200.0,3914.0,1920.8513513513512,5091.28306585529,3.0,0.013580846634234625,CustomerId_4014,0
46.0,5.0,25000.0,5.0,25000.0,6000.0,3800.0,6685.805860178712,2.0,0.2399999999904,CustomerId_4015,1
4.0,5.0,25000.0,5.0,25000.0,6000.0,3800.0,6685.805860178712,2.0,0.2399999999904,CustomerId_4016,0
52.0,12.0,40000.0,12.0,40000.0,3440.0,3046.6666666666665,5982.692208413037,3.0,0.08599999999785,CustomerId_4017,1
15.0,22.0,30100.0,22.0,30100.0,1188.0,1314.1818181818182,1556.2674404871248,3.0,0.03946843853689474,CustomerId_4019,0
53.0,13.0,726000.0,13.0,726000.0,-0.0,55846.153846153844,72637.91038872901,4.0,-0.0,CustomerId_402,1
9.0,3.0,28000.0,3.0,28000.0,1392.0,8869.333333333334,16570.43214081435,2.0,0.0497142857125102,CustomerId_4020,0
23.0,3.0,500.0,3.0,500.0,1010.0,-170.0,762.6925986267338,2.0,2.01999999596,CustomerId_4022,0
68.0,1.0,1000.0,1.0,1000.0,-0.0,1000.0,0.0,1.0,-0.0,CustomerId_4023,1
69.0,4.0,0.0,4.0,0.0,5500.0,-1375.0,249.99999999999997,1.0,5500000000.0,CustomerId_4025,1
19.0,1.0,200000.0,1.0,200000.0,-0.0,200000.0,0.0,1.0,-0.0,CustomerId_4026,0
62.0,5.0,3000.0,5.0,3000.0,1050.0,390.0,900.2777349240622,2.0,0.34999999988333336,CustomerId_4027,1
4.0,25.0,69750.0,25.0,69750.0,6350.0,2536.0,3892.0463769076546,3.0,0.09103942652199228,CustomerId_4029,0
0.0,65.0,104100.0,65.0,104100.0,1850.0,1573.076923076923,3779.673193163052,2.0,0.017771373678983945,CustomerId_403,0
72.0,2.0,6000.0,2.0,6000.0,-0.0,3000.0,2828.42712474619,2.0,-0.0,CustomerId_4030,1
15.0,10.0,28500.0,10.0,28500.0,5000.0,2350.0,4927.5303708405045,3.0,0.17543859648507232,CustomerId_4031,0
11.0,778.0,1838219.0,778.0,1838219.0,69863.5,2272.9505141388177,10382.687289481062,5.0,0.0380060808858803,CustomerId_4033,0
78.0,9.0,6000.0,9.0,6000.0,1060.0,548.8888888888889,921.2687507514358,3.0,0.17666666663722222,CustomerId_4034,1
5.0,9.0,51000.0,9.0,51000.0,11000.0,4444.444444444444,6463.573143221772,2.0,0.2156862745055748,CustomerId_4035,0
4.0,18.0,111000.0,18.0,111000.0,21000.0,5000.0,6650.9618941659155,2.0,0.18918918918748479,CustomerId_4036,0
4.0,25.0,57440.0,25.0,57440.0,11138.0,1852.08,3092.67761440902,4.0,0.193906685233393,CustomerId_4038,0
4.0,37.0,255000.0,37.0,255000.0,36000.0,5918.918918918919,5903.757646986735,2.0,0.14117647058768165,CustomerId_4039,0
4.0,5.0,26000.0,5.0,26000.0,6000.0,4000.0,6745.368781616021,2.0,0.23076923076035502,CustomerId_404,0
53.0,7.0,40000.0,7.0,40000.0,11000.0,4142.857142857143,7425.823667638301,2.0,0.274999999993125,CustomerId_4040,1
89.0,8.0,7000.0,8.0,7000.0,1060.0,742.5,1286.7872507028615,2.0,0.15142857140693877,CustomerId_4041,1
60.0,3.0,80000.0,3.0,80000.0,6000.0,24666.666666666668,47961.7903474561,2.0,0.07499999999906251,CustomerId_4042,1
0.0,95.0,155907.0,95.0,155907.0,23871.0,1389.8526315789475,4090.5665761874266,3.0,0.1531105081865913,CustomerId_4043,0
4.0,17.0,101000.0,17.0,101000.0,21000.0,4705.882352941177,6302.427170169769,2.0,0.2079207920771493,CustomerId_4044,0
60.0,1.0,1000.0,1.0,1000.0,-0.0,1000.0,0.0,1.0,-0.0,CustomerId_4045,1
18.0,5.0,3000.0,5.0,3000.0,1020.0,396.0,896.7050797224247,2.0,0.3399999998866667,CustomerId_4046,0
4.0,9.0,51000.0,9.0,51000.0,11000.0,4444.444444444444,6463.573143221772,2.0,0.2156862745055748,CustomerId_4048,0
63.0,15.0,16325.0,15.0,16325.0,1400.0,995.0,1587.2595430939634,2.0,0.0857580398109796,CustomerId_4049,1
24.0,1.0,1000.0,1.0,1000.0,-0.0,1000.0,0.0,1.0,-0.0,CustomerId_405,0
54.0,1.0,5000.0,1.0,5000.0,-0.0,5000.0,0.0,1.0,-0.0,CustomerId_4050,1
0.0,21.0,37200.0,21.0,37200.0,1290.0,1710.0,2655.7691917785323,2.0,0.03467741935390652,CustomerId_4051,0
53.0,6.0,30000.0,6.0,30000.0,11000.0,3166.6666666666665,7626.707459098367,2.0,0.3666666666544444,CustomerId_4053,1
1.0,47.0,235700.0,47.0,235700.0,24950.0,4484.04255319149,11600.450264794723,2.0,0.10585490029653859,CustomerId_4055,0
11.0,9.0,51000.0,9.0,51000.0,11000.0,4444.444444444444,6463.573143221772,2.0,0.2156862745055748,CustomerId_4056,0
22.0,4.0,2000.0,4.0,2000.0,1020.0,245.0,959.218431849597,2.0,0.509999999745,CustomerId_4058,0
22.0,10.0,12800.0,10.0,12800.0,205.0,1259.5,814.972562592004,2.0,0.016015624998748777,CustomerId_4059,0
11.0,14.0,86000.0,14.0,86000.0,16000.0,5000.0,6275.716324421889,2.0,0.18604651162574365,CustomerId_4061,0
60.0,3.0,5000.0,3.0,5000.0,3000.0,666.6666666666666,3785.9388972001825,2.0,0.59999999988,CustomerId_4064,1
33.0,10.0,61000.0,10.0,61000.0,11000.0,5000.0,6429.100507328637,2.0,0.18032786884950283,CustomerId_4065,0
36.0,2.0,2000.0,2.0,2000.0,-0.0,1000.0,0.0,2.0,-0.0,CustomerId_4066,1
11.0,10.0,61000.0,10.0,61000.0,11000.0,5000.0,6342.099196813483,2.0,0.18032786884950283,CustomerId_4067,0
86.0,1.0,1000.0,1.0,1000.0,-0.0,1000.0,0.0,1.0,-0.0,CustomerId_4068,1
42.0,22.0,48408.0,22.0,48408.0,22134.0,1194.2727272727273,5597.746963282198,3.0,0.45723847297022724,CustomerId_4069,1
11.0,1.0,10000.0,1.0,10000.0,-0.0,10000.0,0.0,1.0,-0.0,CustomerId_407,0
44.0,6.0,8000.0,6.0,8000.0,1110.0,1148.3333333333333,1954.1792821199049,2.0,0.13874999998265625,CustomerId_4070,1
8.0,3.0,1000.0,3.0,1000.0,1050.0,-16.666666666666668,1000.4165798972613,2.0,1.04999999895,CustomerId_4071,0
30.0,1.0,500.0,1.0,500.0,-0.0,500.0,0.0,1.0,-0.0,CustomerId_4072,0
1.0,20.0,17000.0,20.0,17000.0,1520.0,774.0,1299.268620173835,2.0,0.08941176470062284,CustomerId_4073,0
83.0,1.0,500.0,1.0,500.0,-0.0,500.0,0.0,1.0,-0.0,CustomerId_4074,1
43.0,3.0,576000.0,3.0,576000.0,-0.0,192000.0,267005.61791842506,3.0,-0.0,CustomerId_4075,1
4.0,6.0,26000.0,6.0,26000.0,6000.0,3333.3333333333335,6088.2400303098,2.0,0.23076923076035502,CustomerId_4077,0
75.0,1.0,1000.0,1.0,1000.0,-0.0,1000.0,0.0,1.0,-0.0,CustomerId_4079,1
29.0,3.0,0.0,3.0,0.0,14000.0,-4666.666666666667,5507.570547286102,2.0,14000000000.0,CustomerId_408,0
36.0,17.0,88600.0,17.0,88600.0,2437.0,5068.411764705882,7231.318094396964,4.0,0.027505643340547344,CustomerId_4085,0
32.0,16.0,101000.0,16.0,101000.0,21000.0,5000.0,6985.699678629192,2.0,0.2079207920771493,CustomerId_4086,0
61.0,3.0,80000.0,3.0,80000.0,6000.0,24666.666666666668,47961.7903474561,2.0,0.07499999999906251,CustomerId_4087,1
3.0,99.0,125435.0,99.0,125435.0,16936.0,1095.949494949495,2400.8627971820047,3.0,0.13501813688256853,CustomerId_4089,0
11.0,17.0,101000.0,17.0,101000.0,21000.0,4705.882352941177,6302.427170169769,2.0,0.2079207920771493,CustomerId_4090,0
11.0,5.0,26000.0,5.0,26000.0,6000.0,4000.0,6745.368781616021,2.0,0.23076923076035502,CustomerId_4092,0
36.0,14.0,63500.0,14.0,63500.0,1440.0,4432.857142857143,8773.752314165797,2.0,0.02267716535397359,CustomerId_4095,1
40.0,67.0,98500.0,67.0,98500.0,1971.0,1440.7313432835822,2494.0100518745303,3.0,0.020010152284060813,CustomerId_4097,1
76.0,2.0,500.0,2.0,500.0,25.0,237.5,371.23106012293744,2.0,0.0499999999,CustomerId_4098,1
15.0,1.0,5000.0,1.0,5000.0,-0.0,5000.0,0.0,1.0,-0.0,CustomerId_4101,0
82.0,5.0,18000.0,5.0,18000.0,5720.0,2456.0,7986.496603642927,3.0,0.31777777776012345,CustomerId_4102,1
89.0,2.0,2000.0,2.0,2000.0,-0.0,1000.0,0.0,1.0,-0.0,CustomerId_4103,1
14.0,1.0,10000.0,1.0,10000.0,-0.0,10000.0,0.0,1.0,-0.0,CustomerId_4104,0
32.0,5.0,26000.0,5.0,26000.0,6000.0,4000.0,6745.368781616021,2.0,0.23076923076035502,CustomerId_4106,0
39.0,2.0,2400.0,2.0,2400.0,-0.0,1200.0,282.842712474619,1.0,-0.0,CustomerId_4107,1
85.0,2.0,4000.0,2.0,4000.0,-0.0,2000.0,0.0,1.0,-0.0,CustomerId_4108,1
1.0,41.0,61050.0,41.0,61050.0,2034.5,1439.4024390243903,2411.975101497506,2.0,0.03332514332459746,CustomerId_4109,0
51.0,6.0,81500.0,6.0,81500.0,-0.0,13583.333333333334,1772.4747294860558,1.0,-0.0,CustomerId_411,1
64.0,5.0,2021000.0,5.0,2021000.0,-0.0,404200.0,543900.9100930059,1.0,-0.0,CustomerId_4112,1
15.0,39.0,156774.0,39.0,156774.0,33816.0,3152.769230769231,6959.2988548134135,5.0,0.2156990317258238,CustomerId_4113,0
39.0,52.0,58500.0,52.0,58500.0,1840.0,1089.6153846153845,1875.7191682632144,2.0,0.031452991452453796,CustomerId_4115,1
34.0,1.0,5000.0,1.0,5000.0,-0.0,5000.0,0.0,1.0,-0.0,CustomerId_4117,0
46.0,5.0,25000.0,5.0,25000.0,6000.0,3800.0,6685.805860178712,2.0,0.2399999999904,CustomerId_4118,1
44.0,10.0,8500.0,10.0,8500.0,1100.0,740.0,1625.4025142509572,3.0,0.12941176469065743,CustomerId_4119,1
31.0,9.0,14700.0,9.0,14700.0,230.0,1607.7777777777778,1704.8150763189667,2.0,0.015646258502336988,CustomerId_412,0
0.0,22.0,96200.0,22.0,96200.0,26200.0,3181.818181818182,6099.776448958824,2.0,0.2723492723464413,CustomerId_4120,0
81.0,7.0,11900.0,7.0,11900.0,345.0,1650.7142857142858,1990.834055890957,2.0,0.028991596636219193,CustomerId_4123,1
31.0,36.0,151000.0,36.0,151000.0,13890.0,3808.6111111111113,11323.66955989035,3.0,0.09198675496627823,CustomerId_4124,0
24.0,60.0,409500.0,60.0,409500.0,8045.0,6690.916666666667,28949.71451941538,4.0,0.01964590964586167,CustomerId_4125,0
67.0,6.0,26000.0,6.0,26000.0,5200.0,3466.6666666666665,5982.195806446549,2.0,0.1999999999923077,CustomerId_4127,1
48.0,1.0,800000.0,1.0,800000.0,-0.0,800000.0,0.0,1.0,-0.0,CustomerId_4128,1
15.0,5.0,3000.0,5.0,3000.0,1100.0,380.0,1094.074951728628,2.0,0.36666666654444446,CustomerId_4130,0
8.0,18.0,134495.0,18.0,134495.0,7086.5,7078.25,11618.757317182772,3.0,0.05268969106619064,CustomerId_4131,0
0.0,80.0,182400.0,80.0,182400.0,2258.0,2251.775,4405.473037360618,4.0,0.01237938596484441,CustomerId_4132,0
87.0,2.0,20000.0,2.0,20000.0,-0.0,10000.0,0.0,1.0,-0.0,CustomerId_4133,1
88.0,1.0,700000.0,1.0,700000.0,-0.0,700000.0,0.0,1.0,-0.0,CustomerId_4134,1
53.0,59.0,72400.0,59.0,72400.0,2934.0,1177.3898305084747,1646.455252090435,4.0,0.04052486187789331,CustomerId_4135,1
0.0,9.0,9700.0,9.0,9700.0,1210.0,943.3333333333334,1254.1506089780446,2.0,0.12474226802837708,CustomerId_4136,0
32.0,8.0,32000.0,8.0,32000.0,12000.0,2500.0,6803.36051416609,2.0,0.37499999998828126,CustomerId_4137,0
54.0,1.0,2000.0,1.0,2000.0,-0.0,2000.0,0.0,1.0,-0.0,CustomerId_4138,1
17.0,3.0,6000.0,3.0,6000.0,20.0,1993.3333333333333,2653.324958110735,3.0,0.0033333333327777775,CustomerId_4139,0
61.0,19.0,29500.0,19.0,29500.0,2783.0,1406.157894736842,2671.2538933192213,4.0,0.09433898304764952,CustomerId_414,1
13.0,6.0,32000.0,6.0,32000.0,6496.0,4250.666666666667,8852.536510326669,3.0,0.20299999999365625,CustomerId_4141,0
22.0,2.0,600.0,2.0,600.0,-0.0,300.0,282.842712474619,1.0,-0.0,CustomerId_4142,0
71.0,2.0,1500.0,2.0,1500.0,-0.0,750.0,353.5533905932738,1.0,-0.0,CustomerId_4143,1
6.0,2.0,75000.0,2.0,75000.0,-0.0,37500.0,17677.66952966369,1.0,-0.0,CustomerId_4144,0
0.0,22.0,126000.0,22.0,126000.0,46000.0,3636.3636363636365,8109.638325241993,2.0,0.36507936507646765,CustomerId_4145,0
1.0,67.0,666950.0,67.0,666950.0,4860.0,9881.940298507463,26637.929737944247,4.0,0.00728690306618594,CustomerId_4146,0
39.0,2.0,11000.0,2.0,11000.0,-0.0,5500.0,707.1067811865476,1.0,-0.0,CustomerId_4148,1
61.0,11.0,39000.0,11.0,39000.0,3030.0,3270.0,3533.8222932117,3.0,0.07769230769031558,CustomerId_4149,1
6.0,42.0,495814.0,42.0,495814.0,22064.0,11279.761904761905,17366.35428948119,4.0,0.044500558677156146,CustomerId_415,0
5.0,6.0,32000.0,6.0,32000.0,6000.0,4333.333333333333,6088.2400303098,2.0,0.18749999999414063,CustomerId_4150,0
29.0,22.0,46000.0,22.0,46000.0,16000.0,1363.6363636363637,4152.399817265221,2.0,0.3478260869489603,CustomerId_4151,0
5.0,234.0,281460.0,234.0,281460.0,128393.7,654.1294871794871,2944.7281654180924,2.0,0.4561703261548491,CustomerId_4152,0
7.0,11.0,60350.0,11.0,60350.0,11350.0,4454.545454545455,7559.247798076689,3.0,0.1880695940316807,CustomerId_4153,0
18.0,4.0,1000.0,4.0,1000.0,1010.0,-2.5,707.1244586351119,2.0,1.00999999899,CustomerId_4154,0
46.0,13.0,11600.0,13.0,11600.0,185.0,878.0769230769231,840.0583770923762,2.0,0.015948275860694115,CustomerId_4155,1
2.0,43.0,179000.0,43.0,179000.0,7370.0,3991.3953488372094,10607.33990741347,2.0,0.04117318435731188,CustomerId_4156,0
19.0,19.0,78750.0,19.0,78750.0,7172.0,3767.2631578947367,4848.102272964424,4.0,0.0910730158718594,CustomerId_4157,0
45.0,4.0,1000.0,4.0,1000.0,1010.0,-2.5,707.1244586351119,2.0,1.00999999899,CustomerId_4158,1
11.0,10.0,51000.0,10.0,51000.0,11000.0,4000.0,6164.414002968976,2.0,0.2156862745055748,CustomerId_4159,0
4.0,1.0,1000.0,1.0,1000.0,-0.0,1000.0,0.0,1.0,-0.0,CustomerId_416,0
26.0,8.0,111500.0,8.0,111500.0,1300.0,13775.0,34916.86043814854,4.0,0.011659192825007542,CustomerId_4160,0
7.0,11.0,5010.0,11.0,5010.0,1050.0,360.0,598.7820972607648,2.0,0.20958083828152077,CustomerId_4161,0
52.0,6.0,60000.0,6.0,60000.0,3000.0,9500.0,9628.083921528727,2.0,0.04999999999916667,CustomerId_4163,1
24.0,8.0,59000.0,8.0,59000.0,1492.0,7188.5,9507.646591785251,4.0,0.025288135592791725,CustomerId_4164,0
34.0,11.0,21600.0,11.0,21600.0,250.0,1940.909090909091,2931.5403955785923,2.0,0.011574074073538236,CustomerId_4165,0
56.0,16.0,531700.0,16.0,531700.0,16000.0,32231.25,23666.98033829693,3.0,0.03009215723146494,CustomerId_4167,1
25.0,15.0,56600.0,15.0,56600.0,2150.0,3630.0,3957.082258432342,2.0,0.037985865723710495,CustomerId_4168,0
9.0,5.0,8000.0,5.0,8000.0,10.0,1598.0,2045.2432618150829,2.0,0.00124999999984375,CustomerId_4169,0
62.0,3.0,2000.0,3.0,2000.0,-0.0,666.6666666666666,288.6751345948129,2.0,-0.0,CustomerId_4170,1
88.0,3.0,20000.0,3.0,20000.0,5000.0,5000.0,8660.254037844386,2.0,0.2499999999875,CustomerId_4171,1
2.0,35.0,54300.0,35.0,54300.0,1221.0,1516.5428571428572,5007.305435666016,3.0,0.022486187844889757,CustomerId_4173,0
25.0,35.0,55500.0,35.0,55500.0,1370.0,1546.5714285714287,3201.8181350207733,3.0,0.024684684684239917,CustomerId_4174,0
0.0,1.0,500.0,1.0,500.0,-0.0,500.0,0.0,1.0,-0.0,CustomerId_4175,0
46.0,5.0,26200.0,5.0,26200.0,6000.0,4040.0,6789.918998044086,2.0,0.2290076335790455,CustomerId_4176,1
30.0,1.0,500.0,1.0,500.0,-0.0,500.0,0.0,1.0,-0.0,CustomerId_4177,0
10.0,9.0,25000.0,9.0,25000.0,1250.0,2638.8888888888887,4291.690938442692,2.0,0.049999999998,CustomerId_4179,0
72.0,1.0,1000.0,1.0,1000.0,-0.0,1000.0,0.0,1.0,-0.0,CustomerId_4180,1
4.0,48.0,80515.0,48.0,80515.0,23075.0,1196.6666666666667,2800.7533814218805,3.0,0.286592560388914,CustomerId_4181,0
9.0,16.0,21000.0,16.0,21000.0,1242.0,1234.875,1529.94273857989,3.0,0.05914285714004081,CustomerId_4182,0
33.0,60.0,234750.0,60.0,234750.0,19155.75,3593.2375,11968.481799440042,6.0,0.08160063897728817,CustomerId_4183,0
56.0,45.0,44200.0,45.0,44200.0,1630.0,946.0,1353.8638309399037,2.0,0.036877828053464304,CustomerId_4184,1
29.0,7.0,5000.0,7.0,5000.0,1070.0,561.4285714285714,982.8941715062473,2.0,0.21399999995719998,CustomerId_4185,0
11.0,5.0,16000.0,5.0,16000.0,6000.0,2000.0,5744.562646538028,2.0,0.37499999997656247,CustomerId_4186,0
13.0,47.0,63800.0,47.0,63800.0,2025.0,1314.3617021276596,4387.031235582857,2.0,0.031739811911728213,CustomerId_4187,0
2.0,67.0,638300.0,67.0,638300.0,59630.0,8636.865671641792,12727.71956638228,4.0,0.09342002193311387,CustomerId_4188,0
5.0,24.0,130000.0,24.0,130000.0,3961.0,5251.625,8499.47909305393,3.0,0.03046923076899639,CustomerId_4189,0
55.0,4.0,25000.0,4.0,25000.0,1250.0,5937.5,7848.500387547505,2.0,0.049999999998,CustomerId_4190,1
11.0,18.0,62100.0,18.0,62100.0,6405.0,3094.1666666666665,3741.7981875657842,2.0,0.10314009661669661,CustomerId_4191,0
0.0,9.0,6000.0,9.0,6000.0,14050.0,-894.4444444444445,2756.8601302528527,2.0,2.3416666662763888,CustomerId_4192,0
0.0,98.0,1917000.0,98.0,1917000.0,51243.0,19038.336734693876,32756.3420357929,3.0,0.026730829420956323,CustomerId_4193,0
63.0,1.0,500.0,1.0,500.0,-0.0,500.0,0.0,1.0,-0.0,CustomerId_4194,1
83.0,4.0,17000.0,4.0,17000.0,1100.0,3975.0,7456.708389095017,2.0,0.06470588234913495,CustomerId_4196,1
14.0,7.0,45500.0,7.0,45500.0,6000.0,5642.857142857143,10110.696834352739,2.0,0.13186813186523366,CustomerId_4197,0
0.0,46.0,92500.0,46.0,92500.0,3194.0,1941.4347826086957,4025.251438121179,3.0,0.03452972972935644,CustomerId_4198,0
52.0,55.0,68700.0,55.0,68700.0,2760.0,1198.909090909091,1542.657546702218,2.0,0.04017467248849819,CustomerId_4199,1
1.0,22.0,20173.0,22.0,20173.0,1250.0,860.1363636363636,1210.1009617640743,2.0,0.061964011299164026,CustomerId_420,0
53.0,2.0,1000.0,2.0,1000.0,-0.0,500.0,0.0,1.0,-0.0,CustomerId_4200,1
8.0,16.0,24175.0,16.0,24175.0,250.0,1495.3125,2574.80126660292,2.0,0.01034126163349157,CustomerId_4201,0
5.0,21.0,167800.0,21.0,167800.0,3155.3,7840.22380952381,13033.876492889778,3.0,0.018803933253761597,CustomerId_4202,0
1.0,16.0,91000.0,16.0,91000.0,31000.0,3750.0,7827.302643099132,2.0,0.34065934065559716,CustomerId_4203,0
3.0,95.0,367841.0,95.0,367841.0,25864.5,3599.7526315789473,8357.693753481739,5.0,0.07031434777507044,CustomerId_4204,0
18.0,13.0,65500.0,13.0,65500.0,-0.0,5038.461538461538,1941.450686788302,2.0,-0.0,CustomerId_4205,0
0.0,18.0,86000.0,18.0,86000.0,26000.0,3333.3333333333335,6444.331754705517,2.0,0.30232558139183346,CustomerId_4206,0
55.0,1.0,10000.0,1.0,10000.0,-0.0,10000.0,0.0,1.0,-0.0,CustomerId_4207,1
47.0,3.0,500.0,3.0,500.0,1010.0,-170.0,762.6925986267338,2.0,2.01999999596,CustomerId_4209,1
38.0,16.0,51000.0,16.0,51000.0,2200.0,3050.0,3646.5508817694194,2.0,0.04313725490111495,CustomerId_4211,1
43.0,4.0,4000.0,4.0,4000.0,1040.0,740.0,1506.784656146989,2.0,0.259999999935,CustomerId_4212,1
4.0,66.0,359090.0,66.0,359090.0,55488.2,4600.027272727272,5703.304466158745,3.0,0.1545244924666392,CustomerId_4213,0
45.0,6.0,40000.0,6.0,40000.0,6000.0,5666.666666666667,7527.72652709081,2.0,0.14999999999625,CustomerId_4214,1
55.0,13.0,27500.0,13.0,27500.0,6060.0,1649.2307692307693,3914.642302813165,3.0,0.22036363635562314,CustomerId_4215,1
0.0,55.0,69000.0,55.0,69000.0,2270.0,1213.2727272727273,1376.2025778763586,2.0,0.0328985507241609,CustomerId_4216,0
2.0,19.0,15600.0,19.0,15600.0,680.0,785.2631578947369,1005.7756455208124,2.0,0.04358974358694937,CustomerId_4218,0
6.0,6.0,26000.0,6.0,26000.0,6000.0,3333.3333333333335,6088.2400303098,2.0,0.23076923076035502,CustomerId_4219,0
37.0,2.0,180000.0,2.0,180000.0,-0.0,90000.0,14142.13562373095,1.0,-0.0,CustomerId_422,1
75.0,1.0,500.0,1.0,500.0,-0.0,500.0,0.0,1.0,-0.0,CustomerId_4220,1
25.0,1.0,80000.0,1.0,80000.0,-0.0,80000.0,0.0,1.0,-0.0,CustomerId_4221,0
1.0,13.0,10300.0,13.0,10300.0,1315.0,691.1538461538462,954.8257996578789,2.0,0.12766990290022623,CustomerId_4224,0
56.0,1.0,500.0,1.0,500.0,-0.0,500.0,0.0,1.0,-0.0,CustomerId_4225,1
57.0,10.0,805000.0,10.0,805000.0,6000.0,79900.0,75571.0850053702,3.0,0.007453416149059064,CustomerId_4226,1
49.0,4.0,2000.0,4.0,2000.0,1050.0,237.5,962.0940702446928,2.0,0.5249999997375,CustomerId_4227,1
1.0,4.0,2000.0,4.0,2000.0,5500.0,-875.0,2015.5644370746375,2.0,2.749999998625,CustomerId_4228,0
1.0,50.0,40700.0,50.0,40700.0,1270.0,788.6,945.055359570571,2.0,0.03120393120316452,CustomerId_4229,0
50.0,2.0,5500.0,2.0,5500.0,-0.0,2750.0,353.5533905932738,1.0,-0.0,CustomerId_423,1
74.0,4.0,17000.0,4.0,17000.0,-0.0,4250.0,1500.0,3.0,-0.0,CustomerId_4230,1
35.0,3.0,40000.0,3.0,40000.0,1000.0,13000.0,12124.355652982142,2.0,0.024999999999375,CustomerId_4233,0
2.0,12.0,47000.0,12.0,47000.0,2100.0,3741.6666666666665,4636.261882424702,2.0,0.04468085106287913,CustomerId_4234,0
64.0,21.0,33000.0,21.0,33000.0,10120.0,1089.5238095238096,2793.5344569030754,4.0,0.30666666665737374,CustomerId_4235,1
30.0,40.0,71800.0,40.0,71800.0,2169.0,1740.775,2584.514133652838,3.0,0.030208913648604334,CustomerId_4237,0
2.0,141.0,959000.0,141.0,959000.0,52743.0,6427.354609929078,12808.541690235328,4.0,0.05499791449420751,CustomerId_4238,0
9.0,9.0,215000.0,9.0,215000.0,-0.0,23888.88888888889,31600.808709764235,1.0,-0.0,CustomerId_4239,0
65.0,1.0,10000.0,1.0,10000.0,-0.0,10000.0,0.0,1.0,-0.0,CustomerId_424,1
0.0,10.0,2611500.0,10.0,2611500.0,-0.0,261150.0,391309.6280440848,2.0,-0.0,CustomerId_4240,0
38.0,5.0,20000.0,5.0,20000.0,1100.0,3780.0,4460.044842823892,2.0,0.05499999999725,CustomerId_4241,1
51.0,2.0,10000.0,2.0,10000.0,-0.0,5000.0,0.0,1.0,-0.0,CustomerId_4242,1
28.0,2.0,6000.0,2.0,6000.0,-0.0,3000.0,2828.42712474619,1.0,-0.0,CustomerId_4243,0
22.0,10.0,10000.0,10.0,10000.0,1120.0,888.0,1457.492519515776,2.0,0.1119999999888,CustomerId_4244,0
5.0,19.0,97150.0,19.0,97150.0,15150.0,4315.789473684211,5910.584964272407,2.0,0.15594441585017044,CustomerId_4245,0
53.0,8.0,7000.0,8.0,7000.0,1100.0,737.5,1174.2687694293597,2.0,0.15714285712040815,CustomerId_4246,1
11.0,20.0,18000.0,20.0,18000.0,750.0,862.5,951.1592649858492,2.0,0.04166666666435185,CustomerId_4247,0
85.0,4.0,48000.0,4.0,48000.0,1036.0,11741.0,14527.721500634572,3.0,0.021583333332883682,CustomerId_4250,1
0.0,185.0,772031.0,185.0,772031.0,183831.25,3179.4581081081083,7776.817634764906,5.0,0.2381138192634258,CustomerId_4252,0
0.0,72.0,429680.0,72.0,429680.0,101680.0,4555.555555555556,7148.653549748714,3.0,0.23664122137349505,CustomerId_4253,0
4.0,23.0,175210.0,23.0,175210.0,35200.0,6087.391304347826,8660.213212466278,2.0,0.2009017750116951,CustomerId_4254,0
34.0,15.0,8600.0,15.0,8600.0,1250.0,490.0,642.0391621344338,2.0,0.1453488371924013,CustomerId_4255,0
4.0,21.0,13800.0,21.0,13800.0,1375.0,591.6666666666666,929.1788489485399,3.0,0.09963768115220016,CustomerId_4256,0
83.0,2.0,5000.0,2.0,5000.0,100.0,2450.0,3606.2445840513924,2.0,0.019999999996,CustomerId_4257,1
46.0,5.0,25000.0,5.0,25000.0,6000.0,3800.0,6685.805860178712,2.0,0.2399999999904,CustomerId_4258,1
7.0,1.0,1000.0,1.0,1000.0,-0.0,1000.0,0.0,1.0,-0.0,CustomerId_4260,0
4.0,5.0,26000.0,5.0,26000.0,6000.0,4000.0,6745.368781616021,2.0,0.23076923076035502,CustomerId_4261,0
19.0,8.0,5865.0,8.0,5865.0,20.0,730.625,334.9033709253206,2.0,0.0034100596754629052,CustomerId_4262,0
16.0,1.0,500.0,1.0,500.0,-0.0,500.0,0.0,1.0,-0.0,CustomerId_4265,0
16.0,3.0,480000.0,3.0,480000.0,-0.0,160000.0,103923.04845413264,2.0,-0.0,CustomerId_4266,0
86.0,3.0,3000.0,3.0,3000.0,-0.0,1000.0,0.0,1.0,-0.0,CustomerId_4267,1
39.0,1.0,1000.0,1.0,1000.0,-0.0,1000.0,0.0,1.0,-0.0,CustomerId_427,1
40.0,1.0,9000.0,1.0,9000.0,-0.0,9000.0,0.0,1.0,-0.0,CustomerId_4270,1
63.0,1.0,1000.0,1.0,1000.0,-0.0,1000.0,0.0,1.0,-0.0,CustomerId_4272,1
0.0,61.0,540972.0,61.0,540972.0,333521.0,3400.8360655737706,23422.769655601027,5.0,0.6165217423441204,CustomerId_4273,0
2.0,28.0,97190.0,28.0,97190.0,1390.0,3421.4285714285716,4349.080545046457,2.0,0.014301882909617225,CustomerId_4274,0
85.0,7.0,2595000.0,7.0,2595000.0,-0.0,370714.28571428574,325197.74204101023,1.0,-0.0,CustomerId_4275,1
87.0,2.0,1500.0,2.0,1500.0,-0.0,750.0,353.5533905932738,2.0,-0.0,CustomerId_4276,1
11.0,7.0,26000.0,7.0,26000.0,6000.0,2857.1428571428573,5490.251100164467,2.0,0.23076923076035502,CustomerId_4277,0
22.0,18.0,25100.0,18.0,25100.0,650.0,1358.3333333333333,1822.8936273053862,2.0,0.025896414341597753,CustomerId_4279,0
6.0,18.0,304000.0,18.0,304000.0,10800.0,16288.888888888889,24596.027629749457,2.0,0.03552631578935682,CustomerId_428,0
0.0,7.0,5100.0,7.0,5100.0,1100.0,571.4285714285714,1105.236453908221,2.0,0.21568627446751248,CustomerId_4280,0
17.0,8.0,50000.0,8.0,50000.0,11000.0,4875.0,8542.958671159708,2.0,0.2199999999956,CustomerId_4281,0
4.0,2.0,1500.0,2.0,1500.0,-0.0,750.0,353.5533905932738,2.0,-0.0,CustomerId_4282,0
19.0,7.0,42000.0,7.0,42000.0,6000.0,5142.857142857143,5956.189257922424,2.0,0.1428571428537415,CustomerId_4283,0
85.0,1.0,10000.0,1.0,10000.0,-0.0,10000.0,0.0,1.0,-0.0,CustomerId_4287,1
84.0,2.0,2000.0,2.0,2000.0,100.0,950.0,1484.9242404917497,2.0,0.049999999974999994,CustomerId_4288,1
0.0,20.0,111000.0,20.0,111000.0,41000.0,3500.0,8101.3319242806265,2.0,0.36936936936604176,CustomerId_4289,0
29.0,1.0,1000.0,1.0,1000.0,-0.0,1000.0,0.0,1.0,-0.0,CustomerId_429,0
28.0,1.0,1000.0,1.0,1000.0,-0.0,1000.0,0.0,1.0,-0.0,CustomerId_4290,0
32.0,6.0,26000.0,6.0,26000.0,6000.0,3333.3333333333335,6088.2400303098,2.0,0.23076923076035502,CustomerId_4291,0
19.0,53.0,115758.0,53.0,115758.0,21250.0,1783.1698113207547,3440.557735063007,2.0,0.18357262564847723,CustomerId_4294,0
23.0,1.0,1000.0,1.0,1000.0,-0.0,1000.0,0.0,1.0,-0.0,CustomerId_4297,0
14.0,6.0,2500.0,6.0,2500.0,1070.0,238.33333333333334,763.1622806891512,3.0,0.4279999998288,CustomerId_4298,0
46.0,5.0,25000.0,5.0,25000.0,6000.0,3800.0,6685.805860178712,2.0,0.2399999999904,CustomerId_4299,1
33.0,7.0,26000.0,7.0,26000.0,6000.0,2857.1428571428573,5580.578567035604,2.0,0.23076923076035502,CustomerId_4300,0
39.0,3.0,1500.0,3.0,1500.0,1000.0,166.66666666666666,1040.8329997330663,2.0,0.6666666662222221,CustomerId_4301,1
59.0,3.0,80000.0,3.0,80000.0,6000.0,24666.666666666668,47961.7903474561,2.0,0.07499999999906251,CustomerId_4302,1
74.0,8.0,35000.0,8.0,35000.0,6000.0,3625.0,4565.006649971687,2.0,0.17142857142367346,CustomerId_4304,1
2.0,36.0,45500.0,36.0,45500.0,1907.0,1210.9166666666667,1833.3351244579994,3.0,0.04191208791116677,CustomerId_4305,0
17.0,1.0,500.0,1.0,500.0,-0.0,500.0,0.0,1.0,-0.0,CustomerId_4308,0
29.0,34.0,73250.0,34.0,73250.0,3300.0,2057.3529411764707,2228.0964954125916,2.0,0.04505119453863412,CustomerId_4309,0
77.0,9.0,5000.0,9.0,5000.0,200.0,533.3333333333334,553.3985905294663,2.0,0.039999999992,CustomerId_431,1
49.0,5.0,5150.0,5.0,5150.0,1150.0,800.0,1646.5873800075112,2.0,0.223300970830427,CustomerId_4310,1
0.0,52.0,293140.0,52.0,293140.0,38450.0,4897.884615384615,9075.444803346125,3.0,0.1311659957694918,CustomerId_4311,0
0.0,127.0,185410.0,127.0,185410.0,5755.0,1414.6062992125985,2322.868677172383,3.0,0.031039318267455696,CustomerId_4312,0
74.0,1.0,10000.0,1.0,10000.0,-0.0,10000.0,0.0,1.0,-0.0,CustomerId_4313,1
19.0,94.0,163215.0,94.0,163215.0,33476.5,1380.1968085106382,5101.819481057864,4.0,0.20510676101948283,CustomerId_4314,0
0.0,129.0,903352.0,129.0,903352.0,468905.0,3367.8062015503874,23994.411614698663,5.0,0.5190722996124223,CustomerId_4315,0
55.0,2.0,260000.0,2.0,260000.0,-0.0,130000.0,169705.6274847714,1.0,-0.0,CustomerId_4317,1
12.0,30.0,225000.0,30.0,225000.0,7950.0,7235.0,16576.240526729816,4.0,0.035333333333176294,CustomerId_4318,0
0.0,225.0,468000.0,225.0,468000.0,7283.0,2047.631111111111,3658.246241603529,3.0,0.01556196581193256,CustomerId_4319,0
21.0,3.0,1000.0,3.0,1000.0,1020.0,-6.666666666666667,1000.0666644445926,2.0,1.01999999898,CustomerId_432,0
33.0,1.0,10000.0,1.0,10000.0,-0.0,10000.0,0.0,1.0,-0.0,CustomerId_4321,0
4.0,17.0,63000.0,17.0,63000.0,11536.0,3027.294117647059,5074.882705106418,3.0,0.18311111110820458,CustomerId_4322,0
5.0,22.0,12400.0,22.0,12400.0,1470.0,496.8181818181818,689.2707420485478,2.0,0.11854838708721384,CustomerId_4323,0
9.0,54.0,60300.0,54.0,60300.0,25675.0,641.2037037037037,3310.9529402901844,3.0,0.42578772801947284,CustomerId_4324,0
74.0,6.0,50000.0,6.0,50000.0,6000.0,7333.333333333333,8981.462390204986,2.0,0.1199999999976,CustomerId_4325,1
7.0,12.0,26720.0,12.0,26720.0,22100.0,385.0,5882.985482033606,2.0,0.8270958083522794,CustomerId_4326,0
29.0,5.0,2500.0,5.0,2500.0,-0.0,500.0,0.0,2.0,-0.0,CustomerId_4327,0
35.0,14.0,77000.0,14.0,77000.0,21866.0,3938.1428571428573,9659.730382104102,2.0,0.28397402597033805,CustomerId_4328,0
1.0,1.0,2000.0,1.0,2000.0,-0.0,2000.0,0.0,1.0,-0.0,CustomerId_4329,0
44.0,1.0,1000.0,1.0,1000.0,-0.0,1000.0,0.0,1.0,-0.0,CustomerId_433,1
6.0,27.0,12600.0,27.0,12600.0,550.0,446.2962962962963,500.27606339014426,2.0,0.0436507936473293,CustomerId_4330,0
36.0,1.0,20000.0,1.0,20000.0,-0.0,20000.0,0.0,1.0,-0.0,CustomerId_4332,1
2.0,120.0,210980.0,120.0,210980.0,69202.0,1181.4833333333333,3848.9232194601796,4.0,0.32800265427847186,CustomerId_4333,0
35.0,11.0,9500.0,11.0,9500.0,1000.0,772.7272727272727,753.778361444409,2.0,0.1052631578836565,CustomerId_4334,0
28.0,3.0,500.0,3.0,500.0,1010.0,-170.0,762.6925986267338,2.0,2.01999999596,CustomerId_4335,0
53.0,338.0,459700.0,338.0,459700.0,11420.5,1326.2707100591715,2338.8226846825823,4.0,0.024843376114803473,CustomerId_4336,1
18.0,27.0,371000.0,27.0,371000.0,700.0,13714.814814814816,35960.720597979205,3.0,0.001886792452825103,CustomerId_4337,0
4.0,12.0,11000.0,12.0,11000.0,1140.0,821.6666666666666,1474.1458749411677,2.0,0.10363636362694215,CustomerId_4338,0
3.0,3.0,2000.0,3.0,2000.0,12000.0,-3333.3333333333335,6110.100926607787,2.0,5.999999997,CustomerId_4340,0
68.0,3.0,2000.0,3.0,2000.0,1040.0,320.0,1532.0574401764445,2.0,0.51999999974,CustomerId_4341,1
60.0,3.0,10000.0,3.0,10000.0,6000.0,1333.3333333333333,7767.453465154029,2.0,0.59999999994,CustomerId_4342,1
51.0,9.0,419800.0,9.0,419800.0,6629.0,45907.88888888889,54237.308746942,3.0,0.01579085278700383,CustomerId_4343,1
81.0,3.0,470000.0,3.0,470000.0,-0.0,156666.66666666666,11547.005383792513,1.0,-0.0,CustomerId_4344,1
12.0,75.0,91469.0,75.0,91469.0,3203.35,1176.8753333333332,1722.1228948866556,4.0,0.03502115470776961,CustomerId_4346,0
1.0,70.0,225500.0,70.0,225500.0,49525.0,2513.9285714285716,4840.9366153322635,3.0,0.21962305986598837,CustomerId_4347,0
0.0,7.0,20200.0,7.0,20200.0,2118.0,2583.1428571428573,3961.576093281201,3.0,0.10485148514332418,CustomerId_4348,0
47.0,60.0,72800.0,60.0,72800.0,2135.0,1177.75,2227.9137130310646,3.0,0.029326923076520236,CustomerId_4349,1
36.0,3.0,4500.0,3.0,4500.0,-0.0,1500.0,866.0254037844386,1.0,-0.0,CustomerId_435,1
85.0,10.0,6000.0,10.0,6000.0,60.0,594.0,574.8081805649989,2.0,0.009999999998333333,CustomerId_4351,1
13.0,26.0,33500.0,26.0,33500.0,1221.0,1241.5,2504.0838843776774,2.0,0.03644776119294186,CustomerId_4353,0
4.0,4.0,2300.0,4.0,2300.0,-0.0,575.0,50.0,1.0,-0.0,CustomerId_4355,0
23.0,4.0,3000.0,4.0,3000.0,1040.0,490.0,1296.3024338479042,2.0,0.3466666665511111,CustomerId_4356,0
1.0,46.0,45100.0,46.0,45100.0,1648.0,944.6086956521739,1328.455217800165,2.0,0.03654101995484388,CustomerId_4357,0
60.0,6.0,1500.0,6.0,1500.0,1020.0,80.0,585.1153732384751,2.0,0.6799999995466666,CustomerId_4358,1
0.0,19.0,106000.0,19.0,106000.0,36000.0,3684.2105263157896,7318.565672915146,2.0,0.33962264150623,CustomerId_436,0
4.0,5.0,26000.0,5.0,26000.0,6000.0,4000.0,6745.368781616021,2.0,0.23076923076035502,CustomerId_4360,0
83.0,1.0,50000.0,1.0,50000.0,-0.0,50000.0,0.0,1.0,-0.0,CustomerId_4361,1
36.0,1.0,2000.0,1.0,2000.0,-0.0,2000.0,0.0,1.0,-0.0,CustomerId_4362,1
18.0,22.0,86000.0,22.0,86000.0,1210.0,3854.090909090909,4892.765951689154,3.0,0.014069767441696863,CustomerId_4363,0
39.0,53.0,81900.0,53.0,81900.0,1350.0,1519.811320754717,5583.864040031927,3.0,0.01648351648331522,CustomerId_4364,1
11.0,6.0,26000.0,6.0,26000.0,6000.0,3333.3333333333335,6088.2400303098,2.0,0.23076923076035502,CustomerId_4365,0
0.0,3.0,1500.0,3.0,1500.0,-0.0,500.0,0.0,1.0,-0.0,CustomerId_4367,0
48.0,7.0,25000.0,7.0,25000.0,6000.0,2714.285714285714,4750.939756661683,2.0,0.2399999999904,CustomerId_4368,1
4.0,1.0,2000.0,1.0,2000.0,-0.0,2000.0,0.0,1.0,-0.0,CustomerId_4369,0
42.0,5.0,23700.0,5.0,23700.0,1085.0,4523.0,8740.846354901796,2.0,0.04578059071536791,CustomerId_437,1
16.0,18.0,22350.0,18.0,22350.0,304.0,1224.7777777777778,2509.5226767972185,3.0,0.013601789708563678,CustomerId_4370,0
0.0,294.0,2919300.0,294.0,2919300.0,148260.0,9425.30612244898,13077.751176885717,3.0,0.05078614736407674,CustomerId_4371,0
2.0,2.0,73000.0,2.0,73000.0,-0.0,36500.0,50204.581464244875,2.0,-0.0,CustomerId_4373,0
11.0,9.0,51000.0,9.0,51000.0,11000.0,4444.444444444444,6463.573143221772,2.0,0.2156862745055748,CustomerId_4374,0
52.0,5.0,24000.0,5.0,24000.0,-0.0,4800.0,8497.058314499202,2.0,-0.0,CustomerId_4376,1
26.0,1.0,10000.0,1.0,10000.0,-0.0,10000.0,0.0,1.0,-0.0,CustomerId_4377,0
57.0,3.0,7500.0,3.0,7500.0,-0.0,2500.0,1322.8756555322952,1.0,-0.0,CustomerId_4378,1
0.0,6.0,3500.0,6.0,3500.0,1100.0,400.0,926.8225288586807,2.0,0.3142857141959184,CustomerId_4379,0
12.0,24.0,110200.0,24.0,110200.0,16654.0,3897.75,7213.0159961606605,3.0,0.15112522685888272,CustomerId_4380,0
11.0,5.0,25000.0,5.0,25000.0,6000.0,3800.0,6685.805860178712,2.0,0.2399999999904,CustomerId_4381,0
73.0,1.0,500.0,1.0,500.0,-0.0,500.0,0.0,1.0,-0.0,CustomerId_4382,1
1.0,37.0,81775.0,37.0,81775.0,3475.0,2116.2162162162163,2068.6080953027213,2.0,0.042494649953622815,CustomerId_4383,0
0.0,119.0,135700.0,119.0,135700.0,3334.0,1112.3193277310925,1664.3038089099261,3.0,0.02456890198950207,CustomerId_4384,0
85.0,3.0,1500.0,3.0,1500.0,-0.0,500.0,0.0,2.0,-0.0,CustomerId_4386,1
32.0,6.0,31000.0,6.0,31000.0,11000.0,3333.3333333333335,7814.516406449389,2.0,0.3548387096659729,CustomerId_4387,0
4.0,7.0,51000.0,7.0,51000.0,11000.0,5714.285714285715,9516.902257112266,2.0,0.2156862745055748,CustomerId_4388,0
4.0,6.0,36000.0,6.0,36000.0,6000.0,5000.0,6511.528238439882,2.0,0.16666666666203703,CustomerId_4389,0
9.0,19.0,35250.0,19.0,35250.0,1253.0,1789.3157894736842,3067.425178887038,2.0,0.03554609928977174,CustomerId_4390,0
83.0,19.0,5889020.0,19.0,5889020.0,1020.0,309894.7368421053,1142075.8101484838,2.0,0.00017320369093666295,CustomerId_4391,1
5.0,39.0,217410.0,39.0,217410.0,36410.0,4641.025641025641,5882.4774564498775,2.0,0.1674715974418496,CustomerId_4392,0
4.0,21.0,10200.0,21.0,10200.0,1360.0,420.95238095238096,575.1621924457897,2.0,0.13333333332026143,CustomerId_4393,0
38.0,1.0,20000.0,1.0,20000.0,-0.0,20000.0,0.0,1.0,-0.0,CustomerId_4394,1
6.0,31.0,71900.0,31.0,71900.0,2435.0,2240.8064516129034,2655.0581716082334,3.0,0.033866481223451095,CustomerId_4395,0
6.0,32.0,105700.0,32.0,105700.0,11760.0,2935.625,6057.625792497873,3.0,0.11125827814464279,CustomerId_4396,0
5.0,4.0,3000.0,4.0,3000.0,1050.0,487.5,1297.674201536477,2.0,0.34999999988333336,CustomerId_4398,0
3.0,9.0,31000.0,9.0,31000.0,1190.0,3312.222222222222,4434.0268881057145,2.0,0.03838709677295526,CustomerId_4399,0
67.0,1.0,500.0,1.0,500.0,-0.0,500.0,0.0,1.0,-0.0,CustomerId_440,1
6.0,30.0,68500.0,30.0,68500.0,1500.0,2233.3333333333335,5464.075461016087,2.0,0.02189781021865843,CustomerId_4401,0
41.0,1.0,500.0,1.0,500.0,-0.0,500.0,0.0,1.0,-0.0,CustomerId_4402,1
0.0,8.0,4000.0,8.0,4000.0,1010.0,373.75,641.7150569261362,2.0,0.252499999936875,CustomerId_4403,0
0.0,119.0,156884.0,119.0,156884.0,46962.25,923.7121848739496,3042.2942512284867,3.0,0.2993437826655405,CustomerId_4406,0
30.0,28.0,45508.0,28.0,45508.0,6460.0,1394.5714285714287,3164.411119853066,4.0,0.14195306319456022,CustomerId_4408,0
45.0,1.0,2000.0,1.0,2000.0,-0.0,2000.0,0.0,1.0,-0.0,CustomerId_4409,1
36.0,2.0,1000.0,2.0,1000.0,1000.0,0.0,1414.213562373095,2.0,0.999999999,CustomerId_4412,1
44.0,11.0,28800.0,11.0,28800.0,1020.0,2525.4545454545455,7469.558706692603,2.0,0.03541666666543692,CustomerId_4413,1
9.0,43.0,286500.0,43.0,286500.0,7109.0,6497.46511627907,6732.32462629025,4.0,0.0248132635252188,CustomerId_4414,0
88.0,1.0,2000.0,1.0,2000.0,-0.0,2000.0,0.0,1.0,-0.0,CustomerId_4415,1
2.0,40.0,58000.0,40.0,58000.0,2404.0,1389.9,2016.5536454873215,2.0,0.04144827586135434,CustomerId_4416,0
70.0,91.0,81000.0,91.0,81000.0,2835.0,858.9560439560439,1733.5997417838598,2.0,0.034999999999567905,CustomerId_4417,1
60.0,2.0,4000.0,2.0,4000.0,-0.0,2000.0,0.0,1.0,-0.0,CustomerId_4418,1
3.0,33.0,73000.0,33.0,73000.0,2650.0,2131.818181818182,2288.722971639226,2.0,0.036301369862516426,CustomerId_442,0
0.0,19.0,116500.0,19.0,116500.0,6325.0,5798.684210526316,4974.577548257313,3.0,0.05429184549309621,CustomerId_4420,0
5.0,90.0,167500.0,90.0,167500.0,2890.0,1829.0,1662.4297231070138,2.0,0.017253731343180576,CustomerId_4421,0
39.0,1.0,10000.0,1.0,10000.0,-0.0,10000.0,0.0,1.0,-0.0,CustomerId_4422,1
28.0,1.0,1000.0,1.0,1000.0,-0.0,1000.0,0.0,1.0,-0.0,CustomerId_4423,0
1.0,22.0,99500.0,22.0,99500.0,1980.0,4432.727272727273,5952.768209047733,2.0,0.019899497487237194,CustomerId_4424,0
46.0,5.0,25200.0,5.0,25200.0,6000.0,3840.0,6732.235884162112,2.0,0.23809523808578986,CustomerId_4425,1
0.0,34.0,43500.0,34.0,43500.0,1498.0,1235.3529411764705,1919.943715752562,2.0,0.03443678160840375,CustomerId_4426,0
54.0,12.0,13500.0,12.0,13500.0,1430.0,1005.8333333333334,1542.0762764611363,2.0,0.10592592591807956,CustomerId_4427,1
11.0,15.0,21900.0,15.0,21900.0,1838.0,1337.4666666666667,2641.0851088862983,2.0,0.08392694063543713,CustomerId_4428,0
8.0,26.0,24200.0,26.0,24200.0,975.0,893.2692307692307,1293.523824525619,3.0,0.04028925619668226,CustomerId_4429,0
85.0,5.0,77000.0,5.0,77000.0,644.0,15271.2,8935.420930208045,2.0,0.008363636363527745,CustomerId_443,1
1.0,17.0,28125.0,17.0,28125.0,185.0,1643.5294117647059,4767.898110247941,3.0,0.006577777777543901,CustomerId_4430,0
0.0,118.0,190360.0,118.0,190360.0,34353.0,1322.093220338983,3894.25561166874,5.0,0.18046333263195805,CustomerId_4431,0
4.0,5.0,26000.0,5.0,26000.0,6000.0,4000.0,6745.368781616021,2.0,0.23076923076035502,CustomerId_4433,0
55.0,10.0,6000.0,10.0,6000.0,1150.0,485.0,719.200945494373,2.0,0.1916666666347222,CustomerId_4434,1
14.0,8.0,5000.0,8.0,5000.0,1040.0,495.0,759.755599800733,2.0,0.2079999999584,CustomerId_4435,0
45.0,1.0,2000.0,1.0,2000.0,-0.0,2000.0,0.0,1.0,-0.0,CustomerId_4436,1
1.0,56.0,310800.0,56.0,310800.0,101000.0,3746.4285714285716,7343.443935318689,2.0,0.3249678249667794,CustomerId_4437,0
2.0,146.0,1271300.0,146.0,1271300.0,22385.0,8554.212328767124,20066.36522494327,5.0,0.01760796035552772,CustomerId_4438,0
4.0,49.0,79500.0,49.0,79500.0,2925.0,1562.7551020408164,3487.062556380204,2.0,0.03679245282972588,CustomerId_444,0
81.0,4.0,3000.0,4.0,3000.0,1040.0,490.0,1296.3024338479042,2.0,0.3466666665511111,CustomerId_4440,1
0.0,29.0,26200.0,29.0,26200.0,1150.0,863.7931034482758,1208.740234982283,2.0,0.04389312976931706,CustomerId_4442,0
1.0,57.0,286700.0,57.0,286700.0,86700.0,3508.7719298245615,6577.594021203302,2.0,0.302406696894655,CustomerId_4443,0
80.0,1.0,500.0,1.0,500.0,-0.0,500.0,0.0,1.0,-0.0,CustomerId_4444,1
34.0,7.0,13000.0,7.0,13000.0,-0.0,1857.142857142857,988.0235200593537,1.0,-0.0,CustomerId_4445,0
88.0,2.0,1000.0,2.0,1000.0,-0.0,500.0,0.0,1.0,-0.0,CustomerId_4446,1
8.0,1.0,2000.0,1.0,2000.0,-0.0,2000.0,0.0,1.0,-0.0,CustomerId_4447,0
88.0,13.0,44767.0,13.0,44767.0,5967.0,2984.6153846153848,6673.911403598112,4.0,0.13329014675691267,CustomerId_4449,1
0.0,5.0,4000.0,5.0,4000.0,50.0,790.0,469.5742752749558,2.0,0.012499999996875,CustomerId_4450,0
46.0,6.0,5700.0,6.0,5700.0,-0.0,950.0,225.8317958127243,1.0,-0.0,CustomerId_4451,1
70.0,54.0,29295500.0,54.0,29295500.0,1040.0,542490.0,1108161.707813508,3.0,3.550033281561894e-05,CustomerId_4453,0
3.0,36.0,4150000.0,36.0,4150000.0,7040.0,115082.22222222222,146613.96914757593,2.0,0.001696385542168266,CustomerId_4454,0
29.0,10.0,3500.0,10.0,3500.0,1090.0,241.0,638.6522266982764,2.0,0.31142857133959184,CustomerId_4455,0
7.0,33.0,222369.0,33.0,222369.0,17529.0,6207.272727272727,16298.938547250416,4.0,0.07882843381910774,CustomerId_4456,0
36.0,1.0,500.0,1.0,500.0,-0.0,500.0,0.0,1.0,-0.0,CustomerId_4457,1
5.0,5.0,26000.0,5.0,26000.0,6000.0,4000.0,6745.368781616021,2.0,0.23076923076035502,CustomerId_4458,0
60.0,1.0,1000.0,1.0,1000.0,-0.0,1000.0,0.0,1.0,-0.0,CustomerId_4459,1
11.0,26.0,151000.0,26.0,151000.0,31000.0,4615.384615384615,6158.421376144527,2.0,0.2052980132436735,CustomerId_446,0
35.0,2.0,6500.0,2.0,6500.0,-0.0,3250.0,1767.7669529663688,1.0,-0.0,CustomerId_4461,0
33.0,2.0,80000.0,2.0,80000.0,-0.0,40000.0,42426.40687119285,1.0,-0.0,CustomerId_4462,0
52.0,1.0,1000.0,1.0,1000.0,-0.0,1000.0,0.0,1.0,-0.0,CustomerId_4465,1
44.0,11.0,121500.0,11.0,121500.0,1304.0,10926.90909090909,18664.696522871975,3.0,0.01073251028797751,CustomerId_4466,1
83.0,1.0,1000.0,1.0,1000.0,-0.0,1000.0,0.0,1.0,-0.0,CustomerId_4468,1
0.0,19.0,76000.0,19.0,76000.0,26000.0,2631.5789473684213,6102.91848504367,2.0,0.3421052631533934,CustomerId_4469,0
54.0,4.0,15000.0,4.0,15000.0,6000.0,2250.0,6601.767440112787,2.0,0.3999999999733333,CustomerId_447,1
19.0,28.0,37000.0,28.0,37000.0,2400.0,1235.7142857142858,1643.2582326121537,3.0,0.06486486486311176,CustomerId_4471,0
0.0,59.0,63300.0,59.0,63300.0,2200.0,1035.593220338983,2035.473783012828,2.0,0.03475513428065158,CustomerId_4472,0
2.0,80.0,303676.0,80.0,303676.0,30124.6,3419.3925000000004,10971.438381886759,3.0,0.0991998050550613,CustomerId_4473,0
36.0,11.0,1452000.0,11.0,1452000.0,-0.0,132000.0,289769.9087206951,1.0,-0.0,CustomerId_4476,0
28.0,1.0,700.0,1.0,700.0,-0.0,700.0,0.0,1.0,-0.0,CustomerId_4477,0
60.0,156.0,266500.0,156.0,266500.0,5338.0,1674.1153846153845,6733.199391902535,5.0,0.02003001876165092,CustomerId_448,1
81.0,1.0,10000.0,1.0,10000.0,-0.0,10000.0,0.0,1.0,-0.0,CustomerId_4481,1
37.0,4.0,3000.0,4.0,3000.0,50.0,737.5,525.0,2.0,0.01666666666111111,CustomerId_4482,1
58.0,3.0,5000.0,3.0,5000.0,1250.0,1250.0,3269.174207655505,2.0,0.24999999995,CustomerId_4483,1
0.0,13.0,76000.0,13.0,76000.0,26000.0,3846.153846153846,8060.667402539258,2.0,0.3421052631533934,CustomerId_4484,0
24.0,10.0,1343000.0,10.0,1343000.0,4920.0,133808.0,124266.5404863451,4.0,0.0036634400595654034,CustomerId_4485,0
18.0,103.0,722000.0,103.0,722000.0,248000.0,4601.941747572816,25667.496729317303,2.0,0.34349030470866554,CustomerId_4486,0
19.0,9.0,51000.0,9.0,51000.0,11000.0,4444.444444444444,6463.573143221772,2.0,0.2156862745055748,CustomerId_4487,0
4.0,6.0,26000.0,6.0,26000.0,6000.0,3333.3333333333335,5963.779562212764,2.0,0.23076923076035502,CustomerId_4488,0
77.0,1.0,1000.0,1.0,1000.0,-0.0,1000.0,0.0,1.0,-0.0,CustomerId_4489,1
1.0,16.0,91000.0,16.0,91000.0,31000.0,3750.0,7514.430561703704,2.0,0.34065934065559716,CustomerId_449,0
10.0,14.0,20000.0,14.0,20000.0,1200.0,1342.857142857143,2692.7493201371162,2.0,0.059999999997,CustomerId_4490,0
4.0,10.0,51000.0,10.0,51000.0,11000.0,4000.0,6110.100926607787,2.0,0.2156862745055748,CustomerId_4492,0
42.0,1.0,1000.0,1.0,1000.0,-0.0,1000.0,0.0,1.0,-0.0,CustomerId_4493,1
50.0,1.0,10000.0,1.0,10000.0,-0.0,10000.0,0.0,1.0,-0.0,CustomerId_4494,1
4.0,2.0,1000.0,2.0,1000.0,50.0,475.0,742.4621202458749,2.0,0.04999999995,CustomerId_4495,0
74.0,1.0,10000.0,1.0,10000.0,-0.0,10000.0,0.0,1.0,-0.0,CustomerId_4497,1
18.0,1.0,1000.0,1.0,1000.0,-0.0,1000.0,0.0,1.0,-0.0,CustomerId_4498,0
5.0,6.0,50000.0,6.0,50000.0,10000.0,6666.666666666667,9831.92080250175,2.0,0.199999999996,CustomerId_4499,0
90.0,3.0,2500.0,3.0,2500.0,50.0,816.6666666666666,791.0962857537212,2.0,0.019999999992,CustomerId_450,1
25.0,4.0,25000.0,4.0,25000.0,6000.0,4750.0,9322.910847297997,2.0,0.2399999999904,CustomerId_4500,0
3.0,17.0,18150.0,17.0,18150.0,1300.0,991.1764705882352,1211.7891336415607,2.0,0.07162534434867078,CustomerId_4501,0
74.0,133.0,157000.0,133.0,157000.0,3388.5,1154.9736842105262,4685.658440000475,5.0,0.02158280254763323,CustomerId_4502,1
55.0,11.0,12500.0,11.0,12500.0,1060.0,1040.0,1592.3002229479214,2.0,0.084799999993216,CustomerId_4504,1
1.0,47.0,67520.0,47.0,67520.0,1431.0,1406.1489361702127,3109.9317550091127,2.0,0.021193720378833034,CustomerId_4505,0
66.0,1.0,1000.0,1.0,1000.0,-0.0,1000.0,0.0,1.0,-0.0,CustomerId_4507,1
0.0,32.0,281550.0,32.0,281550.0,5600.0,8623.4375,14895.249333991498,3.0,0.019889895222802736,CustomerId_4510,0
20.0,11.0,10000.0,11.0,10000.0,1080.0,810.9090909090909,1235.6816300767325,2.0,0.1079999999892,CustomerId_4512,0
23.0,1.0,1000.0,1.0,1000.0,-0.0,1000.0,0.0,1.0,-0.0,CustomerId_4513,0
40.0,7.0,4500.0,7.0,4500.0,-0.0,642.8571428571429,243.9750182371333,2.0,-0.0,CustomerId_4517,1
32.0,166.0,269120.0,166.0,269120.0,7839.5,1573.9789156626507,2881.2170115655244,3.0,0.029130127823910782,CustomerId_4518,0
59.0,2.0,3000.0,2.0,3000.0,-0.0,1500.0,707.1067811865476,2.0,-0.0,CustomerId_4519,1
82.0,1.0,1000.0,1.0,1000.0,-0.0,1000.0,0.0,1.0,-0.0,CustomerId_452,1
15.0,3.0,4000.0,3.0,4000.0,100.0,1300.0,1212.4355652982142,2.0,0.02499999999375,CustomerId_4520,0
32.0,5.0,26000.0,5.0,26000.0,6000.0,4000.0,6745.368781616021,2.0,0.23076923076035502,CustomerId_4524,0
1.0,89.0,339500.0,89.0,339500.0,57880.0,3164.2696629213483,4911.777332373608,2.0,0.17048600883602213,CustomerId_4525,0
17.0,95.0,78314.0,95.0,78314.0,1036.05,813.4521052631578,921.101613209543,3.0,0.01322943534983235,CustomerId_4526,0
11.0,10.0,61000.0,10.0,61000.0,11000.0,5000.0,6429.100507328637,2.0,0.18032786884950283,CustomerId_4527,0
25.0,5.0,4000.0,5.0,4000.0,1020.0,596.0,1142.838571277676,2.0,0.25499999993625,CustomerId_4528,0
5.0,26.0,228000.0,26.0,228000.0,18000.0,8076.923076923077,19554.38176352927,2.0,0.07894736842070636,CustomerId_453,0
41.0,1.0,1000.0,1.0,1000.0,-0.0,1000.0,0.0,1.0,-0.0,CustomerId_4531,1
84.0,1.0,500.0,1.0,500.0,-0.0,500.0,0.0,1.0,-0.0,CustomerId_4532,1
11.0,5.0,26000.0,5.0,26000.0,6000.0,4000.0,6745.368781616021,2.0,0.23076923076035502,CustomerId_4533,0
53.0,1.0,2000.0,1.0,2000.0,-0.0,2000.0,0.0,1.0,-0.0,CustomerId_4534,1
76.0,2.0,2000.0,2.0,2000.0,-0.0,1000.0,0.0,1.0,-0.0,CustomerId_4537,1
54.0,5.0,34550.0,5.0,34550.0,-0.0,6910.0,8209.171699995073,4.0,-0.0,CustomerId_4538,1
11.0,10.0,51000.0,10.0,51000.0,11000.0,4000.0,6164.414002968976,2.0,0.2156862745055748,CustomerId_4539,0
8.0,50.0,116500.0,50.0,116500.0,7802.0,2173.96,3965.4627079526626,4.0,0.06696995708097021,CustomerId_4540,0
11.0,10.0,76000.0,10.0,76000.0,6000.0,7000.0,5497.474167490214,2.0,0.07894736842001386,CustomerId_4541,0
1.0,18.0,57000.0,18.0,57000.0,1774.0,3068.1111111111113,5066.9088603104765,4.0,0.031122807016997846,CustomerId_4542,0
19.0,23.0,121000.0,23.0,121000.0,21000.0,4347.826086956522,5833.669480245095,2.0,0.17355371900683014,CustomerId_4543,0
58.0,8.0,39000.0,8.0,39000.0,1020.0,4747.5,4952.493599909329,2.0,0.026153846153175543,CustomerId_4544,1
18.0,4.0,2000.0,4.0,2000.0,-0.0,500.0,0.0,1.0,-0.0,CustomerId_4545,0
77.0,4.0,14000.0,4.0,14000.0,496.0,3376.0,2624.0243901305494,2.0,0.03542857142604081,CustomerId_4546,1
5.0,7.0,31000.0,7.0,31000.0,11000.0,2857.1428571428573,6517.3760422573805,2.0,0.3548387096659729,CustomerId_4547,0
0.0,27.0,17800.0,27.0,17800.0,375.0,645.3703703703703,898.8945410955592,2.0,0.021067415729153514,CustomerId_4548,0
17.0,39.0,19900.0,39.0,19900.0,14351.0,142.28205128205127,1227.684147377491,4.0,0.7211557788582333,CustomerId_4549,0
10.0,1.0,5000.0,1.0,5000.0,-0.0,5000.0,0.0,1.0,-0.0,CustomerId_455,0
33.0,35.0,274413.0,35.0,274413.0,4380.0,7715.228571428572,18900.662638688427,4.0,0.01596134293923407,CustomerId_4550,0
88.0,6.0,0.0,6.0,0.0,14500.0,-2416.6666666666665,3760.540741258718,2.0,14500000000.0,CustomerId_4552,1
53.0,1.0,500.0,1.0,500.0,-0.0,500.0,0.0,1.0,-0.0,CustomerId_4553,1
77.0,72.0,99000.0,72.0,99000.0,1945.0,1347.986111111111,3537.1988658691193,3.0,0.0196464646462662,CustomerId_4554,1
2.0,67.0,388200.0,67.0,388200.0,78200.0,4626.865671641791,7859.9981126058365,2.0,0.20144255538330386,CustomerId_4555,0
4.0,5.0,26000.0,5.0,26000.0,6000.0,4000.0,6745.368781616021,2.0,0.23076923076035502,CustomerId_4557,0
4.0,39.0,162969.0,39.0,162969.0,30969.0,3384.6153846153848,8237.973331550427,4.0,0.1900300057054407,CustomerId_456,0
12.0,5.0,26000.0,5.0,26000.0,6000.0,4000.0,6745.368781616021,2.0,0.23076923076035502,CustomerId_4560,0
0.0,61.0,254500.0,61.0,254500.0,1374.0,4149.606557377049,13612.757153100529,7.0,0.005398821218053442,CustomerId_4561,0
0.0,163.0,69000.0,163.0,69000.0,5320.0,390.67484662576686,659.2346187144227,2.0,0.07710144927424492,CustomerId_4562,0
5.0,167.0,442418.0,167.0,442418.0,35267.5,2438.0269461077846,5479.314626655783,4.0,0.07971533707923341,CustomerId_4565,0
60.0,37.0,271600.0,37.0,271600.0,51600.0,5945.945945945946,8621.375070608407,2.0,0.18998527245879976,CustomerId_4567,1
1.0,59.0,39000.0,59.0,39000.0,1638.0,633.2542372881356,674.4981427652747,2.0,0.04199999999892308,CustomerId_4568,0
4.0,76.0,262709.0,76.0,262709.0,54365.75,2741.3585526315787,4546.594553497435,3.0,0.2069428531180624,CustomerId_4569,0
19.0,32.0,143000.0,32.0,143000.0,4251.5,4335.890625,9015.709361222682,3.0,0.02973076923056132,CustomerId_457,0
52.0,1.0,1000.0,1.0,1000.0,-0.0,1000.0,0.0,1.0,-0.0,CustomerId_4572,1
65.0,6.0,83000.0,6.0,83000.0,3015.0,13330.833333333334,15784.570762826168,2.0,0.03632530120438163,CustomerId_4573,1
38.0,3.0,1000.0,3.0,1000.0,1000.0,0.0,866.0254037844386,2.0,0.999999999,CustomerId_4576,1
9.0,118.0,283450.0,118.0,283450.0,4433.5,2364.5466101694915,5026.735289092945,4.0,0.015641206561948697,CustomerId_4577,0
0.0,68.0,260057.0,68.0,260057.0,4051.0,3764.794117647059,11317.81982137985,4.0,0.015577354195366487,CustomerId_4578,0
24.0,12.0,16110.0,12.0,16110.0,130.0,1331.6666666666667,1506.2586602290962,2.0,0.008069522035501582,CustomerId_4579,0
56.0,9.0,6000.0,9.0,6000.0,1085.0,546.1111111111111,988.6283988997641,3.0,0.18083333330319443,CustomerId_4581,1
12.0,24.0,20200.0,24.0,20200.0,790.0,808.75,1480.1536715166935,2.0,0.039108910889153026,CustomerId_4583,0
77.0,19.0,42300.0,19.0,42300.0,910.0,2178.4210526315787,4251.257674249527,2.0,0.02151300236355761,CustomerId_4584,1
0.0,363.0,749562.0,363.0,749562.0,50524.0,1925.7245179063361,4584.839306983538,5.0,0.06740469767668665,CustomerId_4585,0
1.0,38.0,21600.0,38.0,21600.0,1800.0,521.0526315789474,616.9488544822348,2.0,0.0833333333294753,CustomerId_4587,0
25.0,4.0,3000.0,4.0,3000.0,1020.0,495.0,1293.612512823424,2.0,0.3399999998866667,CustomerId_4588,0
11.0,10.0,61000.0,10.0,61000.0,11000.0,5000.0,6429.100507328637,2.0,0.18032786884950283,CustomerId_4589,0
10.0,11.0,67700.0,11.0,67700.0,1750.0,5995.454545454545,12652.498854879508,3.0,0.02584933530242468,CustomerId_4590,0
53.0,14.0,71700.0,14.0,71700.0,21235.0,3604.6428571428573,7093.647880128583,2.0,0.29616457461232687,CustomerId_4591,1
89.0,3.0,204000.0,3.0,204000.0,-0.0,68000.0,114315.3532995459,2.0,-0.0,CustomerId_4592,1
66.0,1.0,5000.0,1.0,5000.0,-0.0,5000.0,0.0,1.0,-0.0,CustomerId_4593,1
61.0,1.0,500.0,1.0,500.0,-0.0,500.0,0.0,1.0,-0.0,CustomerId_4595,1
19.0,1.0,15000.0,1.0,15000.0,-0.0,15000.0,0.0,1.0,-0.0,CustomerId_4596,0
59.0,6.0,6000.0,6.0,6000.0,240.0,960.0,1139.473562659529,2.0,0.039999999993333334,CustomerId_4598,1
34.0,3.0,70000.0,3.0,70000.0,-0.0,23333.333333333332,5773.502691896258,1.0,-0.0,CustomerId_46,0
4.0,22.0,106000.0,22.0,106000.0,21000.0,3863.6363636363635,5318.838528291989,3.0,0.19811320754530082,CustomerId_4600,0
15.0,2.0,40000.0,2.0,40000.0,-0.0,20000.0,0.0,1.0,-0.0,CustomerId_4601,0
1.0,75.0,375000.0,75.0,375000.0,22441.0,4700.786666666667,12545.064009718242,5.0,0.05984266666650709,CustomerId_4602,0
38.0,1.0,5000.0,1.0,5000.0,-0.0,5000.0,0.0,1.0,-0.0,CustomerId_4603,1
13.0,14.0,10500.0,14.0,10500.0,1100.0,671.4285714285714,616.6641916592249,2.0,0.10476190475192744,CustomerId_4604,0
31.0,16.0,93400.0,16.0,93400.0,65.0,5833.4375,12754.339224848145,2.0,0.0006959314775086089,CustomerId_4605,0
89.0,2.0,500.0,2.0,500.0,25.0,237.5,371.23106012293744,2.0,0.0499999999,CustomerId_4608,1
41.0,11.0,9000.0,11.0,9000.0,1090.0,719.0909090909091,1153.8735159925852,3.0,0.12111111109765432,CustomerId_4609,1
60.0,13.0,980000.0,13.0,980000.0,16000.0,74153.84615384616,81236.1230753148,3.0,0.01632653061222824,CustomerId_4610,1
68.0,3.0,2000.0,3.0,2000.0,1800.0,66.66666666666667,1674.3157806499148,2.0,0.89999999955,CustomerId_4611,1
51.0,1.0,10000.0,1.0,10000.0,-0.0,10000.0,0.0,1.0,-0.0,CustomerId_4612,1
42.0,41.0,180315.0,41.0,180315.0,1755.0,4355.121951219512,15593.020172813089,3.0,0.0097329673071584,CustomerId_4613,1
14.0,22.0,22800.0,22.0,22800.0,1815.0,953.8636363636364,1166.0116513121434,3.0,0.07960526315440328,CustomerId_4615,0
11.0,14.0,31100.0,14.0,31100.0,1300.0,2128.5714285714284,4084.0079430775936,3.0,0.04180064308547265,CustomerId_4616,0
32.0,7.0,51000.0,7.0,51000.0,11000.0,5714.285714285715,9516.902257112268,2.0,0.2156862745055748,CustomerId_4617,0
4.0,6.0,36000.0,6.0,36000.0,6000.0,5000.0,6511.528238439882,2.0,0.16666666666203703,CustomerId_4619,0
14.0,20.0,57650.0,20.0,57650.0,16550.0,2055.0,4651.36935128842,2.0,0.28707718993430914,CustomerId_462,0
14.0,4.0,20000.0,4.0,20000.0,1500.0,4625.0,6209.87117418711,2.0,0.07499999999625,CustomerId_4620,0
66.0,4.0,3755.0,4.0,3755.0,3010.0,186.25,2562.964998460442,2.0,0.8015978692938488,CustomerId_4622,1
44.0,3.0,2000.0,3.0,2000.0,1040.0,320.0,1532.0574401764445,2.0,0.51999999974,CustomerId_4623,1
2.0,64.0,68400.0,64.0,68400.0,1597.0,1043.796875,1672.9254120479477,2.0,0.023347953216032925,CustomerId_4624,0
4.0,1.0,500.0,1.0,500.0,-0.0,500.0,0.0,1.0,-0.0,CustomerId_4625,0
4.0,30.0,82500.0,30.0,82500.0,1790.0,2690.3333333333335,7296.582919343176,4.0,0.021696969696706706,CustomerId_4626,0
5.0,35.0,241430.0,35.0,241430.0,41430.0,5714.285714285715,8932.267114138456,3.0,0.17160253489553243,CustomerId_4627,0
1.0,12.0,16200.0,12.0,16200.0,1205.0,1249.5833333333333,2061.1872773778327,2.0,0.07438271604479119,CustomerId_4629,0
82.0,1.0,500.0,1.0,500.0,-0.0,500.0,0.0,1.0,-0.0,CustomerId_4630,1
41.0,1.0,1000.0,1.0,1000.0,-0.0,1000.0,0.0,1.0,-0.0,CustomerId_4632,1
4.0,13.0,26500.0,13.0,26500.0,1140.0,1950.7692307692307,2780.6637742886187,3.0,0.04301886792290495,CustomerId_4633,0
11.0,23.0,36000.0,23.0,36000.0,1450.0,1502.1739130434783,1714.5419651316874,3.0,0.04027777777665895,CustomerId_4634,0
4.0,123.0,283027.0,123.0,283027.0,20511.71,2134.270650406504,5837.983003033616,5.0,0.07247262628628197,CustomerId_4636,0
4.0,22.0,126000.0,22.0,126000.0,26000.0,4545.454545454545,6193.139620174759,2.0,0.20634920634756868,CustomerId_4637,0
69.0,9.0,213700.0,9.0,213700.0,12432.0,22363.11111111111,39354.36814524038,5.0,0.05817501169837073,CustomerId_4639,1
89.0,5.0,25200.0,5.0,25200.0,5200.0,4000.0,6558.963332722634,2.0,0.2063492063410179,CustomerId_4640,1
20.0,5.0,11000.0,5.0,11000.0,1220.0,1956.0,4552.766192107826,2.0,0.11090909089900826,CustomerId_4641,0
28.0,2.0,500.0,2.0,500.0,10.0,245.0,360.62445840513925,2.0,0.01999999996,CustomerId_4642,0
12.0,7.0,25500.0,7.0,25500.0,30040.0,-648.5714285714286,9809.06966123942,2.0,1.178039215640077,CustomerId_4645,0
21.0,3.0,1500.0,3.0,1500.0,1075.0,141.66666666666666,1264.004878682568,2.0,0.7166666661888889,CustomerId_4647,0
88.0,1.0,1000.0,1.0,1000.0,-0.0,1000.0,0.0,1.0,-0.0,CustomerId_4648,1
48.0,2.0,1000.0,2.0,1000.0,-0.0,500.0,0.0,2.0,-0.0,CustomerId_4649,1
44.0,1.0,2000.0,1.0,2000.0,-0.0,2000.0,0.0,1.0,-0.0,CustomerId_4650,1
0.0,16.0,46000.0,16.0,46000.0,2073.0,2745.4375,7439.365142884617,2.0,0.045065217390324666,CustomerId_4651,0
60.0,1.0,1000.0,1.0,1000.0,-0.0,1000.0,0.0,1.0,-0.0,CustomerId_4652,1
26.0,6.0,8000.0,6.0,8000.0,10.0,1331.6666666666667,1082.5971857836444,2.0,0.00124999999984375,CustomerId_4653,0
0.0,6.0,15000.0,6.0,15000.0,1140.0,2310.0,3521.221379010414,2.0,0.07599999999493333,CustomerId_4654,0
8.0,22.0,101000.0,22.0,101000.0,21000.0,3636.3636363636365,5699.168314808703,2.0,0.2079207920771493,CustomerId_4655,0
24.0,24.0,81000.0,24.0,81000.0,15864.5,2713.9791666666665,10540.057648220336,4.0,0.19585802468894004,CustomerId_4657,0
85.0,3.0,2500.0,3.0,2500.0,496.0,668.0,1256.4521479149137,3.0,0.19839999992064,CustomerId_4658,1
5.0,13.0,15000.0,13.0,15000.0,1080.0,1070.7692307692307,1460.5219474469936,2.0,0.0719999999952,CustomerId_4659,0
33.0,1.0,10000.0,1.0,10000.0,-0.0,10000.0,0.0,1.0,-0.0,CustomerId_466,0
3.0,9.0,6500.0,9.0,6500.0,215.0,698.3333333333334,857.0078762765253,2.0,0.03307692307183432,CustomerId_4660,0
21.0,28.0,132400.0,28.0,132400.0,1512.0,4674.571428571428,7016.419153346651,4.0,0.01141993957695302,CustomerId_4663,0
3.0,11.0,16100.0,11.0,16100.0,6010.0,917.2727272727273,3517.311731732321,3.0,0.37329192544265266,CustomerId_4664,0
74.0,7.0,41500.0,7.0,41500.0,10000.0,4500.0,9215.02396451939,2.0,0.2409638554158804,CustomerId_4665,1
6.0,43.0,28320.0,43.0,28320.0,1210.0,630.4651162790698,760.8397725332441,3.0,0.042725988699056285,CustomerId_4666,0
23.0,10.0,20100.0,10.0,20100.0,1290.0,1881.0,3334.217216146009,2.0,0.06417910447441895,CustomerId_4667,0
26.0,4.0,5000.0,4.0,5000.0,-0.0,1250.0,500.0,3.0,-0.0,CustomerId_4669,0
86.0,1.0,5000.0,1.0,5000.0,-0.0,5000.0,0.0,1.0,-0.0,CustomerId_467,1
63.0,6.0,152000.0,6.0,152000.0,-0.0,25333.333333333332,38471.634572327006,3.0,-0.0,CustomerId_4670,1
9.0,7.0,83600.0,7.0,83600.0,1622.0,11711.142857142857,23839.081410075145,3.0,0.01940191387536601,CustomerId_4671,0
1.0,22.0,801000.0,22.0,801000.0,16000.0,35681.818181818184,57348.58022374794,3.0,0.01997503121096133,CustomerId_4672,0
66.0,4.0,2000.0,4.0,2000.0,-0.0,500.0,0.0,2.0,-0.0,CustomerId_4673,1
53.0,3.0,500.0,3.0,500.0,1010.0,-170.0,762.6925986267338,2.0,2.01999999596,CustomerId_4674,1
40.0,1.0,1000.0,1.0,1000.0,-0.0,1000.0,0.0,1.0,-0.0,CustomerId_4677,1
85.0,2.0,1500.0,2.0,1500.0,-0.0,750.0,353.5533905932738,2.0,-0.0,CustomerId_4678,1
11.0,7.0,130000.0,7.0,130000.0,3273.0,18103.85714285714,23129.421641627585,2.0,0.025176923076729408,CustomerId_468,0
50.0,18.0,82700.0,18.0,82700.0,6154.0,4252.555555555556,9279.263403970244,4.0,0.07441354292533962,CustomerId_4680,1
28.0,6.0,8000.0,6.0,8000.0,1200.0,1133.3333333333333,1965.6211910402947,2.0,0.14999999998125,CustomerId_4682,0
81.0,2.0,1000.0,2.0,1000.0,-0.0,500.0,0.0,1.0,-0.0,CustomerId_4683,1
70.0,3.0,1000.0,3.0,1000.0,1020.0,-6.666666666666667,1000.0666644445926,2.0,1.01999999898,CustomerId_4684,1
1.0,3.0,2000.0,3.0,2000.0,1040.0,320.0,1532.0574401764445,2.0,0.51999999974,CustomerId_4685,0
53.0,17.0,86200.0,17.0,86200.0,26200.0,3529.4117647058824,7262.124749847867,2.0,0.3039443155417176,CustomerId_4686,1
28.0,2.0,2000.0,2.0,2000.0,-0.0,1000.0,0.0,1.0,-0.0,CustomerId_4687,0
84.0,5.0,10000.0,5.0,10000.0,1500.0,1700.0,3027.9943857279522,2.0,0.149999999985,CustomerId_4688,1
1.0,32.0,20000.0,32.0,20000.0,2020.0,561.875,822.5234088246463,2.0,0.10099999999495,CustomerId_4689,0
76.0,3.0,3000.0,3.0,3000.0,-0.0,1000.0,0.0,1.0,-0.0,CustomerId_4691,1
11.0,3.0,10000.0,3.0,10000.0,6000.0,1333.3333333333333,7767.453465154029,2.0,0.59999999994,CustomerId_4693,0
33.0,10.0,5500.0,10.0,5500.0,1010.0,449.0,599.452528006458,2.0,0.1836363636029752,CustomerId_4694,0
0.0,39.0,130700.0,39.0,130700.0,46625.0,2155.769230769231,5775.257631353083,2.0,0.35673297627883144,CustomerId_4697,0
78.0,5.0,8500.0,5.0,8500.0,400.0,1620.0,2302.878633363035,2.0,0.04705882352387543,CustomerId_4698,1
11.0,19.0,141000.0,19.0,141000.0,12500.0,6763.1578947368425,11186.597165373878,3.0,0.0886524822688748,CustomerId_470,0
14.0,12.0,27000.0,12.0,27000.0,1050.0,2162.5,2543.0051120672174,2.0,0.03888888888744856,CustomerId_4701,0
11.0,9.0,51000.0,9.0,51000.0,11000.0,4444.444444444444,6463.573143221772,2.0,0.2156862745055748,CustomerId_4702,0
85.0,31.0,235000.0,31.0,235000.0,580.0,7561.935483870968,10850.337066762744,3.0,0.002468085106372476,CustomerId_4703,1
1.0,32.0,32230.0,32.0,32230.0,23319.54,278.451875,3064.018842681299,4.0,0.7235352156151557,CustomerId_4704,0
65.0,1.0,130000.0,1.0,130000.0,-0.0,130000.0,0.0,1.0,-0.0,CustomerId_4706,1
0.0,51.0,198610.0,51.0,198610.0,33352.0,3240.3529411764707,8649.508757897247,4.0,0.16792709329757852,CustomerId_4708,0
46.0,6.0,30000.0,6.0,30000.0,11000.0,3166.6666666666665,7626.707459098367,2.0,0.3666666666544444,CustomerId_4709,1
0.0,88.0,107800.0,88.0,107800.0,1747.0,1205.1477272727273,3541.659908709514,3.0,0.016205936920072304,CustomerId_471,0
0.0,30.0,175000.0,30.0,175000.0,56200.0,3960.0,7724.9974891191105,2.0,0.32114285714102203,CustomerId_4710,0
0.0,293.0,2207200.0,293.0,2207200.0,81778.0,7254.0,23860.236101554354,4.0,0.037050561797736026,CustomerId_4711,0
0.0,17.0,75600.0,17.0,75600.0,26000.0,2917.6470588235293,6398.460292730358,2.0,0.3439153439107948,CustomerId_4712,0
2.0,21.0,49000.0,21.0,49000.0,1700.0,2252.3809523809523,2734.397382901587,3.0,0.03469387755031237,CustomerId_4713,0
56.0,1.0,1000.0,1.0,1000.0,-0.0,1000.0,0.0,1.0,-0.0,CustomerId_4714,1
46.0,5.0,25000.0,5.0,25000.0,6000.0,3800.0,6685.805860178712,2.0,0.2399999999904,CustomerId_4715,1
4.0,1.0,10000.0,1.0,10000.0,-0.0,10000.0,0.0,1.0,-0.0,CustomerId_4716,0
7.0,1.0,10000.0,1.0,10000.0,-0.0,10000.0,0.0,1.0,-0.0,CustomerId_4717,0
11.0,21.0,126000.0,21.0,126000.0,26000.0,4761.9047619047615,6268.211562357815,2.0,0.20634920634756868,CustomerId_4719,0
42.0,3.0,2000.0,3.0,2000.0,1100.0,300.0,1539.4804318340653,2.0,0.549999999725,CustomerId_4721,1
36.0,62.0,79700.0,62.0,79700.0,2190.0,1250.1612903225807,1879.0872321470283,3.0,0.02747804265963014,CustomerId_4722,0
4.0,23.0,126000.0,23.0,126000.0,26000.0,4347.826086956522,6109.6696507345405,2.0,0.20634920634756868,CustomerId_4725,0
32.0,4.0,20000.0,4.0,20000.0,6000.0,3500.0,7681.145747868608,2.0,0.299999999985,CustomerId_4727,0
1.0,49.0,176872.0,49.0,176872.0,8434.5,3437.5,12657.081160362368,4.0,0.047687027906917506,CustomerId_4728,0
56.0,3.0,3000.0,3.0,3000.0,-0.0,1000.0,0.0,1.0,-0.0,CustomerId_473,1
2.0,5.0,6580.0,5.0,6580.0,1050.0,1106.0,2303.406173474405,2.0,0.15957446806085493,CustomerId_4730,0
65.0,57.0,92905.0,57.0,92905.0,7165.0,1504.2105263157894,3094.062255450188,3.0,0.0771217910760764,CustomerId_4732,1
48.0,4.0,3000.0,4.0,3000.0,1050.0,487.5,1297.674201536477,2.0,0.34999999988333336,CustomerId_4734,1
15.0,8.0,33000.0,8.0,33000.0,1500.0,3937.5,5128.265510175653,2.0,0.045454545453168044,CustomerId_4737,0
4.0,21.0,24700.0,21.0,24700.0,600.0,1147.6190476190477,1610.4864319884994,2.0,0.02429149797472504,CustomerId_4738,0
43.0,12.0,23000.0,12.0,23000.0,1500.0,1791.6666666666667,3068.448922155751,2.0,0.06521739130151229,CustomerId_474,1
48.0,7.0,4500.0,7.0,4500.0,1040.0,494.2857142857143,960.9519090092757,2.0,0.23111111105975307,CustomerId_4740,1
5.0,30.0,186000.0,30.0,186000.0,36000.0,5000.0,6192.320048754497,2.0,0.1935483870957336,CustomerId_4741,0
44.0,7.0,12000.0,7.0,12000.0,1300.0,1528.5714285714287,2473.5024329307394,2.0,0.10833333332430556,CustomerId_4742,1
64.0,2.0,1500.0,2.0,1500.0,-0.0,750.0,353.5533905932738,2.0,-0.0,CustomerId_4744,1
74.0,8.0,40000.0,8.0,40000.0,6000.0,4250.0,5092.010548749033,2.0,0.14999999999625,CustomerId_4746,1
1.0,123.0,75600.0,123.0,75600.0,3105.0,589.390243902439,636.4858005723834,2.0,0.041071428570885304,CustomerId_4748,0
35.0,7.0,6500.0,7.0,6500.0,1000.0,785.7142857142857,906.3269671749657,2.0,0.1538461538224852,CustomerId_4749,0
55.0,1.0,10000.0,1.0,10000.0,-0.0,10000.0,0.0,1.0,-0.0,CustomerId_4750,1
5.0,44.0,24745.0,44.0,24745.0,8220.0,375.5681818181818,1103.8137987087648,3.0,0.33218832085947914,CustomerId_4753,0
50.0,3.0,600.0,3.0,600.0,1030.0,-143.33333333333334,805.9983457385836,2.0,1.7166666638055557,CustomerId_4754,1
49.0,1.0,5000.0,1.0,5000.0,-0.0,5000.0,0.0,1.0,-0.0,CustomerId_4755,1
76.0,2.0,10000.0,2.0,10000.0,-0.0,5000.0,0.0,1.0,-0.0,CustomerId_4756,1
2.0,16.0,13000.0,16.0,13000.0,1230.0,735.625,960.9437635297221,2.0,0.0946153846081065,CustomerId_4757,0
1.0,47.0,19550.0,47.0,19550.0,755.0,399.8936170212766,482.65061780900623,2.0,0.03861892582922665,CustomerId_4759,0
11.0,5.0,26000.0,5.0,26000.0,6000.0,4000.0,6745.368781616021,2.0,0.23076923076035502,CustomerId_476,0
62.0,1.0,5000.0,1.0,5000.0,-0.0,5000.0,0.0,1.0,-0.0,CustomerId_4763,1
19.0,10.0,20400.0,10.0,20400.0,1925.0,1847.5,2537.39942329412,2.0,0.0943627450934136,CustomerId_4766,0
43.0,33.0,26500.0,33.0,26500.0,1510.0,757.2727272727273,957.7537938037387,4.0,0.056981132073321464,CustomerId_4768,1
67.0,1.0,130000.0,1.0,130000.0,-0.0,130000.0,0.0,1.0,-0.0,CustomerId_4769,1
67.0,6.0,30000.0,6.0,30000.0,11000.0,3166.6666666666665,7626.707459098367,2.0,0.3666666666544444,CustomerId_4770,1
82.0,1.0,500.0,1.0,500.0,-0.0,500.0,0.0,1.0,-0.0,CustomerId_4772,1
53.0,4.0,16000.0,4.0,16000.0,-0.0,4000.0,1154.7005383792514,1.0,-0.0,CustomerId_4773,1
5.0,78.0,622100.0,78.0,622100.0,112100.0,6538.461538461538,8760.688918667889,2.0,0.1801961099498791,CustomerId_4774,0
1.0,88.0,230360.0,88.0,230360.0,42250.0,2137.6136363636365,5854.37433356572,4.0,0.18340857787730766,CustomerId_4775,0
84.0,4.0,1500.0,4.0,1500.0,60.0,360.0,494.70529947973404,2.0,0.03999999997333333,CustomerId_4776,1
37.0,10.0,9000.0,10.0,9000.0,1000.0,800.0,752.772652709081,2.0,0.11111111109876542,CustomerId_4777,1
25.0,5.0,26000.0,5.0,26000.0,6000.0,4000.0,6745.368781616021,2.0,0.23076923076035502,CustomerId_4779,0
46.0,5.0,25200.0,5.0,25200.0,6000.0,3840.0,6732.235884162112,2.0,0.23809523808578986,CustomerId_478,1
55.0,18.0,6620.0,18.0,6620.0,14396.0,-432.0,3181.996062407443,3.0,2.1746223561669753,CustomerId_4781,1
0.0,73.0,91000.0,73.0,91000.0,2190.0,1216.5753424657535,1664.6865063379234,3.0,0.024065934065669606,CustomerId_4782,0
5.0,1.0,1000.0,1.0,1000.0,-0.0,1000.0,0.0,1.0,-0.0,CustomerId_4784,0
0.0,122.0,136960.0,122.0,136960.0,1935.0,1106.7622950819673,1295.1005771803475,2.0,0.014128212616719274,CustomerId_4785,0
28.0,1.0,500.0,1.0,500.0,-0.0,500.0,0.0,1.0,-0.0,CustomerId_4786,0
14.0,7.0,8500.0,7.0,8500.0,1075.0,1060.7142857142858,1181.7939349827045,2.0,0.1264705882204152,CustomerId_4787,0
53.0,6.0,30000.0,6.0,30000.0,11000.0,3166.6666666666665,7626.707459098367,2.0,0.3666666666544444,CustomerId_4788,1
82.0,1.0,500.0,1.0,500.0,-0.0,500.0,0.0,1.0,-0.0,CustomerId_4789,1
37.0,1.0,10000.0,1.0,10000.0,-0.0,10000.0,0.0,1.0,-0.0,CustomerId_4790,1
5.0,49.0,53035.0,49.0,53035.0,1695.0,1047.7551020408164,2008.7016591425859,3.0,0.0319600263970593,CustomerId_4791,0
74.0,1.0,10000.0,1.0,10000.0,-0.0,10000.0,0.0,1.0,-0.0,CustomerId_4792,1
45.0,40.0,40000.0,40.0,40000.0,1565.0,960.875,3184.8654295726815,4.0,0.03912499999902187,CustomerId_4794,1
62.0,4.0,1500.0,4.0,1500.0,10.0,372.5,255.0,2.0,0.006666666662222221,CustomerId_4796,1
14.0,6.0,4000.0,6.0,4000.0,1020.0,496.6666666666667,839.08680520353,3.0,0.25499999993625,CustomerId_4799,0
0.0,13.0,86000.0,13.0,86000.0,26000.0,4615.384615384615,9197.26826779254,2.0,0.30232558139183346,CustomerId_480,0
2.0,249.0,212000.0,249.0,212000.0,7030.0,823.1726907630522,885.8433961355724,2.0,0.033160377358334145,CustomerId_4801,0
54.0,8.0,24000.0,8.0,24000.0,3000.0,2625.0,2875.388172552906,3.0,0.12499999999479167,CustomerId_4803,1
11.0,17.0,101000.0,17.0,101000.0,21000.0,4705.882352941177,6302.427170169769,2.0,0.2079207920771493,CustomerId_4805,0
14.0,24.0,70650.0,24.0,70650.0,1737.5,2871.3541666666665,10091.91553808334,3.0,0.024593064401633506,CustomerId_4806,0
59.0,3.0,80000.0,3.0,80000.0,6000.0,24666.666666666668,47961.7903474561,2.0,0.07499999999906251,CustomerId_4808,1
2.0,40.0,185096.0,40.0,185096.0,31612.0,3837.1,7901.676994352334,4.0,0.17078705104286,CustomerId_4809,0
3.0,62.0,364500.0,62.0,364500.0,40054.0,5233.0,14398.86772301621,5.0,0.10988751714647493,CustomerId_4812,0
0.0,122.0,203885.0,122.0,203885.0,13459.0,1560.8688524590164,3763.518425799967,3.0,0.06601270323924754,CustomerId_4813,0
19.0,81.0,197100.0,81.0,197100.0,23436.0,2144.0,5863.301987788111,5.0,0.11890410958843782,CustomerId_4814,0
53.0,7.0,50000.0,7.0,50000.0,11000.0,5571.428571428572,9431.456989902512,2.0,0.2199999999956,CustomerId_4815,1
20.0,19.0,26710.0,19.0,26710.0,14550.0,640.0,3071.6838487491946,3.0,0.5447397978081341,CustomerId_4816,0
1.0,186.0,486984.0,186.0,486984.0,82290.0,2175.7741935483873,3746.9188383481514,4.0,0.16897885762125864,CustomerId_4817,0
50.0,16.0,118000.0,16.0,118000.0,6848.0,6947.0,7475.59588706256,4.0,0.058033898304592935,CustomerId_4818,1
11.0,1.0,10000.0,1.0,10000.0,-0.0,10000.0,0.0,1.0,-0.0,CustomerId_482,0
3.0,16.0,8540.0,16.0,8540.0,1060.0,467.5,567.7851706411501,2.0,0.12412177984495061,CustomerId_4822,0
87.0,2.0,2500.0,2.0,2500.0,-0.0,1250.0,1060.6601717798212,2.0,-0.0,CustomerId_4823,1
11.0,92.0,659000.0,92.0,659000.0,106000.0,6010.869565217391,8069.321315221889,4.0,0.16084977238215348,CustomerId_4824,0
15.0,1.0,1000.0,1.0,1000.0,-0.0,1000.0,0.0,1.0,-0.0,CustomerId_4825,0
11.0,1.0,10000.0,1.0,10000.0,-0.0,10000.0,0.0,1.0,-0.0,CustomerId_4826,0
5.0,100.0,106851.0,100.0,106851.0,1601.0,1052.5,1892.7519353810965,3.0,0.014983481670597529,CustomerId_4827,0
19.0,11.0,12000.0,11.0,12000.0,1450.0,959.0909090909091,1301.3105282403162,2.0,0.12083333332326389,CustomerId_4828,0
1.0,84.0,95400.0,84.0,95400.0,2240.0,1109.047619047619,1704.73940279447,2.0,0.023480083857196226,CustomerId_483,0
15.0,1.0,2000.0,1.0,2000.0,-0.0,2000.0,0.0,1.0,-0.0,CustomerId_4830,0
54.0,1.0,1000.0,1.0,1000.0,-0.0,1000.0,0.0,1.0,-0.0,CustomerId_4831,1
4.0,21.0,102000.0,21.0,102000.0,21000.0,3857.1428571428573,5839.826318356688,2.0,0.20588235293915802,CustomerId_4832,0
4.0,47.0,238213.0,47.0,238213.0,36701.7,4287.474468085106,8715.923102461931,2.0,0.154070936514153,CustomerId_4833,0
4.0,77.0,421554.0,77.0,421554.0,126000.0,3838.3636363636365,7681.774414515334,4.0,0.2988940918594085,CustomerId_4834,0
61.0,10.0,50700.0,10.0,50700.0,11700.0,3900.0,6779.70828608757,2.0,0.23076923076467912,CustomerId_4835,1
82.0,1.0,2000.0,1.0,2000.0,-0.0,2000.0,0.0,1.0,-0.0,CustomerId_4836,1
11.0,12.0,51000.0,12.0,51000.0,11000.0,3333.3333333333335,5698.218754110531,2.0,0.2156862745055748,CustomerId_4837,0
29.0,1.0,2000.0,1.0,2000.0,-0.0,2000.0,0.0,1.0,-0.0,CustomerId_4838,0
13.0,17.0,12100.0,17.0,12100.0,1161.0,643.4705882352941,1276.6345462605507,2.0,0.09595041321521071,CustomerId_4839,0
0.0,434.0,972984.0,434.0,972984.0,47417.8,2132.641013824885,7530.796930447946,5.0,0.04873440878776143,CustomerId_4840,0
5.0,137.0,197800.0,137.0,197800.0,13808.0,1343.007299270073,3521.628305069116,2.0,0.06980788675394435,CustomerId_4841,0
6.0,38.0,44920.0,38.0,44920.0,2191.0,1124.4473684210527,1392.2238616468376,4.0,0.04877560106748051,CustomerId_4843,0
38.0,2.0,1200.0,2.0,1200.0,-0.0,600.0,0.0,1.0,-0.0,CustomerId_4845,1
4.0,184.0,900128.0,184.0,900128.0,162996.0,4006.1521739130435,8199.221329062053,4.0,0.1810809129366256,CustomerId_4846,0
12.0,26.0,126000.0,26.0,126000.0,26000.0,3846.153846153846,5801.3261083466605,2.0,0.20634920634756868,CustomerId_4847,0
62.0,6.0,36000.0,6.0,36000.0,1040.0,5826.666666666667,13347.668960034433,3.0,0.02888888888808642,CustomerId_4848,1
42.0,23.0,14900.0,23.0,14900.0,560.0,623.4782608695652,667.5045706050679,2.0,0.037583892614927256,CustomerId_485,1
54.0,6.0,19120.0,6.0,19120.0,28040.0,-1486.6666666666667,11093.736370883647,2.0,1.4665271965760185,CustomerId_4851,1
34.0,13.0,76000.0,13.0,76000.0,26000.0,3846.153846153846,9397.217264046432,4.0,0.3421052631533934,CustomerId_4854,0
83.0,4.0,1500.0,4.0,1500.0,75.0,356.25,498.48729505708906,2.0,0.04999999996666666,CustomerId_4855,1
63.0,9.0,5000.0,9.0,5000.0,55.0,549.4444444444445,472.24493409435087,3.0,0.010999999997799999,CustomerId_4856,1
12.0,6.0,26000.0,6.0,26000.0,6000.0,3333.3333333333335,6088.2400303098,2.0,0.23076923076035502,CustomerId_4857,0
35.0,71.0,208600.0,71.0,208600.0,13456.0,2748.507042253521,7461.487951710512,5.0,0.06450623202270131,CustomerId_4858,0
66.0,1.0,200000.0,1.0,200000.0,-0.0,200000.0,0.0,1.0,-0.0,CustomerId_4859,1
0.0,75.0,84700.0,75.0,84700.0,7965.0,1023.1333333333333,1720.0773421747822,2.0,0.09403778040030653,CustomerId_4861,0
32.0,3.0,500.0,3.0,500.0,1010.0,-170.0,762.6925986267338,2.0,2.01999999596,CustomerId_4863,0
36.0,30.0,101600.0,30.0,101600.0,1000.0,3353.3333333333335,3178.563255279985,2.0,0.009842519684942496,CustomerId_4864,0
82.0,3.0,10000.0,3.0,10000.0,7000.0,1000.0,7937.253933193771,2.0,0.69999999993,CustomerId_4865,1
18.0,4.0,16000.0,4.0,16000.0,6000.0,2500.0,6757.711644237764,2.0,0.37499999997656247,CustomerId_4866,0
4.0,48.0,159619.0,48.0,159619.0,25689.0,2790.2083333333335,4930.42978558334,2.0,0.16093948715277667,CustomerId_4867,0
35.0,1.0,1000.0,1.0,1000.0,-0.0,1000.0,0.0,1.0,-0.0,CustomerId_4868,0
30.0,1.0,5000.0,1.0,5000.0,-0.0,5000.0,0.0,1.0,-0.0,CustomerId_487,0
7.0,17.0,14150.0,17.0,14150.0,1277.0,757.2352941176471,945.0753626967908,2.0,0.09024734981694364,CustomerId_4870,0
88.0,7.0,30700.0,7.0,30700.0,10700.0,2857.1428571428573,7160.506765785306,2.0,0.34853420194304446,CustomerId_4872,1
3.0,194.0,925651.0,194.0,925651.0,50417.0,4511.515463917526,13454.37190249187,5.0,0.0544665322026828,CustomerId_4873,0
60.0,2.0,10000.0,2.0,10000.0,-0.0,5000.0,0.0,2.0,-0.0,CustomerId_4875,1
11.0,1.0,5000.0,1.0,5000.0,-0.0,5000.0,0.0,1.0,-0.0,CustomerId_4876,0
4.0,15.0,113000.0,15.0,113000.0,21745.0,6083.666666666667,12511.11683758926,3.0,0.19243362831688113,CustomerId_4877,0
48.0,205.0,50858900.0,205.0,50858900.0,53940.0,247829.07317073172,481438.10289510206,2.0,0.0010605813338471525,CustomerId_4878,0
13.0,8.0,3000.0,8.0,3000.0,1045.0,244.375,600.389382579577,2.0,0.34833333321722226,CustomerId_4879,0
0.0,11.0,69000.0,11.0,69000.0,2448.0,6050.181818181818,7335.23335440914,3.0,0.035478260869051044,CustomerId_488,0
61.0,6.0,30000.0,6.0,30000.0,11000.0,3166.6666666666665,7626.707459098367,2.0,0.3666666666544444,CustomerId_4880,1
1.0,108.0,220913.0,108.0,220913.0,59254.0,1496.8425925925926,4314.989880240755,4.0,0.26822323720076124,CustomerId_4882,0
61.0,1.0,500.0,1.0,500.0,-0.0,500.0,0.0,1.0,-0.0,CustomerId_4884,1
56.0,5.0,190000.0,5.0,190000.0,7500.0,36500.0,40218.15510438041,2.0,0.039473684210318556,CustomerId_4887,1
4.0,136.0,1176000.0,136.0,1176000.0,35940.0,8382.79411764706,18238.011818672538,3.0,0.03056122448976993,CustomerId_4888,0
15.0,10.0,500000.0,10.0,500000.0,6887.0,49311.3,53431.07485983955,2.0,0.013773999999972452,CustomerId_4889,0
81.0,1.0,50000.0,1.0,50000.0,-0.0,50000.0,0.0,1.0,-0.0,CustomerId_489,1
0.0,22.0,64050.0,22.0,64050.0,11200.0,2402.2727272727275,4769.208711264556,2.0,0.17486338797541195,CustomerId_4891,0
12.0,23.0,148000.0,23.0,148000.0,21180.0,5513.913043478261,5892.051455624876,2.0,0.14310810810714114,CustomerId_4892,0
27.0,1.0,2000.0,1.0,2000.0,-0.0,2000.0,0.0,1.0,-0.0,CustomerId_4893,0
66.0,3.0,2000.0,3.0,2000.0,20.0,660.0,588.8972745734183,2.0,0.009999999995,CustomerId_4894,1
51.0,23.0,27500.0,23.0,27500.0,6875.0,896.7391304347826,2627.350726101231,2.0,0.24999999999090908,CustomerId_4895,1
1.0,34.0,161700.0,34.0,161700.0,14900.0,4317.64705882353,5521.224643919812,2.0,0.09214594928823656,CustomerId_4896,0
25.0,19.0,155682.0,19.0,155682.0,24562.0,6901.0526315789475,12268.155586602088,5.0,0.15777032669057584,CustomerId_4898,0
41.0,10.0,10000.0,10.0,10000.0,1190.0,881.0,1691.544002120876,3.0,0.1189999999881,CustomerId_4900,1
12.0,24.0,146000.0,24.0,146000.0,31000.0,4791.666666666667,6379.172405548399,2.0,0.21232876712183335,CustomerId_4901,0
28.0,3.0,15000.0,3.0,15000.0,250.0,4916.666666666667,5125.508104893926,3.0,0.016666666665555555,CustomerId_4902,0
53.0,4.0,4000.0,4.0,4000.0,1040.0,740.0,1506.784656146989,2.0,0.259999999935,CustomerId_4903,1
83.0,8.0,4000.0,8.0,4000.0,140.0,482.5,553.3469590978676,2.0,0.03499999999125,CustomerId_4904,1
87.0,1.0,500.0,1.0,500.0,-0.0,500.0,0.0,1.0,-0.0,CustomerId_4906,1
6.0,98.0,110394.0,98.0,110394.0,1948.5,1106.5867346938776,2082.3957419051485,2.0,0.01765041578330661,CustomerId_4908,0
30.0,3.0,1000.0,3.0,1000.0,1050.0,-16.666666666666668,1000.4165798972613,2.0,1.04999999895,CustomerId_491,0
28.0,2.0,500.0,2.0,500.0,10.0,245.0,360.62445840513925,2.0,0.01999999996,CustomerId_4911,0
28.0,61.0,681500.0,61.0,681500.0,6834.0,11060.098360655738,24746.897093511147,4.0,0.010027879677167971,CustomerId_4912,0
56.0,1.0,10000.0,1.0,10000.0,-0.0,10000.0,0.0,1.0,-0.0,CustomerId_4913,1
25.0,3.0,3000.0,3.0,3000.0,50.0,983.3333333333334,1025.1016209787854,2.0,0.01666666666111111,CustomerId_4915,0
0.0,11.0,29500.0,11.0,29500.0,300.0,2654.5454545454545,2642.011974372424,2.0,0.010169491525079,CustomerId_4917,0
5.0,39.0,1287055.0,39.0,1287055.0,5140.8,32869.59487179487,89915.91266072735,3.0,0.0039942349006033195,CustomerId_492,0
4.0,86.0,514005.0,86.0,514005.0,62015.0,5255.697674418605,9199.109950641667,3.0,0.12065057732877958,CustomerId_4920,0
62.0,2.0,15000.0,2.0,15000.0,-0.0,7500.0,3535.5339059327375,2.0,-0.0,CustomerId_4921,1
48.0,1.0,2000.0,1.0,2000.0,-0.0,2000.0,0.0,1.0,-0.0,CustomerId_4922,1
63.0,10.0,21550.0,10.0,21550.0,1020.0,2053.0,4597.158663541838,3.0,0.04733178654072706,CustomerId_4923,1
10.0,9.0,4700.0,9.0,4700.0,1035.0,407.22222222222223,612.245411942339,2.0,0.22021276591059302,CustomerId_4924,0
33.0,5.0,5988800.0,5.0,5988800.0,-0.0,1197760.0,2132208.9691209914,1.0,-0.0,CustomerId_4925,0
1.0,108.0,386404.0,108.0,386404.0,29338.0,3306.1666666666665,8119.927294113058,4.0,0.07592571505451308,CustomerId_4926,0
2.0,68.0,121650.0,68.0,121650.0,1538.0,1766.3529411764705,3657.025762257099,3.0,0.012642827784524104,CustomerId_4927,0
3.0,75.0,80500.0,75.0,80500.0,2100.0,1045.3333333333333,1532.7297088398725,3.0,0.026086956521415072,CustomerId_4928,0
19.0,10.0,51000.0,10.0,51000.0,11000.0,4000.0,6164.414002968976,2.0,0.2156862745055748,CustomerId_4929,0
29.0,7.0,32000.0,7.0,32000.0,1350.0,4378.571428571428,7312.880026755142,2.0,0.04218749999868164,CustomerId_493,0
12.0,1.0,2500.0,1.0,2500.0,-0.0,2500.0,0.0,1.0,-0.0,CustomerId_4931,0
7.0,1.0,10000.0,1.0,10000.0,-0.0,10000.0,0.0,1.0,-0.0,CustomerId_4932,0
25.0,6.0,3000.0,6.0,3000.0,1090.0,318.3333333333333,989.412283462595,2.0,0.3633333332122222,CustomerId_4933,0
21.0,18.0,22000.0,18.0,22000.0,160.0,1213.3333333333333,1057.3885701270344,2.0,0.007272727272396694,CustomerId_4934,0
6.0,6.0,0.0,6.0,0.0,13600.0,-2266.6666666666665,1751.1900715418262,2.0,13600000000.0,CustomerId_4935,0
2.0,35.0,71000.0,35.0,71000.0,390.0,2017.4285714285713,4263.607518948038,3.0,0.005492957746401508,CustomerId_4936,0
13.0,19.0,28000.0,19.0,28000.0,1836.0,1377.0526315789473,2573.827790874134,4.0,0.06557142856908674,CustomerId_4938,0
50.0,17.0,144000.0,17.0,144000.0,3381.0,8271.70588235294,15162.804472477652,4.0,0.023479166666503615,CustomerId_4939,1
4.0,5.0,26000.0,5.0,26000.0,6000.0,4000.0,6745.368781616021,2.0,0.23076923076035502,CustomerId_494,0
54.0,20.0,101400.0,20.0,101400.0,31400.0,3500.0,7013.37068898063,2.0,0.30966469427702503,CustomerId_4940,1
2.0,11.0,40230.0,11.0,40230.0,1240.0,3544.5454545454545,5697.628214680849,3.0,0.03082276907703647,CustomerId_4941,0
23.0,16.0,110000.0,16.0,110000.0,1250.0,6796.875,7515.505499742959,3.0,0.01136363636353306,CustomerId_4942,0
7.0,174.0,767400.0,174.0,767400.0,30990.0,4232.241379310345,8177.188258456057,4.0,0.04038311180604589,CustomerId_4943,0
22.0,177.0,635655.0,177.0,635655.0,10667.0,3531.005649717514,16276.252769301513,4.0,0.01678111554220956,CustomerId_4944,0
0.0,60.0,74937.0,60.0,74937.0,2006.45,1215.5091666666667,1203.3913295663906,3.0,0.02677515779886071,CustomerId_4945,0
15.0,35.0,62200.0,35.0,62200.0,745.0,1755.857142857143,5028.969676623967,3.0,0.011977491961222227,CustomerId_4946,0
4.0,9.0,12400.0,9.0,12400.0,40.0,1373.3333333333333,1341.0070842467612,2.0,0.0032258064513527576,CustomerId_4947,0
76.0,8.0,7500.0,8.0,7500.0,-0.0,937.5,176.77669529663686,2.0,-0.0,CustomerId_4948,1
40.0,2.0,4000.0,2.0,4000.0,-0.0,2000.0,2121.3203435596424,2.0,-0.0,CustomerId_4949,1
32.0,1.0,1000.0,1.0,1000.0,-0.0,1000.0,0.0,1.0,-0.0,CustomerId_495,0
34.0,1.0,2000.0,1.0,2000.0,-0.0,2000.0,0.0,1.0,-0.0,CustomerId_4951,0
80.0,2.0,1600.0,2.0,1600.0,80.0,760.0,1187.9393923933999,2.0,0.04999999996874999,CustomerId_4953,1
4.0,68.0,84100.0,68.0,84100.0,2373.0,1201.8676470588234,1600.9998266420314,3.0,0.02821640903652537,CustomerId_4954,0
33.0,2.0,2000.0,2.0,2000.0,-0.0,1000.0,0.0,1.0,-0.0,CustomerId_4955,0
5.0,4.0,4000.0,4.0,4000.0,1040.0,740.0,1506.784656146989,2.0,0.259999999935,CustomerId_4956,0
52.0,1.0,1000.0,1.0,1000.0,-0.0,1000.0,0.0,1.0,-0.0,CustomerId_4957,1
0.0,15.0,10700.0,15.0,10700.0,1323.0,625.1333333333333,898.1104662143792,3.0,0.12364485980152852,CustomerId_4958,0
2.0,20.0,22000.0,20.0,22000.0,700.0,1065.0,1109.4213759765423,2.0,0.031818181816735534,CustomerId_4959,0
0.0,24.0,35500.0,24.0,35500.0,14370.0,880.4166666666666,3687.0708052854648,4.0,0.4047887323829637,CustomerId_496,0
4.0,10.0,51000.0,10.0,51000.0,11000.0,4000.0,6164.414002968976,2.0,0.2156862745055748,CustomerId_4961,0
53.0,1.0,10000.0,1.0,10000.0,-0.0,10000.0,0.0,1.0,-0.0,CustomerId_4963,1
85.0,3.0,2000.0,3.0,2000.0,50.0,650.0,606.2177826491071,2.0,0.024999999987499997,CustomerId_4965,1
34.0,2.0,500.0,2.0,500.0,1000.0,-250.0,1060.6601717798212,2.0,1.9999999960000001,CustomerId_4966,0
4.0,5.0,26000.0,5.0,26000.0,6000.0,4000.0,6745.368781616021,2.0,0.23076923076035502,CustomerId_4968,0
7.0,70.0,136900.0,70.0,136900.0,3544.0,1905.0857142857142,5076.677287596845,3.0,0.025887509130563275,CustomerId_4969,0
88.0,4.0,3500.0,4.0,3500.0,50.0,862.5,871.1821470469498,2.0,0.014285714281632654,CustomerId_497,1
85.0,6.0,8450.0,6.0,8450.0,50.0,1400.0,1810.8009277664953,2.0,0.0059171597626133535,CustomerId_4970,1
2.0,57.0,456300.0,57.0,456300.0,61000.0,6935.087719298245,8171.651590976624,3.0,0.13368397983753302,CustomerId_4971,0
58.0,1.0,80000.0,1.0,80000.0,-0.0,80000.0,0.0,1.0,-0.0,CustomerId_4972,1
15.0,2.0,1000.0,2.0,1000.0,-0.0,500.0,0.0,1.0,-0.0,CustomerId_4973,0
46.0,5.0,25000.0,5.0,25000.0,6000.0,3800.0,6685.805860178712,2.0,0.2399999999904,CustomerId_4976,1
69.0,1.0,1000.0,1.0,1000.0,-0.0,1000.0,0.0,1.0,-0.0,CustomerId_4977,1
0.0,61.0,242100.0,61.0,242100.0,18984.0,3657.6393442622953,6523.785869244908,4.0,0.07841387856225356,CustomerId_4978,0
11.0,7.0,8500.0,7.0,8500.0,1425.0,1010.7142857142857,2007.271009296429,2.0,0.16764705880380623,CustomerId_4979,0
4.0,10.0,46000.0,10.0,46000.0,6000.0,4000.0,4109.609335312651,2.0,0.1304347826058601,CustomerId_498,0
1.0,14.0,81500.0,14.0,81500.0,6214.0,5377.571428571428,9616.019460449124,4.0,0.07624539877207062,CustomerId_4980,0
51.0,1.0,1000.0,1.0,1000.0,-0.0,1000.0,0.0,1.0,-0.0,CustomerId_4982,1
13.0,59.0,89903.0,59.0,89903.0,1877.5,1491.957627118644,2578.943261747244,3.0,0.020883619011369103,CustomerId_4983,0
3.0,1.0,5000.0,1.0,5000.0,-0.0,5000.0,0.0,1.0,-0.0,CustomerId_4984,0
14.0,1.0,10000.0,1.0,10000.0,-0.0,10000.0,0.0,1.0,-0.0,CustomerId_4986,0
11.0,85.0,86300.0,85.0,86300.0,3039.5,979.535294117647,1251.7537311713515,4.0,0.03522016222438911,CustomerId_4987,0
3.0,11.0,60000.0,11.0,60000.0,3400.0,5145.454545454545,7150.855002915894,2.0,0.056666666665722225,CustomerId_4989,0
0.0,52.0,132440.0,52.0,132440.0,3000.0,2489.230769230769,2921.979007154291,3.0,0.022651766837642313,CustomerId_4990,0
60.0,1.0,5000.0,1.0,5000.0,-0.0,5000.0,0.0,1.0,-0.0,CustomerId_4993,1
10.0,15.0,13200.0,15.0,13200.0,1200.0,800.0,1097.0740305792626,2.0,0.09090909090220385,CustomerId_4994,0
7.0,86.0,816617.0,86.0,816617.0,131110.0,7971.011627906977,20624.680258332526,5.0,0.16055262136330672,CustomerId_4997,0
33.0,24.0,115405.0,24.0,115405.0,27040.0,3681.875,5593.659806171082,3.0,0.23430527273311985,CustomerId_4998,0
4.0,20.0,166300.0,20.0,166300.0,1613.0,8234.35,13302.70940853384,4.0,0.009699338544740232,CustomerId_4999,0
83.0,1.0,0.0,1.0,0.0,10000.0,-10000.0,0.0,1.0,10000000000.0,CustomerId_5,1
64.0,8.0,17500.0,8.0,17500.0,5000.0,1562.5,4083.394071462751,4.0,0.2857142856979592,CustomerId_500,1
62.0,5.0,47000.0,5.0,47000.0,1800.0,9040.0,9083.391437123031,2.0,0.038297872339610683,CustomerId_5000,1
16.0,7.0,7100.0,7.0,7100.0,82.0,1002.5714285714286,892.3263336438557,2.0,0.011549295773021226,CustomerId_5001,0
53.0,6.0,30000.0,6.0,30000.0,11000.0,3166.6666666666665,7626.707459098367,2.0,0.3666666666544444,CustomerId_5002,1
3.0,1.0,1000.0,1.0,1000.0,-0.0,1000.0,0.0,1.0,-0.0,CustomerId_5003,0
8.0,1.0,12000.0,1.0,12000.0,-0.0,12000.0,0.0,1.0,-0.0,CustomerId_5004,0
0.0,23.0,71000.0,23.0,71000.0,445.0,3067.608695652174,10296.980787586279,2.0,0.006267605633714542,CustomerId_5006,0
2.0,19.0,99300.0,19.0,99300.0,1861.0,5128.368421052632,12057.03992238802,2.0,0.01874118831803886,CustomerId_5007,0
10.0,7.0,5000.0,7.0,5000.0,1070.0,561.4285714285714,982.8941715062473,2.0,0.21399999995719998,CustomerId_5008,0
12.0,9.0,51000.0,9.0,51000.0,11000.0,4444.444444444444,6463.573143221772,2.0,0.2156862745055748,CustomerId_5009,0
55.0,14.0,45000.0,14.0,45000.0,10000.0,2500.0,4815.83925108674,3.0,0.22222222221728394,CustomerId_501,1
13.0,6.0,2500.0,6.0,2500.0,1100.0,233.33333333333334,828.200861305195,2.0,0.439999999824,CustomerId_5010,0
30.0,34.0,42937.0,34.0,42937.0,825.0,1238.5882352941176,1493.8593118141216,2.0,0.019214197544793202,CustomerId_5013,0
9.0,18.0,14100.0,18.0,14100.0,140.0,775.5555555555555,579.5050852156949,2.0,0.009929078013480207,CustomerId_5014,0
0.0,21.0,111000.0,21.0,111000.0,41000.0,3333.3333333333335,7206.478566771244,2.0,0.36936936936604176,CustomerId_5015,0
3.0,24.0,150500.0,24.0,150500.0,14750.0,5656.25,11288.656411945423,3.0,0.09800664451762121,CustomerId_5016,0
0.0,23.0,136000.0,23.0,136000.0,46000.0,3913.0434782608695,8033.526585946836,2.0,0.33823529411516,CustomerId_5018,0
0.0,28.0,41600.0,28.0,41600.0,1630.0,1427.5,1356.3052344103407,2.0,0.039182692306750415,CustomerId_5019,0
28.0,1.0,2000.0,1.0,2000.0,-0.0,2000.0,0.0,1.0,-0.0,CustomerId_502,0
43.0,16.0,22000.0,16.0,22000.0,1380.0,1288.75,2561.944248677815,2.0,0.06272727272442148,CustomerId_5021,1
7.0,24.0,63700.0,24.0,63700.0,255.0,2643.5416666666665,4122.395525389773,3.0,0.004003139717362588,CustomerId_5022,0
68.0,6.0,4000.0,6.0,4000.0,1070.0,488.3333333333333,1055.6593516218509,2.0,0.267499999933125,CustomerId_5024,1
0.0,15.0,91000.0,15.0,91000.0,31000.0,4000.0,8585.70240075241,2.0,0.34065934065559716,CustomerId_5026,0
15.0,33.0,85000.0,33.0,85000.0,2325.0,2505.3030303030305,3391.7740424891267,2.0,0.027352941176148792,CustomerId_5027,0
84.0,2.0,500.0,2.0,500.0,25.0,237.5,371.23106012293744,2.0,0.0499999999,CustomerId_5028,1
2.0,6.0,20000.0,6.0,20000.0,340.0,3276.6666666666665,4028.680511863241,2.0,0.01699999999915,CustomerId_5029,0
67.0,8.0,45000.0,8.0,45000.0,16000.0,3625.0,8416.607731995457,2.0,0.35555555554765433,CustomerId_503,1
40.0,1.0,5000.0,1.0,5000.0,-0.0,5000.0,0.0,1.0,-0.0,CustomerId_5030,1
9.0,24.0,35617.0,24.0,35617.0,1261.34,1431.4858333333334,2266.673502991662,3.0,0.03541398770150731,CustomerId_5031,0
6.0,6.0,398200.0,6.0,398200.0,-0.0,66366.66666666667,31009.783402446825,2.0,-0.0,CustomerId_5032,0
7.0,12.0,6200.0,12.0,6200.0,310.0,490.8333333333333,592.8238790021463,2.0,0.04999999999193548,CustomerId_5033,0
76.0,1.0,2000.0,1.0,2000.0,-0.0,2000.0,0.0,1.0,-0.0,CustomerId_5034,1
24.0,2.0,285400.0,2.0,285400.0,-0.0,142700.0,201101.1685694541,2.0,-0.0,CustomerId_5035,0
4.0,5.0,26000.0,5.0,26000.0,6000.0,4000.0,6745.368781616021,2.0,0.23076923076035502,CustomerId_5036,0
35.0,3.0,1000.0,3.0,1000.0,1000.0,0.0,866.0254037844386,2.0,0.999999999,CustomerId_5037,0
81.0,9.0,51700.0,9.0,51700.0,11700.0,4444.444444444444,8735.00302105144,2.0,0.2263056092799554,CustomerId_5039,1
52.0,1.0,1000.0,1.0,1000.0,-0.0,1000.0,0.0,1.0,-0.0,CustomerId_504,1
1.0,36.0,287058.0,36.0,287058.0,24355.0,7297.305555555556,29543.668032078927,3.0,0.08484348110805187,CustomerId_5040,0
68.0,20.0,185700.0,20.0,185700.0,25700.0,8000.0,10545.091150313545,2.0,0.13839526117319118,CustomerId_5041,1
23.0,4.0,1500.0,4.0,1500.0,75.0,356.25,498.48729505708906,2.0,0.04999999996666666,CustomerId_5042,0
17.0,1.0,5000.0,1.0,5000.0,-0.0,5000.0,0.0,1.0,-0.0,CustomerId_5043,0
11.0,13.0,84000.0,13.0,84000.0,3520.0,6190.7692307692305,7488.281357715379,3.0,0.041904761904263045,CustomerId_5044,0
39.0,1.0,500.0,1.0,500.0,-0.0,500.0,0.0,1.0,-0.0,CustomerId_5045,1
1.0,1.0,8000.0,1.0,8000.0,-0.0,8000.0,0.0,1.0,-0.0,CustomerId_5046,0
20.0,36.0,41500.0,36.0,41500.0,16250.0,701.3888888888889,3184.1656478606565,3.0,0.3915662650508056,CustomerId_5047,0
1.0,26.0,65919.0,26.0,65919.0,11418.9,2096.1576923076923,4845.315618051982,3.0,0.1732262321914285,CustomerId_5048,0
12.0,13.0,11500.0,13.0,11500.0,1275.0,786.5384615384615,1009.5695960312836,2.0,0.11086956520775047,CustomerId_5049,0
83.0,1.0,500.0,1.0,500.0,-0.0,500.0,0.0,1.0,-0.0,CustomerId_505,1
31.0,1.0,1000.0,1.0,1000.0,-0.0,1000.0,0.0,1.0,-0.0,CustomerId_5050,0
0.0,19.0,21100.0,19.0,21100.0,280.0,1095.7894736842106,1286.84504717491,3.0,0.01327014217946587,CustomerId_5051,0
31.0,4.0,11000.0,4.0,11000.0,-0.0,2750.0,2061.5528128088304,2.0,-0.0,CustomerId_5052,0
1.0,132.0,7144400.0,132.0,7144400.0,296370.0,51879.01515151515,137039.2940966334,5.0,0.041482839706617564,CustomerId_5054,0
12.0,17.0,116000.0,17.0,116000.0,16000.0,5882.35294117647,5988.3465261829215,2.0,0.13793103448156957,CustomerId_5056,0
5.0,88.0,120300.0,88.0,120300.0,4670.0,1313.9772727272727,1957.5781364729926,3.0,0.03881961762228745,CustomerId_5057,0
85.0,2.0,1000.0,2.0,1000.0,50.0,475.0,742.4621202458749,2.0,0.04999999995,CustomerId_506,1
43.0,3.0,500.0,3.0,500.0,1010.0,-170.0,762.6925986267338,2.0,2.01999999596,CustomerId_5060,1
1.0,1.0,5000.0,1.0,5000.0,-0.0,5000.0,0.0,1.0,-0.0,CustomerId_5061,0
0.0,39.0,594000.0,39.0,594000.0,31250.0,14429.48717948718,26281.90471635509,2.0,0.05260942760933904,CustomerId_5065,0
71.0,1.0,0.0,1.0,0.0,10000.0,-10000.0,0.0,1.0,10000000000.0,CustomerId_5066,1
33.0,5.0,26200.0,5.0,26200.0,1000.0,5040.0,5099.313679310188,2.0,0.03816793892984092,CustomerId_5067,0
68.0,8.0,90000.0,8.0,90000.0,10000.0,10000.0,10350.983390135314,2.0,0.11111111110987655,CustomerId_5068,1
62.0,5.0,1500.0,5.0,1500.0,1075.0,85.0,744.4796840747234,2.0,0.7166666661888889,CustomerId_5069,1
89.0,2.0,2100.0,2.0,2100.0,-0.0,1050.0,70.71067811865476,2.0,-0.0,CustomerId_507,1
22.0,122.0,1267990.0,122.0,1267990.0,2775.0,10370.61475409836,90674.09879328455,2.0,0.0021885030639025634,CustomerId_5073,0
47.0,29.0,31000.0,29.0,31000.0,1340.0,1022.7586206896551,2536.714194374464,2.0,0.04322580645021852,CustomerId_5074,1
11.0,5.0,25000.0,5.0,25000.0,6000.0,3800.0,6685.805860178712,2.0,0.2399999999904,CustomerId_5076,0
4.0,70.0,340809.0,70.0,340809.0,60600.0,4002.9857142857145,5749.483980608279,3.0,0.17781220566306108,CustomerId_508,0
53.0,6.0,30000.0,6.0,30000.0,11000.0,3166.6666666666665,7626.707459098367,2.0,0.3666666666544444,CustomerId_5080,1
18.0,51.0,46523.0,51.0,46523.0,1827.5,876.3823529411765,1168.7942316260603,3.0,0.03928164563679725,CustomerId_5081,0
46.0,9.0,51000.0,9.0,51000.0,11000.0,4444.444444444444,6554.790444993477,2.0,0.2156862745055748,CustomerId_5082,1
32.0,16.0,53432.0,16.0,53432.0,17545.0,2242.9375,6566.649835532575,4.0,0.32836128162284095,CustomerId_5085,0
74.0,1.0,2000.0,1.0,2000.0,-0.0,2000.0,0.0,1.0,-0.0,CustomerId_5087,1
74.0,1.0,500.0,1.0,500.0,-0.0,500.0,0.0,1.0,-0.0,CustomerId_5089,1
5.0,13.0,82000.0,13.0,82000.0,16000.0,5076.923076923077,6601.281926786878,2.0,0.1951219512171327,CustomerId_509,0
4.0,30.0,147000.0,30.0,147000.0,26000.0,4033.3333333333335,5622.021561394229,3.0,0.17687074829811653,CustomerId_5090,0
80.0,16.0,14000.0,16.0,14000.0,500.0,843.75,862.3369411082886,2.0,0.03571428571173469,CustomerId_5091,1
5.0,11.0,51000.0,11.0,51000.0,11000.0,3636.3636363636365,5903.773831588186,2.0,0.2156862745055748,CustomerId_5092,0
1.0,42.0,51100.0,42.0,51100.0,1665.0,1177.0238095238096,1987.7702483926282,3.0,0.032583170253765496,CustomerId_5094,0
49.0,1.0,50000.0,1.0,50000.0,-0.0,50000.0,0.0,1.0,-0.0,CustomerId_5095,1
5.0,1.0,4000.0,1.0,4000.0,-0.0,4000.0,0.0,1.0,-0.0,CustomerId_5097,0
7.0,1.0,5000.0,1.0,5000.0,-0.0,5000.0,0.0,1.0,-0.0,CustomerId_5099,0
26.0,2.0,40000.0,2.0,40000.0,-0.0,20000.0,0.0,2.0,-0.0,CustomerId_5100,0
76.0,7.0,33000.0,7.0,33000.0,1060.0,4562.857142857143,7748.810046894758,2.0,0.03212121212023875,CustomerId_5101,1
26.0,4.0,3000.0,4.0,3000.0,50.0,737.5,525.0,2.0,0.01666666666111111,CustomerId_5103,0
42.0,8.0,1135000.0,8.0,1135000.0,-0.0,141875.0,162523.34997074815,2.0,-0.0,CustomerId_5105,1
32.0,2.0,100000.0,2.0,100000.0,-0.0,50000.0,0.0,1.0,-0.0,CustomerId_5106,0
9.0,18.0,13700.0,18.0,13700.0,2083.0,645.3888888888889,955.9237687357643,2.0,0.15204379560933987,CustomerId_5107,0
4.0,27.0,136888.0,27.0,136888.0,40500.0,3569.925925925926,6552.515441392458,3.0,0.2958623107920646,CustomerId_5108,0
5.0,1.0,2000.0,1.0,2000.0,-0.0,2000.0,0.0,1.0,-0.0,CustomerId_511,0
46.0,5.0,25000.0,5.0,25000.0,6000.0,3800.0,6685.805860178712,2.0,0.2399999999904,CustomerId_5111,1
67.0,5.0,5000.0,5.0,5000.0,-0.0,1000.0,0.0,1.0,-0.0,CustomerId_5112,1
0.0,20.0,116000.0,20.0,116000.0,36000.0,4000.0,7262.013639842819,2.0,0.31034482758353155,CustomerId_5113,0
66.0,3.0,8000.0,3.0,8000.0,-0.0,2666.6666666666665,2081.6659994661327,2.0,-0.0,CustomerId_5115,1
20.0,17.0,15980.0,17.0,15980.0,1060.0,877.6470588235294,799.0113376210996,3.0,0.06633291614103048,CustomerId_5116,0
11.0,9.0,51000.0,9.0,51000.0,11000.0,4444.444444444444,6463.573143221772,2.0,0.2156862745055748,CustomerId_5118,0
2.0,10.0,40500.0,10.0,40500.0,6040.0,3446.0,7958.237102385036,3.0,0.14913580246545344,CustomerId_5119,0
28.0,1.0,10000.0,1.0,10000.0,-0.0,10000.0,0.0,1.0,-0.0,CustomerId_5120,0
5.0,5.0,26000.0,5.0,26000.0,6000.0,4000.0,6745.368781616021,2.0,0.23076923076035502,CustomerId_5121,0
54.0,79.0,550500.0,79.0,550500.0,166500.0,4860.7594936708865,10627.71434675805,2.0,0.30245231607574485,CustomerId_5122,1
50.0,1.0,800000.0,1.0,800000.0,-0.0,800000.0,0.0,1.0,-0.0,CustomerId_5123,1
19.0,1.0,10000.0,1.0,10000.0,-0.0,10000.0,0.0,1.0,-0.0,CustomerId_5124,0
80.0,2.0,10000.0,2.0,10000.0,-0.0,5000.0,0.0,1.0,-0.0,CustomerId_5126,1
55.0,3.0,2100.0,3.0,2100.0,55.0,681.6666666666666,639.9283814094616,2.0,0.026190476178004535,CustomerId_5127,1
8.0,2.0,56000.0,2.0,56000.0,-0.0,28000.0,0.0,1.0,-0.0,CustomerId_5128,0
0.0,42.0,31900.0,42.0,31900.0,8695.0,552.5,1263.2494153435628,2.0,0.272570532906816,CustomerId_5129,0
82.0,12.0,16000.0,12.0,16000.0,1169.0,1235.9166666666667,1927.283555036765,2.0,0.07306249999543359,CustomerId_513,1
62.0,1.0,1000.0,1.0,1000.0,-0.0,1000.0,0.0,1.0,-0.0,CustomerId_5130,1
37.0,1.0,5000.0,1.0,5000.0,-0.0,5000.0,0.0,1.0,-0.0,CustomerId_5131,1
41.0,1.0,500.0,1.0,500.0,-0.0,500.0,0.0,1.0,-0.0,CustomerId_5132,1
76.0,3.0,1500.0,3.0,1500.0,50.0,483.3333333333333,525.1983752196244,2.0,0.03333333331111111,CustomerId_5133,1
11.0,5.0,26000.0,5.0,26000.0,6000.0,4000.0,6745.368781616021,2.0,0.23076923076035502,CustomerId_5134,0
67.0,1.0,1000.0,1.0,1000.0,-0.0,1000.0,0.0,1.0,-0.0,CustomerId_5137,1
3.0,308.0,2044475.0,308.0,2044475.0,194915.0,6005.064935064935,13064.663344129613,4.0,0.09533743381548059,CustomerId_5138,0
41.0,1.0,1000.0,1.0,1000.0,-0.0,1000.0,0.0,1.0,-0.0,CustomerId_5139,1
35.0,2.0,20000.0,2.0,20000.0,-0.0,10000.0,0.0,1.0,-0.0,CustomerId_514,0
0.0,123.0,197800.0,123.0,197800.0,7775.0,1544.918699186992,4170.157738875892,4.0,0.03930738119292564,CustomerId_5140,0
59.0,4.0,85000.0,4.0,85000.0,6000.0,19750.0,40376.354466444835,3.0,0.0705882352932872,CustomerId_5141,1
41.0,3.0,30000.0,3.0,30000.0,-0.0,10000.0,0.0,1.0,-0.0,CustomerId_5142,1
19.0,2.0,1000.0,2.0,1000.0,-0.0,500.0,0.0,1.0,-0.0,CustomerId_5145,0
62.0,3.0,80000.0,3.0,80000.0,6000.0,24666.666666666668,47961.790347456095,2.0,0.07499999999906251,CustomerId_5146,1
18.0,7.0,36000.0,7.0,36000.0,6000.0,4285.714285714285,6102.302453836194,2.0,0.16666666666203703,CustomerId_5147,0
15.0,221.0,250000.0,221.0,250000.0,4795.0,1109.524886877828,1780.119027063694,3.0,0.01917999999992328,CustomerId_5148,0
3.0,3.0,1000.0,3.0,1000.0,25.0,325.0,303.10889132455355,2.0,0.024999999975,CustomerId_5149,0
0.0,181.0,1299699.0,181.0,1299699.0,145028.0,6379.397790055249,11330.460542115643,4.0,0.11158583641280667,CustomerId_515,0
4.0,12.0,71000.0,12.0,71000.0,21000.0,4166.666666666667,7469.128382072355,2.0,0.29577464788315816,CustomerId_5150,0
31.0,10.0,205800.0,10.0,205800.0,1010.0,20479.0,34672.668855390344,2.0,0.004907677356633102,CustomerId_5152,0
43.0,1.0,10000.0,1.0,10000.0,-0.0,10000.0,0.0,1.0,-0.0,CustomerId_5154,1
0.0,121.0,29744600.0,121.0,29744600.0,18580.0,245669.5867768595,575981.0892329664,2.0,0.0006246511971920745,CustomerId_5155,0
19.0,15.0,8500.0,15.0,8500.0,1250.0,483.3333333333333,641.3341748336228,2.0,0.14705882351211072,CustomerId_5156,0
1.0,23.0,115500.0,23.0,115500.0,36000.0,3456.521739130435,6833.927799586449,2.0,0.3116883116856131,CustomerId_5157,0
2.0,17.0,337600.0,17.0,337600.0,11280.0,19195.29411764706,32421.650774915648,3.0,0.033412322274782545,CustomerId_5159,0
67.0,3.0,1000.0,3.0,1000.0,1050.0,-16.666666666666668,1000.4165798972613,2.0,1.04999999895,CustomerId_516,1
52.0,8.0,10080.0,8.0,10080.0,1100.0,1122.5,1893.21910285856,2.0,0.10912698411615804,CustomerId_5160,1
35.0,5.0,10000.0,5.0,10000.0,1000.0,1800.0,2167.94833886788,2.0,0.09999999998999999,CustomerId_5162,0
53.0,5.0,30000.0,5.0,30000.0,10000.0,4000.0,8215.838362577491,2.0,0.3333333333222222,CustomerId_5163,1
35.0,42.0,82100.0,42.0,82100.0,1307.0,1923.642857142857,3314.4474565919295,3.0,0.015919610231231188,CustomerId_5164,0
18.0,2.0,500.0,2.0,500.0,10.0,245.0,360.62445840513925,2.0,0.01999999996,CustomerId_5165,0
14.0,9.0,194000.0,9.0,194000.0,1840.0,21351.11111111111,31025.94899614049,3.0,0.009484536082425337,CustomerId_5166,0
5.0,4.0,16000.0,4.0,16000.0,6000.0,2500.0,6757.711644237764,2.0,0.37499999997656247,CustomerId_5167,0
4.0,15.0,87200.0,15.0,87200.0,16000.0,4746.666666666667,6172.967180337492,3.0,0.1834862385300059,CustomerId_5168,0
2.0,6.0,2500.0,6.0,2500.0,1010.0,248.33333333333334,689.9396108839285,2.0,0.4039999998384,CustomerId_5169,0
5.0,5.0,26000.0,5.0,26000.0,6000.0,4000.0,6745.368781616021,2.0,0.23076923076035502,CustomerId_517,0
65.0,12.0,14000.0,12.0,14000.0,300.0,1141.6666666666667,1039.4127129676583,2.0,0.021428571427040816,CustomerId_5170,1
1.0,75.0,417096.0,75.0,417096.0,123600.0,3913.28,7099.596095401332,3.0,0.29633465676895404,CustomerId_5171,0
9.0,52.0,322700.0,52.0,322700.0,92000.0,4436.538461538462,7618.193621674055,2.0,0.28509451502855565,CustomerId_5172,0
11.0,14.0,86000.0,14.0,86000.0,16000.0,5000.0,6275.716324421889,2.0,0.18604651162574365,CustomerId_5173,0
0.0,86.0,38100.0,86.0,38100.0,1380.0,426.9767441860465,447.06314797390064,2.0,0.03622047243999421,CustomerId_5174,0
11.0,17.0,101000.0,17.0,101000.0,21000.0,4705.882352941177,6302.427170169769,2.0,0.2079207920771493,CustomerId_5175,0
89.0,4.0,15200.0,4.0,15200.0,5200.0,2500.0,6508.456038109192,2.0,0.3421052631353878,CustomerId_5176,1
14.0,6.0,348000.0,6.0,348000.0,3072.0,57488.0,83052.49506185831,2.0,0.008827586206871185,CustomerId_5177,0
4.0,5.0,26000.0,5.0,26000.0,6000.0,4000.0,6745.368781616021,2.0,0.23076923076035502,CustomerId_5178,0
6.0,1.0,3000.0,1.0,3000.0,-0.0,3000.0,0.0,1.0,-0.0,CustomerId_5179,0
18.0,6.0,26000.0,6.0,26000.0,6000.0,3333.3333333333335,5391.351098441528,2.0,0.23076923076035502,CustomerId_518,0
89.0,2.0,8000.0,2.0,8000.0,622.0,3689.0,6096.674667390413,2.0,0.07774999999028125,CustomerId_5180,1
4.0,9.0,51000.0,9.0,51000.0,11000.0,4444.444444444444,6463.573143221772,2.0,0.2156862745055748,CustomerId_5181,0
52.0,2.0,2000.0,2.0,2000.0,-0.0,1000.0,0.0,1.0,-0.0,CustomerId_5183,1
33.0,1.0,500.0,1.0,500.0,-0.0,500.0,0.0,1.0,-0.0,CustomerId_5184,0
61.0,1.0,80000.0,1.0,80000.0,-0.0,80000.0,0.0,1.0,-0.0,CustomerId_5185,1
53.0,7.0,40000.0,7.0,40000.0,11000.0,4142.857142857143,7425.823667638301,2.0,0.274999999993125,CustomerId_5186,1
27.0,2.0,2000.0,2.0,2000.0,-0.0,1000.0,0.0,2.0,-0.0,CustomerId_5189,0
5.0,1.0,0.0,1.0,0.0,13000.0,-13000.0,0.0,1.0,13000000000.0,CustomerId_5192,0
41.0,50.0,120135.0,50.0,120135.0,20041.0,2001.88,3790.4442130500875,2.0,0.16682066008934265,CustomerId_5194,1
5.0,6.0,26000.0,6.0,26000.0,6000.0,3333.3333333333335,6030.478145774734,2.0,0.23076923076035502,CustomerId_5196,0
85.0,19.0,75700.0,19.0,75700.0,684.0,3948.2105263157896,4168.848596421204,3.0,0.00903566710688196,CustomerId_5198,1
55.0,1.0,5000.0,1.0,5000.0,-0.0,5000.0,0.0,1.0,-0.0,CustomerId_5199,1
26.0,24.0,141485.0,24.0,141485.0,2549.0,5789.0,8859.962905997529,3.0,0.018016044103487887,CustomerId_520,0
4.0,12.0,86600.0,12.0,86600.0,11000.0,6300.0,8081.066536270839,3.0,0.1270207852179328,CustomerId_5200,0
50.0,13.0,13500.0,13.0,13500.0,1160.0,949.2307692307693,1487.2651721558238,3.0,0.08592592591956104,CustomerId_5201,1
4.0,7.0,51000.0,7.0,51000.0,11000.0,5714.285714285715,9516.902257112266,2.0,0.2156862745055748,CustomerId_5202,0
0.0,103.0,364400.0,103.0,364400.0,101400.0,2553.3980582524273,5315.917929956728,3.0,0.27826564215071825,CustomerId_5203,0
6.0,14.0,45000.0,14.0,45000.0,2350.0,3046.4285714285716,4338.710561982597,2.0,0.05222222222106173,CustomerId_5204,0
89.0,5.0,25200.0,5.0,25200.0,5200.0,4000.0,6558.963332722634,2.0,0.2063492063410179,CustomerId_5206,1
4.0,20.0,101000.0,20.0,101000.0,21000.0,4000.0,5936.062845461051,2.0,0.2079207920771493,CustomerId_5207,0
4.0,20.0,170000.0,20.0,170000.0,31000.0,6950.0,9417.089728114966,2.0,0.1823529411753979,CustomerId_5208,0
29.0,2.0,1002000.0,2.0,1002000.0,-0.0,501000.0,705692.5676241744,2.0,-0.0,CustomerId_521,0
71.0,1.0,5000.0,1.0,5000.0,-0.0,5000.0,0.0,1.0,-0.0,CustomerId_5210,1
9.0,72.0,532601.0,72.0,532601.0,4100.0,7340.291666666667,13758.823060323208,3.0,0.007698070412921309,CustomerId_5211,0
88.0,5.0,25200.0,5.0,25200.0,5200.0,4000.0,6558.963332722634,2.0,0.2063492063410179,CustomerId_5212,1
88.0,2.0,2000.0,2.0,2000.0,-0.0,1000.0,0.0,1.0,-0.0,CustomerId_5214,1
4.0,5.0,26000.0,5.0,26000.0,6000.0,4000.0,6745.368781616021,2.0,0.23076923076035502,CustomerId_5216,0
2.0,31.0,41900.0,31.0,41900.0,1433.0,1305.3870967741937,3618.967206975119,2.0,0.03420047732615273,CustomerId_5218,0
81.0,3.0,609000.0,3.0,609000.0,-0.0,203000.0,168008.9283341811,2.0,-0.0,CustomerId_522,1
53.0,6.0,30000.0,6.0,30000.0,11000.0,3166.6666666666665,7626.707459098367,2.0,0.3666666666544444,CustomerId_5221,1
73.0,12.0,25000.0,12.0,25000.0,6000.0,1583.3333333333333,3691.718824448563,2.0,0.2399999999904,CustomerId_5223,1
0.0,27.0,160000.0,27.0,160000.0,50000.0,4074.074074074074,7210.707454494462,2.0,0.31249999999804684,CustomerId_5225,0
1.0,15.0,74000.0,15.0,74000.0,26000.0,3200.0,7062.98196838377,2.0,0.3513513513466034,CustomerId_5226,0
12.0,9.0,46200.0,9.0,46200.0,6200.0,4444.444444444444,5859.844518225528,2.0,0.13419913419622945,CustomerId_5227,0
4.0,36.0,198000.0,36.0,198000.0,36000.0,4500.0,5971.360218337431,2.0,0.18181818181726353,CustomerId_5229,0
49.0,11.0,13000.0,11.0,13000.0,1200.0,1072.7272727272727,1839.9203293028256,3.0,0.09230769230059171,CustomerId_523,1
30.0,19.0,39953.0,19.0,39953.0,25145.0,779.3684210526316,4826.94040672334,3.0,0.6293645032756148,CustomerId_5231,0
11.0,14.0,210800.0,14.0,210800.0,6850.0,14567.857142857143,32410.495730804298,3.0,0.032495256166828766,CustomerId_5232,0
70.0,6.0,20000.0,6.0,20000.0,3000.0,2833.3333333333335,3371.4487489307426,2.0,0.1499999999925,CustomerId_5233,1
0.0,72.0,127390.0,72.0,127390.0,3080.0,1726.5277777777778,2271.5975390678727,2.0,0.024177721956007713,CustomerId_5236,0
18.0,5.0,26000.0,5.0,26000.0,6000.0,4000.0,6745.368781616021,2.0,0.23076923076035502,CustomerId_5237,0
50.0,35.0,276000.0,35.0,276000.0,27000.0,7114.285714285715,18776.974993751428,4.0,0.09782608695616729,CustomerId_5238,1
18.0,6.0,36000.0,6.0,36000.0,6000.0,5000.0,6511.528238439882,2.0,0.16666666666203703,CustomerId_5239,0
24.0,6.0,22000.0,6.0,22000.0,1040.0,3493.3333333333335,8121.336507414691,2.0,0.04727272727057851,CustomerId_524,0
68.0,9.0,50000.0,9.0,50000.0,21000.0,3222.222222222222,9404.49065311059,2.0,0.4199999999916,CustomerId_5240,1
19.0,5.0,26000.0,5.0,26000.0,6000.0,4000.0,6745.368781616021,2.0,0.23076923076035502,CustomerId_5242,0
69.0,2.0,5500.0,2.0,5500.0,-0.0,2750.0,3181.9805153394636,2.0,-0.0,CustomerId_5243,1
32.0,12.0,102000.0,12.0,102000.0,1000.0,8416.666666666666,22642.069987819872,2.0,0.009803921568531335,CustomerId_5245,0
20.0,1.0,1000.0,1.0,1000.0,-0.0,1000.0,0.0,1.0,-0.0,CustomerId_5246,0
0.0,12.0,38000.0,12.0,38000.0,10000.0,2333.3333333333335,5175.700801618926,2.0,0.2631578947299169,CustomerId_5248,0
11.0,9.0,51000.0,9.0,51000.0,11000.0,4444.444444444444,6463.573143221772,2.0,0.2156862745055748,CustomerId_5249,0
11.0,4.0,16000.0,4.0,16000.0,6000.0,2500.0,6757.711644237764,2.0,0.37499999997656247,CustomerId_525,0
53.0,12.0,70000.0,12.0,70000.0,21000.0,4083.3333333333335,7391.128998927557,2.0,0.2999999999957143,CustomerId_5251,1
53.0,6.0,30000.0,6.0,30000.0,11000.0,3166.6666666666665,7626.707459098367,2.0,0.3666666666544444,CustomerId_5253,1
28.0,35.0,370000.0,35.0,370000.0,35350.0,9561.42857142857,17881.93750899578,3.0,0.09554054054028233,CustomerId_5254,0
77.0,1.0,50000.0,1.0,50000.0,-0.0,50000.0,0.0,1.0,-0.0,CustomerId_5255,1
4.0,18.0,101000.0,18.0,101000.0,21000.0,4444.444444444444,6572.869569608464,2.0,0.2079207920771493,CustomerId_5256,0
54.0,12.0,100010.0,12.0,100010.0,20000.0,6667.5,9374.692358588723,2.0,0.19998000199780044,CustomerId_5257,1
0.0,13.0,86000.0,13.0,86000.0,21000.0,5000.0,7756.717518813398,2.0,0.24418604650878856,CustomerId_5258,0
0.0,14.0,76000.0,14.0,76000.0,26000.0,3571.4285714285716,7303.4689936125105,2.0,0.3421052631533934,CustomerId_5259,0
0.0,48.0,310000.0,48.0,310000.0,61000.0,5187.5,6531.938717123371,2.0,0.19677419354775233,CustomerId_5260,0
0.0,43.0,216200.0,43.0,216200.0,57200.0,3697.6744186046512,6451.0053986473795,2.0,0.26456984273698164,CustomerId_5261,0
34.0,28.0,171200.0,28.0,171200.0,51200.0,4285.714285714285,7994.8925495160265,2.0,0.29906542055900076,CustomerId_5262,0
4.0,13.0,71000.0,13.0,71000.0,16000.0,4230.7692307692305,6418.123377772329,2.0,0.22535211267288238,CustomerId_5263,0
77.0,1.0,10000.0,1.0,10000.0,-0.0,10000.0,0.0,1.0,-0.0,CustomerId_5264,1
0.0,18.0,76000.0,18.0,76000.0,26000.0,2777.777777777778,6292.437623197393,2.0,0.3421052631533934,CustomerId_5265,0
4.0,53.0,230490.0,53.0,230490.0,46804.64,3465.761509433962,5112.427030201618,4.0,0.20306581630351395,CustomerId_5266,0
59.0,3.0,80000.0,3.0,80000.0,6000.0,24666.666666666668,47961.7903474561,2.0,0.07499999999906251,CustomerId_5267,1
7.0,15.0,51000.0,15.0,51000.0,11000.0,2666.6666666666665,5174.341457983763,2.0,0.2156862745055748,CustomerId_5269,0
40.0,1.0,2000.0,1.0,2000.0,-0.0,2000.0,0.0,1.0,-0.0,CustomerId_527,1
0.0,35.0,171000.0,35.0,171000.0,51000.0,3428.5714285714284,6464.999496318229,2.0,0.2982456140333436,CustomerId_5271,0
0.0,27.0,161000.0,27.0,161000.0,51000.0,4074.074074074074,7554.549958218892,2.0,0.3167701863334362,CustomerId_5272,0
9.0,9.0,102000.0,9.0,102000.0,2000.0,11111.111111111111,10564.615994493652,2.0,0.01960784313706267,CustomerId_5273,0
19.0,18.0,27650.0,18.0,27650.0,387.5,1514.5833333333333,1644.2306107935674,2.0,0.014014466545605264,CustomerId_5274,0
6.0,3.0,5000.0,3.0,5000.0,1250.0,1250.0,3269.174207655505,2.0,0.24999999995,CustomerId_5276,0
0.0,20.0,116000.0,20.0,116000.0,36000.0,4000.0,7262.013639842819,2.0,0.31034482758353155,CustomerId_5277,0
4.0,5.0,26000.0,5.0,26000.0,6000.0,4000.0,6745.368781616021,2.0,0.23076923076035502,CustomerId_5278,0
3.0,16.0,78800.0,16.0,78800.0,180.0,4913.75,3843.907517097673,2.0,0.002284263959361875,CustomerId_528,0
54.0,11.0,60000.0,11.0,60000.0,21000.0,3545.4545454545455,7501.514998500454,2.0,0.34999999999416664,CustomerId_5280,1
4.0,7.0,26000.0,7.0,26000.0,6000.0,2857.1428571428573,5632.600684958102,2.0,0.23076923076035502,CustomerId_5281,0
53.0,14.0,90000.0,14.0,90000.0,21000.0,4928.571428571428,7130.263623503646,2.0,0.23333333333074077,CustomerId_5282,1
61.0,29.0,2577000.0,29.0,2577000.0,11000.0,88482.75862068965,77883.78278364279,3.0,0.0042685292976312504,CustomerId_5283,1
47.0,11.0,12500.0,11.0,12500.0,1230.0,1024.5454545454545,1404.475799979221,2.0,0.09839999999212799,CustomerId_5284,1
0.0,34.0,175000.0,34.0,175000.0,46000.0,3794.1176470588234,6479.709176810545,2.0,0.2628571428556408,CustomerId_5285,0
0.0,37.0,225000.0,37.0,225000.0,66000.0,4297.2972972972975,7202.873133783586,2.0,0.2933333333320296,CustomerId_5286,0
18.0,4.0,16000.0,4.0,16000.0,6000.0,2500.0,6757.711644237764,2.0,0.37499999997656247,CustomerId_5287,0
82.0,16.0,116400.0,16.0,116400.0,16400.0,6250.0,8935.173939735776,2.0,0.14089347078916759,CustomerId_5289,1
18.0,19.0,19000.0,19.0,19000.0,815.0,957.1052631578947,1337.67970318163,2.0,0.042894736839847646,CustomerId_529,0
32.0,7.0,46000.0,7.0,46000.0,6000.0,5714.285714285715,6369.570517030844,2.0,0.1304347826058601,CustomerId_5290,0
4.0,6.0,26000.0,6.0,26000.0,6000.0,3333.3333333333335,6088.2400303098,2.0,0.23076923076035502,CustomerId_5291,0
4.0,7.0,46000.0,7.0,46000.0,6000.0,5714.285714285715,6237.368187365718,2.0,0.1304347826058601,CustomerId_5292,0
11.0,35.0,236025.0,35.0,236025.0,26025.0,6000.0,5667.246582206336,2.0,0.11026374324707017,CustomerId_5293,0
4.0,7.0,36000.0,7.0,36000.0,6000.0,4285.714285714285,6102.302453836194,2.0,0.16666666666203703,CustomerId_5294,0
32.0,1.0,448000.0,1.0,448000.0,-0.0,448000.0,0.0,1.0,-0.0,CustomerId_5297,0
18.0,6.0,20000.0,6.0,20000.0,-0.0,3333.3333333333335,3265.986323710904,2.0,-0.0,CustomerId_5298,0
0.0,60.0,401100.0,60.0,401100.0,33825.0,6121.25,7904.528075032883,2.0,0.08433059087488325,CustomerId_530,0
19.0,12.0,8620.0,12.0,8620.0,1150.0,622.5,801.2702982821033,2.0,0.13341067283835142,CustomerId_531,0
6.0,1.0,3000.0,1.0,3000.0,-0.0,3000.0,0.0,1.0,-0.0,CustomerId_532,0
0.0,5.0,26000.0,5.0,26000.0,-0.0,5200.0,4751.31560728184,3.0,-0.0,CustomerId_533,0
55.0,1.0,1000.0,1.0,1000.0,-0.0,1000.0,0.0,1.0,-0.0,CustomerId_5338,1
20.0,3.0,3000.0,3.0,3000.0,-0.0,1000.0,0.0,1.0,-0.0,CustomerId_5339,0
80.0,4.0,6000.0,4.0,6000.0,270.0,1432.5,2439.5815898086566,2.0,0.0449999999925,CustomerId_534,1
14.0,1.0,1000.0,1.0,1000.0,-0.0,1000.0,0.0,1.0,-0.0,CustomerId_535,0
0.0,16.0,24300.0,16.0,24300.0,1690.0,1413.125,1668.5591339036603,2.0,0.06954732510001863,CustomerId_539,0
61.0,1.0,10000.0,1.0,10000.0,-0.0,10000.0,0.0,1.0,-0.0,CustomerId_540,1
0.0,28.0,48650.0,28.0,48650.0,1878.5,1670.4107142857142,3366.1027059372364,2.0,0.03861253853980241,CustomerId_541,0
0.0,4.0,11200.0,4.0,11200.0,1060.0,2535.0,5057.624607131956,2.0,0.09464285713440689,CustomerId_542,0
56.0,28.0,50496.0,28.0,50496.0,6196.0,1582.142857142857,2864.3497447618824,5.0,0.12270278833724052,CustomerId_543,1
38.0,5.0,2500.0,5.0,2500.0,-0.0,500.0,0.0,1.0,-0.0,CustomerId_544,1
52.0,1.0,500.0,1.0,500.0,-0.0,500.0,0.0,1.0,-0.0,CustomerId_545,1
53.0,6.0,30000.0,6.0,30000.0,11000.0,3166.6666666666665,7626.707459098367,2.0,0.3666666666544444,CustomerId_546,1
53.0,6.0,30000.0,6.0,30000.0,11000.0,3166.6666666666665,7626.707459098367,2.0,0.3666666666544444,CustomerId_547,1
12.0,33.0,192200.0,33.0,192200.0,31210.0,4878.484848484848,5935.572908959653,2.0,0.16238293444244337,CustomerId_549,0
12.0,22.0,126000.0,22.0,126000.0,26000.0,4545.454545454545,6162.306871134055,2.0,0.20634920634756868,CustomerId_550,0
70.0,7.0,40800.0,7.0,40800.0,1622.0,5596.857142857143,5500.806226623253,3.0,0.03975490195980993,CustomerId_551,1
1.0,182.0,295150.0,182.0,295150.0,36541.0,1420.9285714285713,2764.100788984611,4.0,0.12380484499365134,CustomerId_556,0
23.0,3.0,500.0,3.0,500.0,1025.0,-175.0,761.1668673819164,2.0,2.0499999959,CustomerId_557,0
31.0,13.0,19000.0,13.0,19000.0,1085.0,1378.076923076923,2385.9829721919104,2.0,0.057105263154889195,CustomerId_558,0
0.0,15.0,86000.0,15.0,86000.0,26000.0,4000.0,7230.886134196436,2.0,0.30232558139183346,CustomerId_559,0
53.0,25.0,136700.0,25.0,136700.0,36700.0,4000.0,6850.425777521667,2.0,0.26847110460666807,CustomerId_560,1
33.0,13.0,66000.0,13.0,66000.0,16000.0,3846.153846153846,6488.401881384889,2.0,0.24242424242056934,CustomerId_561,0
11.0,61.0,141750.0,61.0,141750.0,10506.0,2151.5409836065573,11556.259881659766,3.0,0.07411640211587925,CustomerId_563,0
5.0,4.0,16000.0,4.0,16000.0,6000.0,2500.0,6757.711644237764,2.0,0.37499999997656247,CustomerId_565,0
48.0,1.0,50000.0,1.0,50000.0,-0.0,50000.0,0.0,1.0,-0.0,CustomerId_566,1
8.0,22.0,61500.0,22.0,61500.0,635.0,2766.590909090909,3338.2107362947327,2.0,0.010325203251864631,CustomerId_567,0
39.0,1.0,1000.0,1.0,1000.0,-0.0,1000.0,0.0,1.0,-0.0,CustomerId_568,1
6.0,6.0,4000.0,6.0,4000.0,1150.0,475.0,1063.8373935898287,2.0,0.287499999928125,CustomerId_571,0
3.0,33.0,125800.0,33.0,125800.0,2650.0,3731.818181818182,6613.665164143789,3.0,0.021065182829721262,CustomerId_572,0
50.0,1.0,10000.0,1.0,10000.0,-0.0,10000.0,0.0,1.0,-0.0,CustomerId_573,1
14.0,4.0,2000.0,4.0,2000.0,1020.0,245.0,959.218431849597,2.0,0.509999999745,CustomerId_574,0
0.0,9.0,14000.0,9.0,14000.0,1350.0,1405.5555555555557,1777.0137247015787,2.0,0.09642857142168366,CustomerId_575,0
26.0,1.0,500.0,1.0,500.0,-0.0,500.0,0.0,1.0,-0.0,CustomerId_576,0
24.0,1.0,500.0,1.0,500.0,-0.0,500.0,0.0,1.0,-0.0,CustomerId_577,0
69.0,19.0,64500.0,19.0,64500.0,6300.0,3063.157894736842,4941.205490151815,3.0,0.09767441860313683,CustomerId_578,1
77.0,2.0,1000.0,2.0,1000.0,-0.0,500.0,0.0,1.0,-0.0,CustomerId_581,1
31.0,5.0,6500.0,5.0,6500.0,1025.0,1095.0,2305.184374404789,2.0,0.15769230766804732,CustomerId_582,0
9.0,4.0,7000.0,4.0,7000.0,-0.0,1750.0,866.0254037844386,2.0,-0.0,CustomerId_583,0
11.0,5.0,26000.0,5.0,26000.0,6000.0,4000.0,6745.368781616021,2.0,0.23076923076035502,CustomerId_584,0
79.0,8.0,6000.0,8.0,6000.0,1050.0,618.75,750.208304406183,2.0,0.17499999997083332,CustomerId_585,1
46.0,6.0,30000.0,6.0,30000.0,11000.0,3166.6666666666665,7626.707459098367,2.0,0.3666666666544444,CustomerId_586,1
4.0,1.0,1000.0,1.0,1000.0,-0.0,1000.0,0.0,1.0,-0.0,CustomerId_587,0
67.0,27.0,28500.0,27.0,28500.0,550.0,1035.1851851851852,1954.7464332321003,2.0,0.019298245613357957,CustomerId_588,1
33.0,1.0,1000.0,1.0,1000.0,-0.0,1000.0,0.0,1.0,-0.0,CustomerId_590,0
16.0,104.0,109900.0,104.0,109900.0,3265.0,1025.3365384615386,1891.6921413081282,2.0,0.02970882620537117,CustomerId_592,0
10.0,6.0,3200.0,6.0,3200.0,1045.0,359.1666666666667,765.2477812229623,2.0,0.3265624998979492,CustomerId_593,0
16.0,13.0,36157.0,13.0,36157.0,31000.0,396.6923076923077,5972.953392650008,3.0,0.857372016459956,CustomerId_594,0
50.0,1.0,2000.0,1.0,2000.0,-0.0,2000.0,0.0,1.0,-0.0,CustomerId_595,1
87.0,1.0,5000.0,1.0,5000.0,-0.0,5000.0,0.0,1.0,-0.0,CustomerId_596,1
88.0,4.0,8200.0,4.0,8200.0,140.0,2015.0,3342.588817069787,2.0,0.017073170729625223,CustomerId_598,1
57.0,30.0,1317500.0,30.0,1317500.0,31000.0,42883.333333333336,102304.2860980076,4.0,0.023529411764688025,CustomerId_599,1
83.0,1.0,0.0,1.0,0.0,10000.0,-10000.0,0.0,1.0,10000000000.0,CustomerId_6,1
54.0,27.0,53625.0,27.0,53625.0,1620.0,1926.111111111111,2217.27150992339,2.0,0.03020979020922686,CustomerId_600,1
46.0,13.0,85500.0,13.0,85500.0,6500.0,6076.923076923077,5563.445252442328,2.0,0.07602339181197634,CustomerId_601,1
57.0,1.0,100000.0,1.0,100000.0,-0.0,100000.0,0.0,1.0,-0.0,CustomerId_602,1
61.0,3.0,120000.0,3.0,120000.0,-0.0,40000.0,51961.52422706632,1.0,-0.0,CustomerId_603,1
40.0,3.0,3000.0,3.0,3000.0,-0.0,1000.0,0.0,2.0,-0.0,CustomerId_604,1
8.0,25.0,17000.0,25.0,17000.0,2768.0,569.28,1120.874938013455,3.0,0.16282352940218686,CustomerId_605,0
0.0,208.0,1003510.0,208.0,1003510.0,81150.0,4434.423076923077,15378.791975696126,8.0,0.08086615977909452,CustomerId_606,0
32.0,5.0,26000.0,5.0,26000.0,6000.0,4000.0,6745.368781616021,2.0,0.23076923076035502,CustomerId_607,0
34.0,17.0,30300.0,17.0,30300.0,1165.0,1713.8235294117646,2141.042042887473,3.0,0.03844884488321951,CustomerId_609,0
1.0,82.0,447295.0,82.0,447295.0,54414.61,4791.2242682926835,9388.536719396392,5.0,0.12165262298903039,CustomerId_610,0
54.0,2.0,6000.0,2.0,6000.0,-0.0,3000.0,2828.42712474619,1.0,-0.0,CustomerId_611,1
9.0,38.0,49400.0,38.0,49400.0,1405.0,1263.0263157894738,1674.3136469843253,4.0,0.02844129554598297,CustomerId_612,0
37.0,8.0,10000.0,8.0,10000.0,1150.0,1106.25,1821.3883048770401,2.0,0.1149999999885,CustomerId_613,1
50.0,5.0,3200.0,5.0,3200.0,35.0,633.0,429.4706043491219,2.0,0.010937499996582032,CustomerId_614,1
4.0,17.0,90500.0,17.0,90500.0,1555.0,5232.058823529412,6630.92684387511,3.0,0.01718232044179909,CustomerId_619,0
60.0,6.0,160000.0,6.0,160000.0,16000.0,24000.0,43405.06882842141,2.0,0.09999999999937499,CustomerId_620,1
12.0,9.0,51000.0,9.0,51000.0,11000.0,4444.444444444444,6463.573143221772,2.0,0.2156862745055748,CustomerId_621,0
53.0,5.0,25000.0,5.0,25000.0,6000.0,3800.0,6685.805860178712,2.0,0.2399999999904,CustomerId_622,1
26.0,1.0,500.0,1.0,500.0,-0.0,500.0,0.0,1.0,-0.0,CustomerId_624,0
64.0,205.0,1001360.0,205.0,1001360.0,51111.0,4635.360975609756,22769.799900875725,5.0,0.05104158344646177,CustomerId_625,1
45.0,133.0,188213.0,133.0,188213.0,22813.0,1243.609022556391,2752.6052338196464,3.0,0.12120841812137732,CustomerId_627,1
18.0,5.0,26000.0,5.0,26000.0,6000.0,4000.0,6745.368781616021,2.0,0.23076923076035502,CustomerId_629,0
45.0,1.0,500.0,1.0,500.0,-0.0,500.0,0.0,1.0,-0.0,CustomerId_630,1
25.0,6.0,13000.0,6.0,13000.0,20.0,2163.3333333333335,1945.2677622031026,2.0,0.0015384615383431952,CustomerId_633,0
23.0,45.0,26200.0,45.0,26200.0,1560.0,547.5555555555555,920.3276480677845,2.0,0.059541984730551833,CustomerId_636,0
46.0,6.0,30000.0,6.0,30000.0,11000.0,3166.6666666666665,7626.707459098367,2.0,0.3666666666544444,CustomerId_638,1
53.0,5.0,25000.0,5.0,25000.0,6000.0,3800.0,6685.805860178712,2.0,0.2399999999904,CustomerId_639,1
0.0,19.0,77200.0,19.0,77200.0,16010.0,3220.5263157894738,5278.2367359692835,3.0,0.20738341968643287,CustomerId_640,0
31.0,7.0,7000.0,7.0,7000.0,2000.0,714.2857142857143,1253.5663410560176,1.0,0.28571428567346935,CustomerId_642,0
14.0,1.0,10000.0,1.0,10000.0,-0.0,10000.0,0.0,1.0,-0.0,CustomerId_643,0
62.0,1.0,500.0,1.0,500.0,-0.0,500.0,0.0,1.0,-0.0,CustomerId_644,1
0.0,14.0,71000.0,14.0,71000.0,21000.0,3571.4285714285716,6595.0364285957885,2.0,0.29577464788315816,CustomerId_645,0
20.0,3.0,1000.0,3.0,1000.0,1050.0,-16.666666666666668,1000.4165798972613,2.0,1.04999999895,CustomerId_646,0
0.0,1869.0,3756973.0,1869.0,3756973.0,123409.0,1944.1219903691813,7715.389536615688,5.0,0.03284798692989467,CustomerId_647,0
4.0,21.0,41000.0,21.0,41000.0,1900.0,1861.904761904762,2197.720680722687,2.0,0.04634146341350387,CustomerId_648,0
1.0,1.0,100000.0,1.0,100000.0,-0.0,100000.0,0.0,1.0,-0.0,CustomerId_650,0
74.0,4.0,20000.0,4.0,20000.0,5500.0,3625.0,7586.995452746759,3.0,0.27499999998625,CustomerId_651,1
0.0,206.0,942250.0,206.0,942250.0,42530.5,4367.570388349514,14685.678261362014,7.0,0.04513717166352334,CustomerId_652,0
10.0,18.0,13500.0,18.0,13500.0,535.0,720.2777777777778,972.24795950994,2.0,0.0396296296266941,CustomerId_653,0
88.0,1.0,15000.0,1.0,15000.0,-0.0,15000.0,0.0,1.0,-0.0,CustomerId_654,1
4.0,53.0,271150.0,53.0,271150.0,51150.0,4150.943396226415,6082.671561382997,3.0,0.18864097363013593,CustomerId_655,0
15.0,13.0,12000.0,13.0,12000.0,1160.0,833.8461538461538,998.6702697548916,3.0,0.09666666665861111,CustomerId_656,0
5.0,4.0,6000.0,4.0,6000.0,1020.0,1245.0,2633.141343212197,3.0,0.16999999997166665,CustomerId_658,0
4.0,24.0,158800.0,24.0,158800.0,15350.0,5977.083333333333,6073.030351062601,2.0,0.0966624685132452,CustomerId_660,0
1.0,124.0,267448.0,124.0,267448.0,33461.0,1886.991935483871,3588.5170646816873,2.0,0.12511217133751193,CustomerId_661,0
89.0,2.0,4000.0,2.0,4000.0,-0.0,2000.0,0.0,1.0,-0.0,CustomerId_662,1
5.0,2.0,120000.0,2.0,120000.0,-0.0,60000.0,0.0,1.0,-0.0,CustomerId_664,0
1.0,260.0,616308.0,260.0,616308.0,25525.84,2272.239076923077,5149.137605388891,5.0,0.04141734327634654,CustomerId_665,0
46.0,6.0,30000.0,6.0,30000.0,11000.0,3166.6666666666665,7626.707459098367,2.0,0.3666666666544444,CustomerId_666,1
32.0,7.0,51000.0,7.0,51000.0,11000.0,5714.285714285715,9516.902257112266,2.0,0.2156862745055748,CustomerId_667,0
57.0,1.0,2000.0,1.0,2000.0,-0.0,2000.0,0.0,1.0,-0.0,CustomerId_668,1
15.0,3.0,500.0,3.0,500.0,1025.0,-175.0,761.1668673819164,2.0,2.0499999959,CustomerId_670,0
70.0,30.0,20000.0,30.0,20000.0,18500.0,50.0,2826.445312304534,2.0,0.9249999999537499,CustomerId_672,1
47.0,5.0,1700.0,5.0,1700.0,1025.0,135.0,689.1117471063747,2.0,0.6029411761159169,CustomerId_673,1
4.0,5.0,26000.0,5.0,26000.0,6000.0,4000.0,6745.368781616021,2.0,0.23076923076035502,CustomerId_677,0
47.0,3.0,1000.0,3.0,1000.0,1020.0,-6.666666666666667,1000.0666644445926,2.0,1.01999999898,CustomerId_679,1
1.0,13.0,24160.0,13.0,24160.0,3190.0,1613.076923076923,3053.0514369926814,2.0,0.13203642383559452,CustomerId_680,0
5.0,2.0,11984.0,2.0,11984.0,10000.0,992.0,15545.03547760506,2.0,0.8344459278342418,CustomerId_681,0
0.0,428.0,3233200.0,428.0,3233200.0,23812.0,7498.570093457944,73230.69667621359,5.0,0.007364839787205443,CustomerId_682,0
20.0,23.0,89000.0,23.0,89000.0,-0.0,3869.5652173913045,1604.095548788871,2.0,-0.0,CustomerId_683,0
53.0,26.0,131400.0,26.0,131400.0,51400.0,3076.923076923077,8179.501583461314,2.0,0.39117199390874297,CustomerId_684,1
24.0,2.0,51000.0,2.0,51000.0,-0.0,25500.0,34648.23227814083,2.0,-0.0,CustomerId_687,0
8.0,6.0,17000.0,6.0,17000.0,790.0,2701.6666666666665,4135.700263155765,2.0,0.046470588232560554,CustomerId_689,0
25.0,16.0,45000.0,16.0,45000.0,6819.0,2386.3125,5998.950260601155,3.0,0.15153333332996594,CustomerId_690,0
25.0,17.0,131000.0,17.0,131000.0,11000.0,7058.823529411765,24283.251914218818,4.0,0.08396946564821398,CustomerId_691,0
18.0,5.0,26000.0,5.0,26000.0,6000.0,4000.0,6745.368781616021,2.0,0.23076923076035502,CustomerId_692,0
88.0,1.0,200000.0,1.0,200000.0,-0.0,200000.0,0.0,1.0,-0.0,CustomerId_693,1
58.0,7.0,3000.0,7.0,3000.0,1075.0,275.0,704.0063920164362,2.0,0.3583333332138889,CustomerId_694,1
54.0,1.0,1000.0,1.0,1000.0,-0.0,1000.0,0.0,1.0,-0.0,CustomerId_695,1
67.0,6.0,30000.0,6.0,30000.0,11000.0,3166.6666666666665,7626.707459098367,2.0,0.3666666666544444,CustomerId_696,1
54.0,2.0,1000.0,2.0,1000.0,-0.0,500.0,0.0,1.0,-0.0,CustomerId_697,1
0.0,43.0,735700.0,43.0,735700.0,76700.0,15325.581395348838,76003.7940563723,2.0,0.1042544515426067,CustomerId_698,0
0.0,11.0,58800.0,11.0,58800.0,15825.0,3906.818181818182,7528.612844584078,2.0,0.2691326530566474,CustomerId_699,0
83.0,1.0,0.0,1.0,0.0,10000.0,-10000.0,0.0,1.0,10000000000.0,CustomerId_7,1
2.0,36.0,14700.0,36.0,14700.0,555.0,392.9166666666667,505.50028260554484,3.0,0.03775510203824795,CustomerId_700,0
56.0,1.0,10000.0,1.0,10000.0,-0.0,10000.0,0.0,1.0,-0.0,CustomerId_701,1
4.0,16.0,114000.0,16.0,114000.0,16000.0,6125.0,8147.596782692019,2.0,0.14035087719175132,CustomerId_702,0
68.0,1.0,2000.0,1.0,2000.0,-0.0,2000.0,0.0,1.0,-0.0,CustomerId_703,1
69.0,2.0,51000.0,2.0,51000.0,-0.0,25500.0,34648.23227814083,2.0,-0.0,CustomerId_704,1
35.0,1.0,1000.0,1.0,1000.0,-0.0,1000.0,0.0,1.0,-0.0,CustomerId_705,0
18.0,4.0,11500.0,4.0,11500.0,-0.0,2875.0,2462.214450449026,1.0,-0.0,CustomerId_706,0
0.0,21.0,126000.0,21.0,126000.0,36000.0,4285.714285714285,7198.214064216604,2.0,0.2857142857120182,CustomerId_707,0
33.0,9.0,9000.0,9.0,9000.0,1000.0,888.8888888888889,893.6504412303007,2.0,0.11111111109876542,CustomerId_708,0
75.0,3.0,3000.0,3.0,3000.0,-0.0,1000.0,0.0,2.0,-0.0,CustomerId_709,1
81.0,2.0,12000.0,2.0,12000.0,-0.0,6000.0,1414.213562373095,1.0,-0.0,CustomerId_710,1
32.0,2.0,1000.0,2.0,1000.0,-0.0,500.0,0.0,2.0,-0.0,CustomerId_711,0
38.0,2.0,70000.0,2.0,70000.0,-0.0,35000.0,0.0,1.0,-0.0,CustomerId_7112,1
5.0,33.0,42548.0,33.0,42548.0,1048.0,1257.5757575757575,2042.4413551908754,2.0,0.02463100498202898,CustomerId_712,0
33.0,44.0,350700.0,44.0,350700.0,70700.0,6363.636363636364,8999.950669350357,2.0,0.2015968063866507,CustomerId_713,0
0.0,24.0,14000.0,24.0,14000.0,1450.0,522.9166666666666,606.4829412036373,2.0,0.10357142856403061,CustomerId_714,0
88.0,2.0,20000.0,2.0,20000.0,-0.0,10000.0,0.0,1.0,-0.0,CustomerId_715,1
84.0,1.0,1000.0,1.0,1000.0,-0.0,1000.0,0.0,1.0,-0.0,CustomerId_716,1
1.0,23.0,47101.0,23.0,47101.0,1137.3000000000002,1998.4217391304346,2204.194223047284,3.0,0.02414598416118244,CustomerId_717,0
0.0,40.0,137596.0,40.0,137596.0,1950.0,3391.15,5136.550281797687,2.0,0.014171923602327306,CustomerId_718,0
19.0,1.0,1500.0,1.0,1500.0,-0.0,1500.0,0.0,1.0,-0.0,CustomerId_720,0
40.0,3.0,25000.0,3.0,25000.0,-0.0,8333.333333333334,2886.7513459481293,2.0,-0.0,CustomerId_723,1
32.0,26.0,57500.0,26.0,57500.0,1530.0,2152.6923076923076,3689.467774833989,3.0,0.026608695651711152,CustomerId_727,0
75.0,1.0,10000.0,1.0,10000.0,-0.0,10000.0,0.0,1.0,-0.0,CustomerId_728,1
0.0,10.0,21500.0,10.0,21500.0,320.0,2118.0,2503.8006665423222,2.0,0.014883720929540292,CustomerId_729,0
11.0,9.0,51000.0,9.0,51000.0,11000.0,4444.444444444444,6559.556218051475,2.0,0.2156862745055748,CustomerId_730,0
44.0,6.0,4000.0,6.0,4000.0,100.0,650.0,542.2176684690384,2.0,0.02499999999375,CustomerId_732,1
70.0,6.0,60000.0,6.0,60000.0,-0.0,10000.0,0.0,2.0,-0.0,CustomerId_7321,1
37.0,2.0,20000.0,2.0,20000.0,-0.0,10000.0,0.0,1.0,-0.0,CustomerId_7323,1
90.0,2.0,19998.0,2.0,19998.0,-0.0,9999.0,0.0,1.0,-0.0,CustomerId_7324,1
80.0,2.0,10000.0,2.0,10000.0,-0.0,5000.0,0.0,1.0,-0.0,CustomerId_7325,1
34.0,6.0,65000.0,6.0,65000.0,-0.0,10833.333333333334,7359.800721939872,1.0,-0.0,CustomerId_7326,0
35.0,10.0,11700.0,10.0,11700.0,-0.0,1170.0,1779.5442612584204,1.0,-0.0,CustomerId_7327,0
56.0,5.0,306000.0,5.0,306000.0,-0.0,61200.0,53147.90682613945,1.0,-0.0,CustomerId_7328,1
52.0,3.0,60000.0,3.0,60000.0,-0.0,20000.0,25980.76211353316,1.0,-0.0,CustomerId_7329,1
50.0,2.0,11000.0,2.0,11000.0,-0.0,5500.0,6363.961030678927,1.0,-0.0,CustomerId_733,1
62.0,1.0,500.0,1.0,500.0,-0.0,500.0,0.0,1.0,-0.0,CustomerId_7331,1
67.0,5.0,0.0,5.0,0.0,6500.0,-1300.0,670.820393249937,1.0,6500000000.0,CustomerId_7332,1
1.0,1.0,0.0,1.0,0.0,50000.0,-50000.0,0.0,1.0,50000000000.0,CustomerId_7333,0
60.0,3.0,0.0,3.0,0.0,8000.0,-2666.6666666666665,1154.7005383792516,1.0,8000000000.0,CustomerId_7334,1
49.0,2.0,0.0,2.0,0.0,1500.0,-750.0,353.5533905932738,1.0,1500000000.0,CustomerId_7335,1
33.0,19.0,0.0,19.0,0.0,28400.0,-1494.7368421052631,933.6152456448988,2.0,28400000000.0,CustomerId_7336,0
33.0,9.0,0.0,9.0,0.0,2760000.0,-306666.6666666667,396263.80102149124,2.0,2760000000000.0,CustomerId_7338,0
33.0,4.0,0.0,4.0,0.0,1700000.0,-425000.0,359397.6442141304,1.0,1700000000000.0,CustomerId_7339,0
5.0,82.0,452008.0,82.0,452008.0,29358.0,5154.268292682927,11067.902404287546,5.0,0.0649501778728143,CustomerId_734,0
85.0,1.0,0.0,1.0,0.0,500.0,-500.0,0.0,1.0,500000000.0,CustomerId_7340,1
85.0,1.0,0.0,1.0,0.0,150000.0,-150000.0,0.0,1.0,150000000000.0,CustomerId_7341,1
28.0,4091.0,0.0,4091.0,0.0,104900000.0,-25641.652407724272,12952.599897891021,1.0,104900000000000.0,CustomerId_7343,0
57.0,5.0,0.0,5.0,0.0,4600.0,-920.0,396.23225512317896,1.0,4600000000.0,CustomerId_7344,1
33.0,4.0,24000.0,4.0,24000.0,6000.0,4500.0,8812.869377601524,2.0,0.24999999998958333,CustomerId_735,0
15.0,1.0,500.0,1.0,500.0,-0.0,500.0,0.0,1.0,-0.0,CustomerId_738,0
81.0,8.0,40700.0,8.0,40700.0,10700.0,3750.0,7094.061903149301,2.0,0.26289926289280346,CustomerId_739,1
58.0,3.0,10000.0,3.0,10000.0,6000.0,1333.3333333333333,7767.453465154029,2.0,0.59999999994,CustomerId_740,1
33.0,2.0,0.0,2.0,0.0,600000.0,-300000.0,282842.71247461904,1.0,600000000000.0,CustomerId_7401,0
70.0,2.0,0.0,2.0,0.0,2000.0,-1000.0,0.0,1.0,2000000000.0,CustomerId_7402,1
22.0,10.0,0.0,10.0,0.0,12300.0,-1230.0,725.7945837341153,1.0,12300000000.0,CustomerId_7403,0
43.0,1.0,0.0,1.0,0.0,1000.0,-1000.0,0.0,1.0,1000000000.0,CustomerId_7404,1
5.0,1.0,0.0,1.0,0.0,20000.0,-20000.0,0.0,1.0,20000000000.0,CustomerId_7405,0
29.0,4.0,0.0,4.0,0.0,7500.0,-1875.0,629.1528696058958,1.0,7500000000.0,CustomerId_7406,0
29.0,5.0,0.0,5.0,0.0,18077.0,-3615.4,2077.639477869055,2.0,18077000000.0,CustomerId_7407,0
30.0,3.0,0.0,3.0,0.0,52500.0,-17500.0,28155.816450602175,1.0,52500000000.0,CustomerId_7408,0
0.0,62.0,0.0,62.0,0.0,291000.0,-4693.548387096775,10122.347796210935,2.0,291000000000.0,CustomerId_7409,0
33.0,8.0,0.0,8.0,0.0,19200.0,-2400.0,3043.494232433691,1.0,19200000000.0,CustomerId_7410,0
1.0,3.0,0.0,3.0,0.0,3800.0,-1266.6666666666667,208.1665999466133,1.0,3800000000.0,CustomerId_7411,0
33.0,14.0,0.0,14.0,0.0,86578.0,-6184.142857142857,10941.178967953645,2.0,86578000000.0,CustomerId_7412,0
14.0,2.0,1000.0,2.0,1000.0,-0.0,500.0,0.0,1.0,-0.0,CustomerId_7413,0
85.0,2.0,1630000.0,2.0,1630000.0,-0.0,815000.0,127279.22061357855,1.0,-0.0,CustomerId_7414,1
68.0,1.0,500.0,1.0,500.0,-0.0,500.0,0.0,1.0,-0.0,CustomerId_7415,1
15.0,1.0,880000.0,1.0,880000.0,-0.0,880000.0,0.0,1.0,-0.0,CustomerId_7416,0
15.0,2.0,196000.0,2.0,196000.0,-0.0,98000.0,137885.82233137678,1.0,-0.0,CustomerId_7417,0
68.0,1.0,361000.0,1.0,361000.0,-0.0,361000.0,0.0,1.0,-0.0,CustomerId_7418,1
1.0,1.0,0.0,1.0,0.0,100000.0,-100000.0,0.0,1.0,100000000000.0,CustomerId_7419,0
52.0,2.0,5500.0,2.0,5500.0,-0.0,2750.0,3181.9805153394636,2.0,-0.0,CustomerId_742,1
1.0,1.0,0.0,1.0,0.0,100000.0,-100000.0,0.0,1.0,100000000000.0,CustomerId_7420,0
1.0,1.0,0.0,1.0,0.0,100000.0,-100000.0,0.0,1.0,100000000000.0,CustomerId_7421,0
1.0,1.0,0.0,1.0,0.0,200000.0,-200000.0,0.0,1.0,200000000000.0,CustomerId_7422,0
1.0,1.0,0.0,1.0,0.0,200000.0,-200000.0,0.0,1.0,200000000000.0,CustomerId_7423,0
1.0,1.0,0.0,1.0,0.0,200000.0,-200000.0,0.0,1.0,200000000000.0,CustomerId_7424,0
1.0,1.0,0.0,1.0,0.0,200000.0,-200000.0,0.0,1.0,200000000000.0,CustomerId_7425,0
37.0,11.0,0.0,11.0,0.0,10000.0,-909.0909090909091,301.5113445777636,1.0,10000000000.0,CustomerId_7426,1
79.0,1.0,0.0,1.0,0.0,1000.0,-1000.0,0.0,1.0,1000000000.0,CustomerId_7427,1
55.0,3.0,0.0,3.0,0.0,7000.0,-2333.3333333333335,2362.9078131263045,1.0,7000000000.0,CustomerId_7428,1
28.0,2.0,0.0,2.0,0.0,520000.0,-260000.0,339411.2549695428,1.0,520000000000.0,CustomerId_7429,0
57.0,32.0,0.0,32.0,0.0,94200.0,-2943.75,4424.77901762774,1.0,94200000000.0,CustomerId_7430,1
19.0,3.0,0.0,3.0,0.0,5900.0,-1966.6666666666667,57.73502691896261,1.0,5900000000.0,CustomerId_7431,0
47.0,1.0,0.0,1.0,0.0,3000.0,-3000.0,0.0,1.0,3000000000.0,CustomerId_7433,1
77.0,4.0,0.0,4.0,0.0,11000.0,-2750.0,1500.0,1.0,11000000000.0,CustomerId_7434,1
55.0,1.0,0.0,1.0,0.0,50000.0,-50000.0,0.0,1.0,50000000000.0,CustomerId_7435,1
63.0,4.0,0.0,4.0,0.0,5500.0,-1375.0,1108.6778913041726,1.0,5500000000.0,CustomerId_7436,1
45.0,3.0,0.0,3.0,0.0,6500.0,-2166.6666666666665,288.67513459481285,1.0,6500000000.0,CustomerId_7437,1
56.0,1.0,0.0,1.0,0.0,50000.0,-50000.0,0.0,1.0,50000000000.0,CustomerId_7438,1
8.0,17.0,0.0,17.0,0.0,24000.0,-1411.764705882353,870.2602720890288,1.0,24000000000.0,CustomerId_7439,0
74.0,1.0,0.0,1.0,0.0,33900.0,-33900.0,0.0,1.0,33900000000.0,CustomerId_7440,1
57.0,2.0,0.0,2.0,0.0,1500.0,-750.0,353.5533905932738,1.0,1500000000.0,CustomerId_7441,1
8.0,26.0,0.0,26.0,0.0,64000.0,-2461.5384615384614,1028.8155998338761,1.0,64000000000.0,CustomerId_7442,0
53.0,6.0,0.0,6.0,0.0,16000.0,-2666.6666666666665,516.3977794943222,1.0,16000000000.0,CustomerId_7443,1
69.0,1.0,0.0,1.0,0.0,20000.0,-20000.0,0.0,1.0,20000000000.0,CustomerId_7444,1
79.0,3.0,0.0,3.0,0.0,6000.0,-2000.0,0.0,1.0,6000000000.0,CustomerId_7445,1
61.0,2.0,0.0,2.0,0.0,1000.0,-500.0,0.0,1.0,1000000000.0,CustomerId_7446,1
6.0,4.0,0.0,4.0,0.0,54000.0,-13500.0,7681.145747868608,1.0,54000000000.0,CustomerId_7447,0
68.0,1.0,0.0,1.0,0.0,2000.0,-2000.0,0.0,1.0,2000000000.0,CustomerId_7448,1
23.0,1.0,500.0,1.0,500.0,-0.0,500.0,0.0,1.0,-0.0,CustomerId_745,0
25.0,13.0,0.0,13.0,0.0,261000.0,-20076.923076923078,7587.945906299219,1.0,261000000000.0,CustomerId_7450,0
39.0,7.0,0.0,7.0,0.0,13431.0,-1918.7142857142858,1090.8337353122326,1.0,13431000000.0,CustomerId_7451,1
31.0,9.0,0.0,9.0,0.0,285000.0,-31666.666666666668,19364.916731037083,2.0,285000000000.0,CustomerId_7452,0
69.0,6.0,3000.0,6.0,3000.0,-0.0,500.0,0.0,1.0,-0.0,CustomerId_7453,1
57.0,2.0,0.0,2.0,0.0,1600.0,-800.0,282.842712474619,1.0,1600000000.0,CustomerId_7454,1
1.0,2.0,0.0,2.0,0.0,130000.0,-65000.0,7071.067811865475,1.0,130000000000.0,CustomerId_7455,0
1.0,2.0,0.0,2.0,0.0,70000.0,-35000.0,7071.067811865475,1.0,70000000000.0,CustomerId_7456,0
1.0,2.0,0.0,2.0,0.0,200000.0,-100000.0,0.0,1.0,200000000000.0,CustomerId_7457,0
1.0,3.0,0.0,3.0,0.0,120000.0,-40000.0,0.0,1.0,120000000000.0,CustomerId_7458,0
1.0,3.0,0.0,3.0,0.0,180000.0,-60000.0,0.0,1.0,180000000000.0,CustomerId_7459,0
0.0,1.0,1000.0,1.0,1000.0,-0.0,1000.0,0.0,1.0,-0.0,CustomerId_746,0
1.0,3.0,0.0,3.0,0.0,120000.0,-40000.0,10000.0,1.0,120000000000.0,CustomerId_7460,0
1.0,3.0,0.0,3.0,0.0,180000.0,-60000.0,10000.0,1.0,180000000000.0,CustomerId_7461,0
1.0,3.0,0.0,3.0,0.0,150000.0,-50000.0,0.0,1.0,150000000000.0,CustomerId_7462,0
1.0,3.0,0.0,3.0,0.0,150000.0,-50000.0,0.0,1.0,150000000000.0,CustomerId_7463,0
1.0,2.0,0.0,2.0,0.0,100000.0,-50000.0,0.0,1.0,100000000000.0,CustomerId_7464,0
1.0,2.0,0.0,2.0,0.0,100000.0,-50000.0,0.0,1.0,100000000000.0,CustomerId_7465,0
28.0,5.0,0.0,5.0,0.0,46000.0,-9200.0,3563.7059362410923,1.0,46000000000.0,CustomerId_7466,0
55.0,6.0,0.0,6.0,0.0,11500.0,-1916.6666666666667,1357.0801990548189,1.0,11500000000.0,CustomerId_7467,1
73.0,2.0,0.0,2.0,0.0,11000.0,-5500.0,2121.3203435596424,1.0,11000000000.0,CustomerId_7468,1
75.0,1.0,0.0,1.0,0.0,1000.0,-1000.0,0.0,1.0,1000000000.0,CustomerId_7469,1
83.0,1.0,0.0,1.0,0.0,10000.0,-10000.0,0.0,1.0,10000000000.0,CustomerId_7470,1
83.0,1.0,0.0,1.0,0.0,10000.0,-10000.0,0.0,1.0,10000000000.0,CustomerId_7471,1
83.0,1.0,0.0,1.0,0.0,10000.0,-10000.0,0.0,1.0,10000000000.0,CustomerId_7472,1
83.0,1.0,0.0,1.0,0.0,10000.0,-10000.0,0.0,1.0,10000000000.0,CustomerId_7473,1
83.0,1.0,0.0,1.0,0.0,10000.0,-10000.0,0.0,1.0,10000000000.0,CustomerId_7474,1
37.0,3.0,0.0,3.0,0.0,6000.0,-2000.0,2179.449471770337,2.0,6000000000.0,CustomerId_7475,1
33.0,23.0,0.0,23.0,0.0,213400.0,-9278.260869565218,9563.137395120111,2.0,213400000000.0,CustomerId_7476,0
55.0,1.0,0.0,1.0,0.0,2000.0,-2000.0,0.0,1.0,2000000000.0,CustomerId_7477,1
12.0,1.0,500.0,1.0,500.0,-0.0,500.0,0.0,1.0,-0.0,CustomerId_7478,0
12.0,1.0,500.0,1.0,500.0,-0.0,500.0,0.0,1.0,-0.0,CustomerId_7479,0
45.0,3.0,10000.0,3.0,10000.0,3000.0,2333.3333333333335,6658.328118479393,2.0,0.29999999997,CustomerId_748,1
37.0,2.0,4000.0,2.0,4000.0,1000.0,1500.0,3535.5339059327375,2.0,0.2499999999375,CustomerId_749,1
68.0,1.0,2000.0,1.0,2000.0,-0.0,2000.0,0.0,1.0,-0.0,CustomerId_753,1
13.0,4.0,2000.0,4.0,2000.0,1050.0,237.5,962.0940702446928,2.0,0.5249999997375,CustomerId_754,0
56.0,1.0,500.0,1.0,500.0,-0.0,500.0,0.0,1.0,-0.0,CustomerId_755,1
63.0,1.0,5000.0,1.0,5000.0,-0.0,5000.0,0.0,1.0,-0.0,CustomerId_756,1
69.0,3.0,500.0,3.0,500.0,1010.0,-170.0,762.6925986267338,2.0,2.01999999596,CustomerId_757,1
0.0,150.0,990525.0,150.0,990525.0,114455.5,5840.463333333333,11432.967173174018,5.0,0.11555033946632791,CustomerId_759,0
11.0,11.0,75200.0,11.0,75200.0,15200.0,5454.545454545455,8214.665378013111,2.0,0.20212765957178025,CustomerId_760,0
0.0,164.0,340100.0,164.0,340100.0,48711.0,1776.7621951219512,3681.90646112862,5.0,0.14322552190490084,CustomerId_761,0
19.0,18.0,106200.0,18.0,106200.0,16200.0,5000.0,5953.150426454887,2.0,0.15254237287991956,CustomerId_764,0
9.0,4.0,5500.0,4.0,5500.0,1025.0,1118.75,2661.091176566485,3.0,0.18636363632975206,CustomerId_767,0
46.0,2.0,2000.0,2.0,2000.0,-0.0,1000.0,0.0,1.0,-0.0,CustomerId_768,1
19.0,21.0,31000.0,21.0,31000.0,1909.5,1385.2619047619048,1748.1197586195835,3.0,0.06159677419156139,CustomerId_770,0
29.0,1.0,2000.0,1.0,2000.0,-0.0,2000.0,0.0,1.0,-0.0,CustomerId_771,0
4.0,5.0,26000.0,5.0,26000.0,6000.0,4000.0,6745.368781616021,2.0,0.23076923076035502,CustomerId_773,0
1.0,24.0,33600.0,24.0,33600.0,1600.0,1333.3333333333333,2680.664123855791,2.0,0.04761904761763038,CustomerId_774,0
23.0,32.0,49000.0,32.0,49000.0,1795.0,1475.15625,2128.6522634449607,3.0,0.03663265306047688,CustomerId_775,0
28.0,53.0,111100.0,53.0,111100.0,11155.0,1885.754716981132,5039.946046359793,4.0,0.10040504050314668,CustomerId_776,0
75.0,1.0,10000.0,1.0,10000.0,-0.0,10000.0,0.0,1.0,-0.0,CustomerId_778,1
46.0,4.0,25000.0,4.0,25000.0,5000.0,5000.0,7071.067811865475,2.0,0.199999999992,CustomerId_779,1
11.0,4.0,7000.0,4.0,7000.0,1100.0,1475.0,2665.0515942472857,2.0,0.15714285712040815,CustomerId_780,0
61.0,1.0,2000.0,1.0,2000.0,-0.0,2000.0,0.0,1.0,-0.0,CustomerId_781,1
4.0,171.0,296565.0,171.0,296565.0,25914.5,1582.751461988304,5184.821579939533,3.0,0.08738219277363349,CustomerId_784,0
22.0,1.0,50000.0,1.0,50000.0,-0.0,50000.0,0.0,1.0,-0.0,CustomerId_785,0
11.0,69.0,163573.0,69.0,163573.0,39649.2,1795.9971014492753,6976.325003517062,5.0,0.24239452721266713,CustomerId_786,0
45.0,1.0,1000.0,1.0,1000.0,-0.0,1000.0,0.0,1.0,-0.0,CustomerId_787,1
18.0,4.0,16000.0,4.0,16000.0,6000.0,2500.0,6757.711644237764,2.0,0.37499999997656247,CustomerId_789,0
2.0,144.0,548308.0,144.0,548308.0,56866.6,3412.7875000000004,6665.834287612663,5.0,0.1037128767041449,CustomerId_790,0
20.0,32.0,21800.0,32.0,21800.0,695.0,659.53125,640.1541641125558,2.0,0.03188073394349171,CustomerId_791,0
0.0,12.0,32000.0,12.0,32000.0,2014.0,2498.8333333333335,4498.056344554599,3.0,0.0629374999980332,CustomerId_793,0
32.0,3.0,1000.0,3.0,1000.0,1020.0,-6.666666666666667,1000.0666644445926,2.0,1.01999999898,CustomerId_794,0
35.0,2.0,1500.0,2.0,1500.0,-0.0,750.0,353.5533905932738,1.0,-0.0,CustomerId_795,0
32.0,65.0,240500.0,65.0,240500.0,2806.3,3656.826153846154,12677.393205356202,4.0,0.01166860706855855,CustomerId_797,0
22.0,10.0,142000.0,10.0,142000.0,1250.0,14075.0,30411.997358498724,2.0,0.008802816901346459,CustomerId_798,0
32.0,5.0,26000.0,5.0,26000.0,6000.0,4000.0,6745.368781616021,2.0,0.23076923076035502,CustomerId_799,0
83.0,1.0,0.0,1.0,0.0,10000.0,-10000.0,0.0,1.0,10000000000.0,CustomerId_8,1
1.0,60.0,350200.0,60.0,350200.0,11593.5,5643.441666666667,12978.235742016444,5.0,0.033105368360842075,CustomerId_800,0
24.0,6.0,11000.0,6.0,11000.0,1250.0,1625.0,2690.6783531295596,2.0,0.11363636362603305,CustomerId_801,0
19.0,3.0,500.0,3.0,500.0,1025.0,-175.0,761.1668673819164,2.0,2.0499999959,CustomerId_802,0
86.0,4.0,24000.0,4.0,24000.0,-0.0,6000.0,2000.0,1.0,-0.0,CustomerId_804,1
1.0,557.0,2049006.0,557.0,2049006.0,46033.2,3596.0014362657093,38535.62191423637,5.0,0.022466112837140315,CustomerId_806,0
78.0,4.0,4000.0,4.0,4000.0,80.0,980.0,1433.2248020925863,2.0,0.019999999995,CustomerId_807,1
22.0,30.0,32200.0,30.0,32200.0,375.0,1060.8333333333333,1107.5813065300051,2.0,0.011645962732557578,CustomerId_808,0
25.0,13.0,40600.0,13.0,40600.0,1718.0,2990.923076923077,3966.8924542505238,3.0,0.042315270934918346,CustomerId_810,0
6.0,1.0,1000.0,1.0,1000.0,-0.0,1000.0,0.0,1.0,-0.0,CustomerId_812,0
67.0,3.0,1000.0,3.0,1000.0,1050.0,-16.666666666666668,1000.4165798972613,2.0,1.04999999895,CustomerId_813,1
5.0,68.0,497099.0,68.0,497099.0,77799.0,6166.176470588235,8833.493137664704,3.0,0.15650604809070928,CustomerId_814,0
36.0,3.0,2000.0,3.0,2000.0,1000.0,333.3333333333333,1154.7005383792516,2.0,0.49999999975,CustomerId_816,1
30.0,7.0,28400.0,7.0,28400.0,1629.2,3824.4,5067.291984219316,3.0,0.05736619718107865,CustomerId_821,0
19.0,24.0,121000.0,24.0,121000.0,21000.0,4166.666666666667,5743.856201017833,2.0,0.17355371900683014,CustomerId_823,0
75.0,1.0,5000.0,1.0,5000.0,-0.0,5000.0,0.0,1.0,-0.0,CustomerId_824,1
68.0,16.0,35125.0,16.0,35125.0,1625.0,2093.75,3398.780418522699,2.0,0.04626334519441243,CustomerId_825,1
56.0,2.0,1500.0,2.0,1500.0,-0.0,750.0,353.5533905932738,1.0,-0.0,CustomerId_826,1
70.0,1.0,1000.0,1.0,1000.0,-0.0,1000.0,0.0,1.0,-0.0,CustomerId_827,1
6.0,13.0,40500.0,13.0,40500.0,637.0,3066.3846153846152,9035.745122737633,3.0,0.01572839506134004,CustomerId_828,0
72.0,2.0,3000.0,2.0,3000.0,150.0,1425.0,2227.3863607376247,2.0,0.049999999983333335,CustomerId_829,1
32.0,7.0,51000.0,7.0,51000.0,11000.0,5714.285714285715,9516.902257112268,2.0,0.2156862745055748,CustomerId_830,0
76.0,8.0,3000.0,8.0,3000.0,135.0,358.125,459.7665362519796,2.0,0.044999999985000004,CustomerId_832,1
76.0,1.0,300000.0,1.0,300000.0,-0.0,300000.0,0.0,1.0,-0.0,CustomerId_834,1
54.0,1.0,1000.0,1.0,1000.0,-0.0,1000.0,0.0,1.0,-0.0,CustomerId_838,1
0.0,81.0,390700.0,81.0,390700.0,12264.0,4672.049382716049,6994.941972420562,5.0,0.03138981315579373,CustomerId_839,0
4.0,23.0,35000.0,23.0,35000.0,1570.0,1453.4782608695652,2872.044898192436,3.0,0.044857142855861225,CustomerId_840,0
86.0,7.0,6350.0,7.0,6350.0,100.0,892.8571428571429,902.5097282156073,2.0,0.015748031493582986,CustomerId_841,1
67.0,9.0,5500.0,9.0,5500.0,1260.0,471.1111111111111,985.7635929121703,3.0,0.2290909090492562,CustomerId_842,1
0.0,28.0,28300.0,28.0,28300.0,365.0,997.6785714285714,941.5329129618763,3.0,0.01289752650131104,CustomerId_843,0
86.0,3.0,30000.0,3.0,30000.0,-0.0,10000.0,0.0,1.0,-0.0,CustomerId_844,1
11.0,5.0,26000.0,5.0,26000.0,6000.0,4000.0,6745.368781616021,2.0,0.23076923076035502,CustomerId_845,0
34.0,5.0,52000.0,5.0,52000.0,11000.0,8200.0,23805.461558222305,2.0,0.21153846153439348,CustomerId_846,0
74.0,7.0,25000.0,7.0,25000.0,6000.0,2714.285714285714,4855.041562276122,2.0,0.2399999999904,CustomerId_847,1
46.0,6.0,30000.0,6.0,30000.0,11000.0,3166.6666666666665,7626.707459098367,2.0,0.3666666666544444,CustomerId_848,1
25.0,2.0,1500.0,2.0,1500.0,-0.0,750.0,353.5533905932738,1.0,-0.0,CustomerId_851,0
0.0,28.0,116400.0,28.0,116400.0,16400.0,3571.4285714285716,5304.495447982961,2.0,0.14089347078916759,CustomerId_853,0
33.0,2.0,5500.0,2.0,5500.0,-0.0,2750.0,3181.9805153394636,2.0,-0.0,CustomerId_854,0
4.0,6.0,50000.0,6.0,50000.0,10000.0,6666.666666666667,9831.92080250175,2.0,0.199999999996,CustomerId_855,0
25.0,5.0,3001000.0,5.0,3001000.0,-0.0,600200.0,334962.9830294685,1.0,-0.0,CustomerId_856,0
0.0,14.0,81000.0,14.0,81000.0,31000.0,3571.4285714285716,8741.715073003834,3.0,0.3827160493779912,CustomerId_857,0
14.0,12.0,25900.0,12.0,25900.0,1621.0,2023.25,3079.907824033936,3.0,0.06258687258445611,CustomerId_858,0
0.0,39.0,201600.0,39.0,201600.0,61600.0,3589.74358974359,6794.107155306485,3.0,0.3055555555540399,CustomerId_860,0
37.0,1.0,10000.0,1.0,10000.0,-0.0,10000.0,0.0,1.0,-0.0,CustomerId_861,1
71.0,1.0,25000.0,1.0,25000.0,-0.0,25000.0,0.0,1.0,-0.0,CustomerId_863,1
57.0,2.0,20000.0,2.0,20000.0,-0.0,10000.0,0.0,1.0,-0.0,CustomerId_864,1
21.0,51.0,2288000.0,51.0,2288000.0,9604.0,44674.43137254902,157486.10292305218,4.0,0.004197552447550613,CustomerId_865,0
22.0,1.0,20000.0,1.0,20000.0,-0.0,20000.0,0.0,1.0,-0.0,CustomerId_867,0
65.0,1.0,900.0,1.0,900.0,-0.0,900.0,0.0,1.0,-0.0,CustomerId_868,1
36.0,1.0,1000.0,1.0,1000.0,-0.0,1000.0,0.0,1.0,-0.0,CustomerId_870,1
0.0,86.0,94400.0,86.0,94400.0,2232.0,1071.7209302325582,1846.5953959917551,3.0,0.023644067796359705,CustomerId_872,0
0.0,117.0,469925.0,117.0,469925.0,130719.5,2899.1923076923076,6496.085252781541,4.0,0.27817098473101415,CustomerId_873,0
54.0,5.0,25000.0,5.0,25000.0,6000.0,3800.0,6685.805860178712,2.0,0.2399999999904,CustomerId_877,1
86.0,5.0,104000.0,5.0,104000.0,-0.0,20800.0,44274.145954495834,2.0,-0.0,CustomerId_880,1
74.0,3.0,44000.0,3.0,44000.0,-0.0,14666.666666666666,9237.604307034013,1.0,-0.0,CustomerId_881,1
11.0,10.0,51000.0,10.0,51000.0,11000.0,4000.0,6164.414002968976,2.0,0.2156862745055748,CustomerId_882,0
88.0,13.0,26000.0,13.0,26000.0,5500.0,1576.923076923077,3510.9718137465984,2.0,0.21153846153032543,CustomerId_883,1
46.0,5.0,25200.0,5.0,25200.0,6000.0,3840.0,6732.235884162112,2.0,0.23809523808578986,CustomerId_884,1
67.0,5.0,41500.0,5.0,41500.0,-0.0,8300.0,10680.58987135074,2.0,-0.0,CustomerId_885,1
6.0,6.0,8000.0,6.0,8000.0,200.0,1300.0,1441.1800720243116,2.0,0.024999999996874998,CustomerId_887,0
88.0,5.0,25200.0,5.0,25200.0,5200.0,4000.0,6558.963332722634,2.0,0.2063492063410179,CustomerId_888,1
28.0,8.0,23200.0,8.0,23200.0,1200.0,2750.0,3702.8946206216256,2.0,0.051724137928804995,CustomerId_889,0
29.0,1.0,5000.0,1.0,5000.0,-0.0,5000.0,0.0,1.0,-0.0,CustomerId_89,0
53.0,1.0,60000.0,1.0,60000.0,-0.0,60000.0,0.0,1.0,-0.0,CustomerId_890,1
54.0,12.0,60700.0,12.0,60700.0,20700.0,3333.3333333333335,7270.404932243312,2.0,0.3410214167983357,CustomerId_892,1
0.0,4.0,7600.0,4.0,7600.0,1132.0,1617.0,3421.435761002487,3.0,0.14894736840145428,CustomerId_893,0
5.0,6.0,11000.0,6.0,11000.0,1647.0,1558.8333333333333,4178.701732197055,3.0,0.14972727271366115,CustomerId_894,0
53.0,6.0,30000.0,6.0,30000.0,11000.0,3166.6666666666665,7626.707459098367,2.0,0.3666666666544444,CustomerId_895,1
54.0,4.0,2000.0,4.0,2000.0,1020.0,245.0,959.218431849597,2.0,0.509999999745,CustomerId_896,1
47.0,7.0,50000.0,7.0,50000.0,11000.0,5571.428571428572,9431.456989902512,2.0,0.2199999999956,CustomerId_898,1
90.0,1.0,10000.0,1.0,10000.0,-0.0,10000.0,0.0,1.0,-0.0,CustomerId_899,1
83.0,1.0,0.0,1.0,0.0,10000.0,-10000.0,0.0,1.0,10000000000.0,CustomerId_9,1
9.0,23.0,21600.0,23.0,21600.0,1071.0,892.5652173913044,961.4305073968476,3.0,0.04958333333103781,CustomerId_900,0
42.0,15.0,20000.0,15.0,20000.0,1500.0,1233.3333333333333,1817.1471623189493,2.0,0.07499999999625,CustomerId_903,1
0.0,169.0,988000.0,169.0,988000.0,67875.0,5444.526627218935,11661.695198110438,5.0,0.06869939271248107,CustomerId_905,0
62.0,51.0,82000.0,51.0,82000.0,3820.8,1532.9254901960783,4296.395989563493,3.0,0.04659512195065128,CustomerId_906,1
61.0,1.0,1000.0,1.0,1000.0,-0.0,1000.0,0.0,1.0,-0.0,CustomerId_907,1
5.0,273.0,328400.0,273.0,328400.0,4987.0,1184.6630036630036,1777.5842341631399,2.0,0.01518574908643366,CustomerId_908,0
11.0,115.0,83466000.0,115.0,83466000.0,14760.0,725662.9565217391,1297279.3266347803,2.0,0.0001768384731507419,CustomerId_909,0
32.0,7.0,26000.0,7.0,26000.0,6000.0,2857.1428571428573,5580.578567035604,2.0,0.23076923076035502,CustomerId_911,0
13.0,36.0,53000.0,36.0,53000.0,1850.0,1420.8333333333333,1536.1070926208238,2.0,0.03490566037669989,CustomerId_912,0
18.0,56.0,98000.0,56.0,98000.0,900.0,1733.9285714285713,5155.191532839467,2.0,0.009183673469294044,CustomerId_913,0
39.0,2.0,4000.0,2.0,4000.0,-0.0,2000.0,0.0,2.0,-0.0,CustomerId_915,1
56.0,9.0,181320.0,9.0,181320.0,-0.0,20146.666666666668,21233.81589587703,2.0,-0.0,CustomerId_916,1
4.0,1.0,5000.0,1.0,5000.0,-0.0,5000.0,0.0,1.0,-0.0,CustomerId_917,0
59.0,5.0,240000.0,5.0,240000.0,6000.0,46800.0,45482.96384361952,2.0,0.02499999999989583,CustomerId_919,1
27.0,28.0,57840.0,28.0,57840.0,1725.0,2004.107142857143,2538.2791828948716,2.0,0.029823651451766534,CustomerId_920,0
11.0,15.0,76000.0,15.0,76000.0,16000.0,4000.0,6000.0,2.0,0.2105263157867036,CustomerId_921,0
0.0,19.0,25600.0,19.0,25600.0,1260.0,1281.0526315789473,2816.5190192798113,2.0,0.04921874999807739,CustomerId_922,0
8.0,20.0,35500.0,20.0,35500.0,1769.0,1686.55,3938.8630001829874,4.0,0.04983098591408927,CustomerId_923,0
7.0,2.0,2800.0,2.0,2800.0,-0.0,1400.0,565.685424949238,2.0,-0.0,CustomerId_924,0
7.0,3.0,7000.0,3.0,7000.0,-0.0,2333.3333333333335,2309.401076758503,2.0,-0.0,CustomerId_925,0
22.0,1.0,1000.0,1.0,1000.0,-0.0,1000.0,0.0,1.0,-0.0,CustomerId_926,0
1.0,17.0,101000.0,17.0,101000.0,31000.0,4117.64705882353,7432.045083127999,2.0,0.306930693066268,CustomerId_927,0
59.0,3.0,1000.0,3.0,1000.0,1020.0,-6.666666666666667,1000.0666644445926,2.0,1.01999999898,CustomerId_928,1
67.0,4.0,40000.0,4.0,40000.0,-0.0,10000.0,0.0,1.0,-0.0,CustomerId_929,1
40.0,17.0,86200.0,17.0,86200.0,22200.0,3764.705882352941,6639.553936115606,2.0,0.25754060324527217,CustomerId_930,1
17.0,10.0,4900.0,10.0,4900.0,1153.0,374.7,738.9593358230208,3.0,0.2353061224009579,CustomerId_931,0
4.0,22.0,61100.0,22.0,61100.0,275.0,2764.7727272727275,2473.3419060014094,3.0,0.0045008183305319015,CustomerId_932,0
0.0,2.0,25000.0,2.0,25000.0,-0.0,12500.0,3535.5339059327375,1.0,-0.0,CustomerId_934,0
0.0,1.0,5000.0,1.0,5000.0,-0.0,5000.0,0.0,1.0,-0.0,CustomerId_936,0
19.0,4.0,1500.0,4.0,1500.0,1025.0,118.75,855.2229241548662,2.0,0.6833333328777778,CustomerId_938,0
15.0,13.0,52000.0,13.0,52000.0,2250.0,3826.923076923077,6861.262498762387,2.0,0.04326923076839867,CustomerId_940,0
61.0,2.0,14000.0,2.0,14000.0,-0.0,7000.0,4242.640687119285,2.0,-0.0,CustomerId_942,1
4.0,9.0,0.0,9.0,0.0,12700.0,-1411.111111111111,564.4564740625367,2.0,12700000000.0,CustomerId_943,0
5.0,2.0,1800.0,2.0,1800.0,-0.0,900.0,141.4213562373095,1.0,-0.0,CustomerId_944,0
35.0,3.0,1000.0,3.0,1000.0,1000.0,0.0,866.0254037844386,2.0,0.999999999,CustomerId_945,0
37.0,1.0,500.0,1.0,500.0,-0.0,500.0,0.0,1.0,-0.0,CustomerId_946,1
30.0,1.0,10000.0,1.0,10000.0,-0.0,10000.0,0.0,1.0,-0.0,CustomerId_947,0
7.0,1.0,500.0,1.0,500.0,-0.0,500.0,0.0,1.0,-0.0,CustomerId_948,0
74.0,1.0,1000.0,1.0,1000.0,-0.0,1000.0,0.0,1.0,-0.0,CustomerId_949,1
0.0,21.0,131000.0,21.0,131000.0,41000.0,4285.714285714285,8174.000594218581,2.0,0.3129770992342521,CustomerId_951,0
4.0,5.0,26000.0,5.0,26000.0,6000.0,4000.0,6745.368781616021,2.0,0.23076923076035502,CustomerId_954,0
33.0,1.0,1000.0,1.0,1000.0,-0.0,1000.0,0.0,1.0,-0.0,CustomerId_957,0
47.0,1.0,10000.0,1.0,10000.0,-0.0,10000.0,0.0,1.0,-0.0,CustomerId_958,1
17.0,43.0,60700.0,43.0,60700.0,2248.5,1359.3372093023256,3693.8845128532084,3.0,0.03704283360729748,CustomerId_959,0
0.0,44.0,127270.0,44.0,127270.0,6475.0,2745.340909090909,6413.666675928478,3.0,0.05087609020153315,CustomerId_960,0
36.0,1.0,15000.0,1.0,15000.0,-0.0,15000.0,0.0,1.0,-0.0,CustomerId_961,1
28.0,10.0,10900.0,10.0,10900.0,1195.0,970.5,1333.575915432722,2.0,0.1096330275128777,CustomerId_962,0
56.0,4.0,4000.0,4.0,4000.0,1040.0,740.0,1506.784656146989,2.0,0.259999999935,CustomerId_963,1
34.0,2.0,1500.0,2.0,1500.0,-0.0,750.0,353.5533905932738,1.0,-0.0,CustomerId_966,0
64.0,1.0,100000.0,1.0,100000.0,-0.0,100000.0,0.0,1.0,-0.0,CustomerId_967,1
4.0,8.0,28500.0,8.0,28500.0,1025.0,3434.375,6854.520634223811,4.0,0.03596491227943983,CustomerId_968,0
4.0,145.0,636100.0,145.0,636100.0,39512.0,4114.4,10334.594199553481,4.0,0.06211601949369263,CustomerId_969,0
11.0,5.0,26000.0,5.0,26000.0,6000.0,4000.0,6745.368781616021,2.0,0.23076923076035502,CustomerId_972,0
36.0,4.0,1900.0,4.0,1900.0,1000.0,225.0,838.1527307120105,2.0,0.5263157891966759,CustomerId_974,1
75.0,1.0,2000.0,1.0,2000.0,-0.0,2000.0,0.0,1.0,-0.0,CustomerId_975,1
9.0,60.0,541510.0,60.0,541510.0,14736.0,8779.566666666668,12810.431109016981,4.0,0.027212793854172197,CustomerId_977,0
76.0,2.0,40000.0,2.0,40000.0,-0.0,20000.0,0.0,1.0,-0.0,CustomerId_978,1
11.0,17.0,101000.0,17.0,101000.0,21000.0,4705.882352941177,6302.427170169769,2.0,0.2079207920771493,CustomerId_979,0
32.0,6.0,31000.0,6.0,31000.0,11000.0,3333.3333333333335,7814.516406449389,2.0,0.3548387096659729,CustomerId_982,0
5.0,4.0,2000.0,4.0,2000.0,1050.0,237.5,962.0940702446928,2.0,0.5249999997375,CustomerId_986,0
68.0,4.0,20000.0,4.0,20000.0,8000.0,3000.0,11460.075625114056,2.0,0.39999999998,CustomerId_987,1
5.0,38.0,251000.0,38.0,251000.0,22272.8,6019.136842105264,17169.241609853503,5.0,0.08873625497972615,CustomerId_988,0
11.0,1.0,10000.0,1.0,10000.0,-0.0,10000.0,0.0,1.0,-0.0,CustomerId_989,0
15.0,9.0,10000.0,9.0,10000.0,1350.0,961.1111111111111,1356.8754958031745,2.0,0.1349999999865,CustomerId_990,0
13.0,1.0,2000.0,1.0,2000.0,-0.0,2000.0,0.0,1.0,-0.0,CustomerId_991,0
4.0,6.0,26000.0,6.0,26000.0,6000.0,3333.3333333333335,6088.2400303098,2.0,0.23076923076035502,CustomerId_992,0
25.0,5.0,26000.0,5.0,26000.0,6000.0,4000.0,6745.368781616021,2.0,0.23076923076035502,CustomerId_993,0
0.0,101.0,578000.0,101.0,578000.0,34127.0,5384.881188118812,14800.656784269493,3.0,0.05904325259505356,CustomerId_994,0
67.0,17.0,145000.0,17.0,145000.0,6000.0,8176.470588235294,4433.329647647001,2.0,0.04137931034454221,CustomerId_996,1
0.0,22.0,131500.0,22.0,131500.0,31500.0,4545.454545454545,6775.145563203599,2.0,0.2395437262339198,CustomerId_998,0
